<?xml version="1.0" encoding="utf-8"?>
<resources xmlns:tools="http://schemas.android.com/tools" tools:ignore="MissingDefaultResource">
  <dimen name="base_dpi">430dp</dimen>
  <dimen name="qb_px_0">0.00dp</dimen>
  <dimen name="qb_px_1">0.60dp</dimen>
  <dimen name="qb_px_2">1.19dp</dimen>
  <dimen name="qb_px_3">1.79dp</dimen>
  <dimen name="qb_px_4">2.39dp</dimen>
  <dimen name="qb_px_5">2.99dp</dimen>
  <dimen name="qb_px_6">3.58dp</dimen>
  <dimen name="qb_px_7">4.18dp</dimen>
  <dimen name="qb_px_8">4.78dp</dimen>
  <dimen name="qb_px_9">5.38dp</dimen>
  <dimen name="qb_px_10">5.97dp</dimen>
  <dimen name="qb_px_11">6.57dp</dimen>
  <dimen name="qb_px_12">7.17dp</dimen>
  <dimen name="qb_px_13">7.76dp</dimen>
  <dimen name="qb_px_14">8.36dp</dimen>
  <dimen name="qb_px_15">8.96dp</dimen>
  <dimen name="qb_px_16">9.56dp</dimen>
  <dimen name="qb_px_17">10.15dp</dimen>
  <dimen name="qb_px_18">10.75dp</dimen>
  <dimen name="qb_px_19">11.35dp</dimen>
  <dimen name="qb_px_20">11.94dp</dimen>
  <dimen name="qb_px_21">12.54dp</dimen>
  <dimen name="qb_px_22">13.14dp</dimen>
  <dimen name="qb_px_23">13.74dp</dimen>
  <dimen name="qb_px_24">14.33dp</dimen>
  <dimen name="qb_px_25">14.93dp</dimen>
  <dimen name="qb_px_26">15.53dp</dimen>
  <dimen name="qb_px_27">16.13dp</dimen>
  <dimen name="qb_px_28">16.72dp</dimen>
  <dimen name="qb_px_29">17.32dp</dimen>
  <dimen name="qb_px_30">17.92dp</dimen>
  <dimen name="qb_px_31">18.51dp</dimen>
  <dimen name="qb_px_32">19.11dp</dimen>
  <dimen name="qb_px_33">19.71dp</dimen>
  <dimen name="qb_px_34">20.31dp</dimen>
  <dimen name="qb_px_35">20.90dp</dimen>
  <dimen name="qb_px_36">21.50dp</dimen>
  <dimen name="qb_px_37">22.10dp</dimen>
  <dimen name="qb_px_38">22.69dp</dimen>
  <dimen name="qb_px_39">23.29dp</dimen>
  <dimen name="qb_px_40">23.89dp</dimen>
  <dimen name="qb_px_41">24.49dp</dimen>
  <dimen name="qb_px_42">25.08dp</dimen>
  <dimen name="qb_px_43">25.68dp</dimen>
  <dimen name="qb_px_44">26.28dp</dimen>
  <dimen name="qb_px_45">26.88dp</dimen>
  <dimen name="qb_px_46">27.47dp</dimen>
  <dimen name="qb_px_47">28.07dp</dimen>
  <dimen name="qb_px_48">28.67dp</dimen>
  <dimen name="qb_px_49">29.26dp</dimen>
  <dimen name="qb_px_50">29.86dp</dimen>
  <dimen name="qb_px_51">30.46dp</dimen>
  <dimen name="qb_px_52">31.06dp</dimen>
  <dimen name="qb_px_53">31.65dp</dimen>
  <dimen name="qb_px_54">32.25dp</dimen>
  <dimen name="qb_px_55">32.85dp</dimen>
  <dimen name="qb_px_56">33.44dp</dimen>
  <dimen name="qb_px_57">34.04dp</dimen>
  <dimen name="qb_px_58">34.64dp</dimen>
  <dimen name="qb_px_59">35.24dp</dimen>
  <dimen name="qb_px_60">35.83dp</dimen>
  <dimen name="qb_px_61">36.43dp</dimen>
  <dimen name="qb_px_62">37.03dp</dimen>
  <dimen name="qb_px_63">37.63dp</dimen>
  <dimen name="qb_px_64">38.22dp</dimen>
  <dimen name="qb_px_65">38.82dp</dimen>
  <dimen name="qb_px_66">39.42dp</dimen>
  <dimen name="qb_px_67">40.01dp</dimen>
  <dimen name="qb_px_68">40.61dp</dimen>
  <dimen name="qb_px_69">41.21dp</dimen>
  <dimen name="qb_px_70">41.81dp</dimen>
  <dimen name="qb_px_71">42.40dp</dimen>
  <dimen name="qb_px_72">43.00dp</dimen>
  <dimen name="qb_px_73">43.60dp</dimen>
  <dimen name="qb_px_74">44.19dp</dimen>
  <dimen name="qb_px_75">44.79dp</dimen>
  <dimen name="qb_px_76">45.39dp</dimen>
  <dimen name="qb_px_77">45.99dp</dimen>
  <dimen name="qb_px_78">46.58dp</dimen>
  <dimen name="qb_px_79">47.18dp</dimen>
  <dimen name="qb_px_80">47.78dp</dimen>
  <dimen name="qb_px_81">48.38dp</dimen>
  <dimen name="qb_px_82">48.97dp</dimen>
  <dimen name="qb_px_83">49.57dp</dimen>
  <dimen name="qb_px_84">50.17dp</dimen>
  <dimen name="qb_px_85">50.76dp</dimen>
  <dimen name="qb_px_86">51.36dp</dimen>
  <dimen name="qb_px_87">51.96dp</dimen>
  <dimen name="qb_px_88">52.56dp</dimen>
  <dimen name="qb_px_89">53.15dp</dimen>
  <dimen name="qb_px_90">53.75dp</dimen>
  <dimen name="qb_px_91">54.35dp</dimen>
  <dimen name="qb_px_92">54.94dp</dimen>
  <dimen name="qb_px_93">55.54dp</dimen>
  <dimen name="qb_px_94">56.14dp</dimen>
  <dimen name="qb_px_95">56.74dp</dimen>
  <dimen name="qb_px_96">57.33dp</dimen>
  <dimen name="qb_px_97">57.93dp</dimen>
  <dimen name="qb_px_98">58.53dp</dimen>
  <dimen name="qb_px_99">59.13dp</dimen>
  <dimen name="qb_px_100">59.72dp</dimen>
  <dimen name="qb_px_101">60.32dp</dimen>
  <dimen name="qb_px_102">60.92dp</dimen>
  <dimen name="qb_px_103">61.51dp</dimen>
  <dimen name="qb_px_104">62.11dp</dimen>
  <dimen name="qb_px_105">62.71dp</dimen>
  <dimen name="qb_px_106">63.31dp</dimen>
  <dimen name="qb_px_107">63.90dp</dimen>
  <dimen name="qb_px_108">64.50dp</dimen>
  <dimen name="qb_px_109">65.10dp</dimen>
  <dimen name="qb_px_110">65.69dp</dimen>
  <dimen name="qb_px_111">66.29dp</dimen>
  <dimen name="qb_px_112">66.89dp</dimen>
  <dimen name="qb_px_113">67.49dp</dimen>
  <dimen name="qb_px_114">68.08dp</dimen>
  <dimen name="qb_px_115">68.68dp</dimen>
  <dimen name="qb_px_116">69.28dp</dimen>
  <dimen name="qb_px_117">69.88dp</dimen>
  <dimen name="qb_px_118">70.47dp</dimen>
  <dimen name="qb_px_119">71.07dp</dimen>
  <dimen name="qb_px_120">71.67dp</dimen>
  <dimen name="qb_px_121">72.26dp</dimen>
  <dimen name="qb_px_122">72.86dp</dimen>
  <dimen name="qb_px_123">73.46dp</dimen>
  <dimen name="qb_px_124">74.06dp</dimen>
  <dimen name="qb_px_125">74.65dp</dimen>
  <dimen name="qb_px_126">75.25dp</dimen>
  <dimen name="qb_px_127">75.85dp</dimen>
  <dimen name="qb_px_128">76.44dp</dimen>
  <dimen name="qb_px_129">77.04dp</dimen>
  <dimen name="qb_px_130">77.64dp</dimen>
  <dimen name="qb_px_131">78.24dp</dimen>
  <dimen name="qb_px_132">78.83dp</dimen>
  <dimen name="qb_px_133">79.43dp</dimen>
  <dimen name="qb_px_134">80.03dp</dimen>
  <dimen name="qb_px_135">80.63dp</dimen>
  <dimen name="qb_px_136">81.22dp</dimen>
  <dimen name="qb_px_137">81.82dp</dimen>
  <dimen name="qb_px_138">82.42dp</dimen>
  <dimen name="qb_px_139">83.01dp</dimen>
  <dimen name="qb_px_140">83.61dp</dimen>
  <dimen name="qb_px_141">84.21dp</dimen>
  <dimen name="qb_px_142">84.81dp</dimen>
  <dimen name="qb_px_143">85.40dp</dimen>
  <dimen name="qb_px_144">86.00dp</dimen>
  <dimen name="qb_px_145">86.60dp</dimen>
  <dimen name="qb_px_146">87.19dp</dimen>
  <dimen name="qb_px_147">87.79dp</dimen>
  <dimen name="qb_px_148">88.39dp</dimen>
  <dimen name="qb_px_149">88.99dp</dimen>
  <dimen name="qb_px_150">89.58dp</dimen>
  <dimen name="qb_px_151">90.18dp</dimen>
  <dimen name="qb_px_152">90.78dp</dimen>
  <dimen name="qb_px_153">91.38dp</dimen>
  <dimen name="qb_px_154">91.97dp</dimen>
  <dimen name="qb_px_155">92.57dp</dimen>
  <dimen name="qb_px_156">93.17dp</dimen>
  <dimen name="qb_px_157">93.76dp</dimen>
  <dimen name="qb_px_158">94.36dp</dimen>
  <dimen name="qb_px_159">94.96dp</dimen>
  <dimen name="qb_px_160">95.56dp</dimen>
  <dimen name="qb_px_161">96.15dp</dimen>
  <dimen name="qb_px_162">96.75dp</dimen>
  <dimen name="qb_px_163">97.35dp</dimen>
  <dimen name="qb_px_164">97.94dp</dimen>
  <dimen name="qb_px_165">98.54dp</dimen>
  <dimen name="qb_px_166">99.14dp</dimen>
  <dimen name="qb_px_167">99.74dp</dimen>
  <dimen name="qb_px_168">100.33dp</dimen>
  <dimen name="qb_px_169">100.93dp</dimen>
  <dimen name="qb_px_170">101.53dp</dimen>
  <dimen name="qb_px_171">102.13dp</dimen>
  <dimen name="qb_px_172">102.72dp</dimen>
  <dimen name="qb_px_173">103.32dp</dimen>
  <dimen name="qb_px_174">103.92dp</dimen>
  <dimen name="qb_px_175">104.51dp</dimen>
  <dimen name="qb_px_176">105.11dp</dimen>
  <dimen name="qb_px_177">105.71dp</dimen>
  <dimen name="qb_px_178">106.31dp</dimen>
  <dimen name="qb_px_179">106.90dp</dimen>
  <dimen name="qb_px_180">107.50dp</dimen>
  <dimen name="qb_px_181">108.10dp</dimen>
  <dimen name="qb_px_182">108.69dp</dimen>
  <dimen name="qb_px_183">109.29dp</dimen>
  <dimen name="qb_px_184">109.89dp</dimen>
  <dimen name="qb_px_185">110.49dp</dimen>
  <dimen name="qb_px_186">111.08dp</dimen>
  <dimen name="qb_px_187">111.68dp</dimen>
  <dimen name="qb_px_188">112.28dp</dimen>
  <dimen name="qb_px_189">112.87dp</dimen>
  <dimen name="qb_px_190">113.47dp</dimen>
  <dimen name="qb_px_191">114.07dp</dimen>
  <dimen name="qb_px_192">114.67dp</dimen>
  <dimen name="qb_px_193">115.26dp</dimen>
  <dimen name="qb_px_194">115.86dp</dimen>
  <dimen name="qb_px_195">116.46dp</dimen>
  <dimen name="qb_px_196">117.06dp</dimen>
  <dimen name="qb_px_197">117.65dp</dimen>
  <dimen name="qb_px_198">118.25dp</dimen>
  <dimen name="qb_px_199">118.85dp</dimen>
  <dimen name="qb_px_200">119.44dp</dimen>
  <dimen name="qb_px_201">120.04dp</dimen>
  <dimen name="qb_px_202">120.64dp</dimen>
  <dimen name="qb_px_203">121.24dp</dimen>
  <dimen name="qb_px_204">121.83dp</dimen>
  <dimen name="qb_px_205">122.43dp</dimen>
  <dimen name="qb_px_206">123.03dp</dimen>
  <dimen name="qb_px_207">123.63dp</dimen>
  <dimen name="qb_px_208">124.22dp</dimen>
  <dimen name="qb_px_209">124.82dp</dimen>
  <dimen name="qb_px_210">125.42dp</dimen>
  <dimen name="qb_px_211">126.01dp</dimen>
  <dimen name="qb_px_212">126.61dp</dimen>
  <dimen name="qb_px_213">127.21dp</dimen>
  <dimen name="qb_px_214">127.81dp</dimen>
  <dimen name="qb_px_215">128.40dp</dimen>
  <dimen name="qb_px_216">129.00dp</dimen>
  <dimen name="qb_px_217">129.60dp</dimen>
  <dimen name="qb_px_218">130.19dp</dimen>
  <dimen name="qb_px_219">130.79dp</dimen>
  <dimen name="qb_px_220">131.39dp</dimen>
  <dimen name="qb_px_221">131.99dp</dimen>
  <dimen name="qb_px_222">132.58dp</dimen>
  <dimen name="qb_px_223">133.18dp</dimen>
  <dimen name="qb_px_224">133.78dp</dimen>
  <dimen name="qb_px_225">134.38dp</dimen>
  <dimen name="qb_px_226">134.97dp</dimen>
  <dimen name="qb_px_227">135.57dp</dimen>
  <dimen name="qb_px_228">136.17dp</dimen>
  <dimen name="qb_px_229">136.76dp</dimen>
  <dimen name="qb_px_230">137.36dp</dimen>
  <dimen name="qb_px_231">137.96dp</dimen>
  <dimen name="qb_px_232">138.56dp</dimen>
  <dimen name="qb_px_233">139.15dp</dimen>
  <dimen name="qb_px_234">139.75dp</dimen>
  <dimen name="qb_px_235">140.35dp</dimen>
  <dimen name="qb_px_236">140.94dp</dimen>
  <dimen name="qb_px_237">141.54dp</dimen>
  <dimen name="qb_px_238">142.14dp</dimen>
  <dimen name="qb_px_239">142.74dp</dimen>
  <dimen name="qb_px_240">143.33dp</dimen>
  <dimen name="qb_px_241">143.93dp</dimen>
  <dimen name="qb_px_242">144.53dp</dimen>
  <dimen name="qb_px_243">145.13dp</dimen>
  <dimen name="qb_px_244">145.72dp</dimen>
  <dimen name="qb_px_245">146.32dp</dimen>
  <dimen name="qb_px_246">146.92dp</dimen>
  <dimen name="qb_px_247">147.51dp</dimen>
  <dimen name="qb_px_248">148.11dp</dimen>
  <dimen name="qb_px_249">148.71dp</dimen>
  <dimen name="qb_px_250">149.31dp</dimen>
  <dimen name="qb_px_251">149.90dp</dimen>
  <dimen name="qb_px_252">150.50dp</dimen>
  <dimen name="qb_px_253">151.10dp</dimen>
  <dimen name="qb_px_254">151.69dp</dimen>
  <dimen name="qb_px_255">152.29dp</dimen>
  <dimen name="qb_px_256">152.89dp</dimen>
  <dimen name="qb_px_257">153.49dp</dimen>
  <dimen name="qb_px_258">154.08dp</dimen>
  <dimen name="qb_px_259">154.68dp</dimen>
  <dimen name="qb_px_260">155.28dp</dimen>
  <dimen name="qb_px_261">155.88dp</dimen>
  <dimen name="qb_px_262">156.47dp</dimen>
  <dimen name="qb_px_263">157.07dp</dimen>
  <dimen name="qb_px_264">157.67dp</dimen>
  <dimen name="qb_px_265">158.26dp</dimen>
  <dimen name="qb_px_266">158.86dp</dimen>
  <dimen name="qb_px_267">159.46dp</dimen>
  <dimen name="qb_px_268">160.06dp</dimen>
  <dimen name="qb_px_269">160.65dp</dimen>
  <dimen name="qb_px_270">161.25dp</dimen>
  <dimen name="qb_px_271">161.85dp</dimen>
  <dimen name="qb_px_272">162.44dp</dimen>
  <dimen name="qb_px_273">163.04dp</dimen>
  <dimen name="qb_px_274">163.64dp</dimen>
  <dimen name="qb_px_275">164.24dp</dimen>
  <dimen name="qb_px_276">164.83dp</dimen>
  <dimen name="qb_px_277">165.43dp</dimen>
  <dimen name="qb_px_278">166.03dp</dimen>
  <dimen name="qb_px_279">166.63dp</dimen>
  <dimen name="qb_px_280">167.22dp</dimen>
  <dimen name="qb_px_281">167.82dp</dimen>
  <dimen name="qb_px_282">168.42dp</dimen>
  <dimen name="qb_px_283">169.01dp</dimen>
  <dimen name="qb_px_284">169.61dp</dimen>
  <dimen name="qb_px_285">170.21dp</dimen>
  <dimen name="qb_px_286">170.81dp</dimen>
  <dimen name="qb_px_287">171.40dp</dimen>
  <dimen name="qb_px_288">172.00dp</dimen>
  <dimen name="qb_px_289">172.60dp</dimen>
  <dimen name="qb_px_290">173.19dp</dimen>
  <dimen name="qb_px_291">173.79dp</dimen>
  <dimen name="qb_px_292">174.39dp</dimen>
  <dimen name="qb_px_293">174.99dp</dimen>
  <dimen name="qb_px_294">175.58dp</dimen>
  <dimen name="qb_px_295">176.18dp</dimen>
  <dimen name="qb_px_296">176.78dp</dimen>
  <dimen name="qb_px_297">177.38dp</dimen>
  <dimen name="qb_px_298">177.97dp</dimen>
  <dimen name="qb_px_299">178.57dp</dimen>
  <dimen name="qb_px_300">179.17dp</dimen>
  <dimen name="qb_px_301">179.76dp</dimen>
  <dimen name="qb_px_302">180.36dp</dimen>
  <dimen name="qb_px_303">180.96dp</dimen>
  <dimen name="qb_px_304">181.56dp</dimen>
  <dimen name="qb_px_305">182.15dp</dimen>
  <dimen name="qb_px_306">182.75dp</dimen>
  <dimen name="qb_px_307">183.35dp</dimen>
  <dimen name="qb_px_308">183.94dp</dimen>
  <dimen name="qb_px_309">184.54dp</dimen>
  <dimen name="qb_px_310">185.14dp</dimen>
  <dimen name="qb_px_311">185.74dp</dimen>
  <dimen name="qb_px_312">186.33dp</dimen>
  <dimen name="qb_px_313">186.93dp</dimen>
  <dimen name="qb_px_314">187.53dp</dimen>
  <dimen name="qb_px_315">188.13dp</dimen>
  <dimen name="qb_px_316">188.72dp</dimen>
  <dimen name="qb_px_317">189.32dp</dimen>
  <dimen name="qb_px_318">189.92dp</dimen>
  <dimen name="qb_px_319">190.51dp</dimen>
  <dimen name="qb_px_320">191.11dp</dimen>
  <dimen name="qb_px_321">191.71dp</dimen>
  <dimen name="qb_px_322">192.31dp</dimen>
  <dimen name="qb_px_323">192.90dp</dimen>
  <dimen name="qb_px_324">193.50dp</dimen>
  <dimen name="qb_px_325">194.10dp</dimen>
  <dimen name="qb_px_326">194.69dp</dimen>
  <dimen name="qb_px_327">195.29dp</dimen>
  <dimen name="qb_px_328">195.89dp</dimen>
  <dimen name="qb_px_329">196.49dp</dimen>
  <dimen name="qb_px_330">197.08dp</dimen>
  <dimen name="qb_px_331">197.68dp</dimen>
  <dimen name="qb_px_332">198.28dp</dimen>
  <dimen name="qb_px_333">198.88dp</dimen>
  <dimen name="qb_px_334">199.47dp</dimen>
  <dimen name="qb_px_335">200.07dp</dimen>
  <dimen name="qb_px_336">200.67dp</dimen>
  <dimen name="qb_px_337">201.26dp</dimen>
  <dimen name="qb_px_338">201.86dp</dimen>
  <dimen name="qb_px_339">202.46dp</dimen>
  <dimen name="qb_px_340">203.06dp</dimen>
  <dimen name="qb_px_341">203.65dp</dimen>
  <dimen name="qb_px_342">204.25dp</dimen>
  <dimen name="qb_px_343">204.85dp</dimen>
  <dimen name="qb_px_344">205.44dp</dimen>
  <dimen name="qb_px_345">206.04dp</dimen>
  <dimen name="qb_px_346">206.64dp</dimen>
  <dimen name="qb_px_347">207.24dp</dimen>
  <dimen name="qb_px_348">207.83dp</dimen>
  <dimen name="qb_px_349">208.43dp</dimen>
  <dimen name="qb_px_350">209.03dp</dimen>
  <dimen name="qb_px_351">209.63dp</dimen>
  <dimen name="qb_px_352">210.22dp</dimen>
  <dimen name="qb_px_353">210.82dp</dimen>
  <dimen name="qb_px_354">211.42dp</dimen>
  <dimen name="qb_px_355">212.01dp</dimen>
  <dimen name="qb_px_356">212.61dp</dimen>
  <dimen name="qb_px_357">213.21dp</dimen>
  <dimen name="qb_px_358">213.81dp</dimen>
  <dimen name="qb_px_359">214.40dp</dimen>
  <dimen name="qb_px_360">215.00dp</dimen>
  <dimen name="qb_px_361">215.60dp</dimen>
  <dimen name="qb_px_362">216.19dp</dimen>
  <dimen name="qb_px_363">216.79dp</dimen>
  <dimen name="qb_px_364">217.39dp</dimen>
  <dimen name="qb_px_365">217.99dp</dimen>
  <dimen name="qb_px_366">218.58dp</dimen>
  <dimen name="qb_px_367">219.18dp</dimen>
  <dimen name="qb_px_368">219.78dp</dimen>
  <dimen name="qb_px_369">220.38dp</dimen>
  <dimen name="qb_px_370">220.97dp</dimen>
  <dimen name="qb_px_371">221.57dp</dimen>
  <dimen name="qb_px_372">222.17dp</dimen>
  <dimen name="qb_px_373">222.76dp</dimen>
  <dimen name="qb_px_374">223.36dp</dimen>
  <dimen name="qb_px_375">223.96dp</dimen>
  <dimen name="qb_px_376">224.56dp</dimen>
  <dimen name="qb_px_377">225.15dp</dimen>
  <dimen name="qb_px_378">225.75dp</dimen>
  <dimen name="qb_px_379">226.35dp</dimen>
  <dimen name="qb_px_380">226.94dp</dimen>
  <dimen name="qb_px_381">227.54dp</dimen>
  <dimen name="qb_px_382">228.14dp</dimen>
  <dimen name="qb_px_383">228.74dp</dimen>
  <dimen name="qb_px_384">229.33dp</dimen>
  <dimen name="qb_px_385">229.93dp</dimen>
  <dimen name="qb_px_386">230.53dp</dimen>
  <dimen name="qb_px_387">231.13dp</dimen>
  <dimen name="qb_px_388">231.72dp</dimen>
  <dimen name="qb_px_389">232.32dp</dimen>
  <dimen name="qb_px_390">232.92dp</dimen>
  <dimen name="qb_px_391">233.51dp</dimen>
  <dimen name="qb_px_392">234.11dp</dimen>
  <dimen name="qb_px_393">234.71dp</dimen>
  <dimen name="qb_px_394">235.31dp</dimen>
  <dimen name="qb_px_395">235.90dp</dimen>
  <dimen name="qb_px_396">236.50dp</dimen>
  <dimen name="qb_px_397">237.10dp</dimen>
  <dimen name="qb_px_398">237.69dp</dimen>
  <dimen name="qb_px_399">238.29dp</dimen>
  <dimen name="qb_px_400">238.89dp</dimen>
  <dimen name="qb_px_401">239.49dp</dimen>
  <dimen name="qb_px_402">240.08dp</dimen>
  <dimen name="qb_px_403">240.68dp</dimen>
  <dimen name="qb_px_404">241.28dp</dimen>
  <dimen name="qb_px_405">241.88dp</dimen>
  <dimen name="qb_px_406">242.47dp</dimen>
  <dimen name="qb_px_407">243.07dp</dimen>
  <dimen name="qb_px_408">243.67dp</dimen>
  <dimen name="qb_px_409">244.26dp</dimen>
  <dimen name="qb_px_410">244.86dp</dimen>
  <dimen name="qb_px_411">245.46dp</dimen>
  <dimen name="qb_px_412">246.06dp</dimen>
  <dimen name="qb_px_413">246.65dp</dimen>
  <dimen name="qb_px_414">247.25dp</dimen>
  <dimen name="qb_px_415">247.85dp</dimen>
  <dimen name="qb_px_416">248.44dp</dimen>
  <dimen name="qb_px_417">249.04dp</dimen>
  <dimen name="qb_px_418">249.64dp</dimen>
  <dimen name="qb_px_419">250.24dp</dimen>
  <dimen name="qb_px_420">250.83dp</dimen>
  <dimen name="qb_px_421">251.43dp</dimen>
  <dimen name="qb_px_422">252.03dp</dimen>
  <dimen name="qb_px_423">252.62dp</dimen>
  <dimen name="qb_px_424">253.22dp</dimen>
  <dimen name="qb_px_425">253.82dp</dimen>
  <dimen name="qb_px_426">254.42dp</dimen>
  <dimen name="qb_px_427">255.01dp</dimen>
  <dimen name="qb_px_428">255.61dp</dimen>
  <dimen name="qb_px_429">256.21dp</dimen>
  <dimen name="qb_px_430">256.81dp</dimen>
  <dimen name="qb_px_431">257.40dp</dimen>
  <dimen name="qb_px_432">258.00dp</dimen>
  <dimen name="qb_px_433">258.60dp</dimen>
  <dimen name="qb_px_434">259.19dp</dimen>
  <dimen name="qb_px_435">259.79dp</dimen>
  <dimen name="qb_px_436">260.39dp</dimen>
  <dimen name="qb_px_437">260.99dp</dimen>
  <dimen name="qb_px_438">261.58dp</dimen>
  <dimen name="qb_px_439">262.18dp</dimen>
  <dimen name="qb_px_440">262.78dp</dimen>
  <dimen name="qb_px_441">263.38dp</dimen>
  <dimen name="qb_px_442">263.97dp</dimen>
  <dimen name="qb_px_443">264.57dp</dimen>
  <dimen name="qb_px_444">265.17dp</dimen>
  <dimen name="qb_px_445">265.76dp</dimen>
  <dimen name="qb_px_446">266.36dp</dimen>
  <dimen name="qb_px_447">266.96dp</dimen>
  <dimen name="qb_px_448">267.56dp</dimen>
  <dimen name="qb_px_449">268.15dp</dimen>
  <dimen name="qb_px_450">268.75dp</dimen>
  <dimen name="qb_px_451">269.35dp</dimen>
  <dimen name="qb_px_452">269.94dp</dimen>
  <dimen name="qb_px_453">270.54dp</dimen>
  <dimen name="qb_px_454">271.14dp</dimen>
  <dimen name="qb_px_455">271.74dp</dimen>
  <dimen name="qb_px_456">272.33dp</dimen>
  <dimen name="qb_px_457">272.93dp</dimen>
  <dimen name="qb_px_458">273.53dp</dimen>
  <dimen name="qb_px_459">274.13dp</dimen>
  <dimen name="qb_px_460">274.72dp</dimen>
  <dimen name="qb_px_461">275.32dp</dimen>
  <dimen name="qb_px_462">275.92dp</dimen>
  <dimen name="qb_px_463">276.51dp</dimen>
  <dimen name="qb_px_464">277.11dp</dimen>
  <dimen name="qb_px_465">277.71dp</dimen>
  <dimen name="qb_px_466">278.31dp</dimen>
  <dimen name="qb_px_467">278.90dp</dimen>
  <dimen name="qb_px_468">279.50dp</dimen>
  <dimen name="qb_px_469">280.10dp</dimen>
  <dimen name="qb_px_470">280.69dp</dimen>
  <dimen name="qb_px_471">281.29dp</dimen>
  <dimen name="qb_px_472">281.89dp</dimen>
  <dimen name="qb_px_473">282.49dp</dimen>
  <dimen name="qb_px_474">283.08dp</dimen>
  <dimen name="qb_px_475">283.68dp</dimen>
  <dimen name="qb_px_476">284.28dp</dimen>
  <dimen name="qb_px_477">284.88dp</dimen>
  <dimen name="qb_px_478">285.47dp</dimen>
  <dimen name="qb_px_479">286.07dp</dimen>
  <dimen name="qb_px_480">286.67dp</dimen>
  <dimen name="qb_px_481">287.26dp</dimen>
  <dimen name="qb_px_482">287.86dp</dimen>
  <dimen name="qb_px_483">288.46dp</dimen>
  <dimen name="qb_px_484">289.06dp</dimen>
  <dimen name="qb_px_485">289.65dp</dimen>
  <dimen name="qb_px_486">290.25dp</dimen>
  <dimen name="qb_px_487">290.85dp</dimen>
  <dimen name="qb_px_488">291.44dp</dimen>
  <dimen name="qb_px_489">292.04dp</dimen>
  <dimen name="qb_px_490">292.64dp</dimen>
  <dimen name="qb_px_491">293.24dp</dimen>
  <dimen name="qb_px_492">293.83dp</dimen>
  <dimen name="qb_px_493">294.43dp</dimen>
  <dimen name="qb_px_494">295.03dp</dimen>
  <dimen name="qb_px_495">295.63dp</dimen>
  <dimen name="qb_px_496">296.22dp</dimen>
  <dimen name="qb_px_497">296.82dp</dimen>
  <dimen name="qb_px_498">297.42dp</dimen>
  <dimen name="qb_px_499">298.01dp</dimen>
  <dimen name="qb_px_500">298.61dp</dimen>
  <dimen name="qb_px_501">299.21dp</dimen>
  <dimen name="qb_px_502">299.81dp</dimen>
  <dimen name="qb_px_503">300.40dp</dimen>
  <dimen name="qb_px_504">301.00dp</dimen>
  <dimen name="qb_px_505">301.60dp</dimen>
  <dimen name="qb_px_506">302.19dp</dimen>
  <dimen name="qb_px_507">302.79dp</dimen>
  <dimen name="qb_px_508">303.39dp</dimen>
  <dimen name="qb_px_509">303.99dp</dimen>
  <dimen name="qb_px_510">304.58dp</dimen>
  <dimen name="qb_px_511">305.18dp</dimen>
  <dimen name="qb_px_512">305.78dp</dimen>
  <dimen name="qb_px_513">306.38dp</dimen>
  <dimen name="qb_px_514">306.97dp</dimen>
  <dimen name="qb_px_515">307.57dp</dimen>
  <dimen name="qb_px_516">308.17dp</dimen>
  <dimen name="qb_px_517">308.76dp</dimen>
  <dimen name="qb_px_518">309.36dp</dimen>
  <dimen name="qb_px_519">309.96dp</dimen>
  <dimen name="qb_px_520">310.56dp</dimen>
  <dimen name="qb_px_521">311.15dp</dimen>
  <dimen name="qb_px_522">311.75dp</dimen>
  <dimen name="qb_px_523">312.35dp</dimen>
  <dimen name="qb_px_524">312.94dp</dimen>
  <dimen name="qb_px_525">313.54dp</dimen>
  <dimen name="qb_px_526">314.14dp</dimen>
  <dimen name="qb_px_527">314.74dp</dimen>
  <dimen name="qb_px_528">315.33dp</dimen>
  <dimen name="qb_px_529">315.93dp</dimen>
  <dimen name="qb_px_530">316.53dp</dimen>
  <dimen name="qb_px_531">317.13dp</dimen>
  <dimen name="qb_px_532">317.72dp</dimen>
  <dimen name="qb_px_533">318.32dp</dimen>
  <dimen name="qb_px_534">318.92dp</dimen>
  <dimen name="qb_px_535">319.51dp</dimen>
  <dimen name="qb_px_536">320.11dp</dimen>
  <dimen name="qb_px_537">320.71dp</dimen>
  <dimen name="qb_px_538">321.31dp</dimen>
  <dimen name="qb_px_539">321.90dp</dimen>
  <dimen name="qb_px_540">322.50dp</dimen>
  <dimen name="qb_px_541">323.10dp</dimen>
  <dimen name="qb_px_542">323.69dp</dimen>
  <dimen name="qb_px_543">324.29dp</dimen>
  <dimen name="qb_px_544">324.89dp</dimen>
  <dimen name="qb_px_545">325.49dp</dimen>
  <dimen name="qb_px_546">326.08dp</dimen>
  <dimen name="qb_px_547">326.68dp</dimen>
  <dimen name="qb_px_548">327.28dp</dimen>
  <dimen name="qb_px_549">327.88dp</dimen>
  <dimen name="qb_px_550">328.47dp</dimen>
  <dimen name="qb_px_551">329.07dp</dimen>
  <dimen name="qb_px_552">329.67dp</dimen>
  <dimen name="qb_px_553">330.26dp</dimen>
  <dimen name="qb_px_554">330.86dp</dimen>
  <dimen name="qb_px_555">331.46dp</dimen>
  <dimen name="qb_px_556">332.06dp</dimen>
  <dimen name="qb_px_557">332.65dp</dimen>
  <dimen name="qb_px_558">333.25dp</dimen>
  <dimen name="qb_px_559">333.85dp</dimen>
  <dimen name="qb_px_560">334.44dp</dimen>
  <dimen name="qb_px_561">335.04dp</dimen>
  <dimen name="qb_px_562">335.64dp</dimen>
  <dimen name="qb_px_563">336.24dp</dimen>
  <dimen name="qb_px_564">336.83dp</dimen>
  <dimen name="qb_px_565">337.43dp</dimen>
  <dimen name="qb_px_566">338.03dp</dimen>
  <dimen name="qb_px_567">338.63dp</dimen>
  <dimen name="qb_px_568">339.22dp</dimen>
  <dimen name="qb_px_569">339.82dp</dimen>
  <dimen name="qb_px_570">340.42dp</dimen>
  <dimen name="qb_px_571">341.01dp</dimen>
  <dimen name="qb_px_572">341.61dp</dimen>
  <dimen name="qb_px_573">342.21dp</dimen>
  <dimen name="qb_px_574">342.81dp</dimen>
  <dimen name="qb_px_575">343.40dp</dimen>
  <dimen name="qb_px_576">344.00dp</dimen>
  <dimen name="qb_px_577">344.60dp</dimen>
  <dimen name="qb_px_578">345.19dp</dimen>
  <dimen name="qb_px_579">345.79dp</dimen>
  <dimen name="qb_px_580">346.39dp</dimen>
  <dimen name="qb_px_581">346.99dp</dimen>
  <dimen name="qb_px_582">347.58dp</dimen>
  <dimen name="qb_px_583">348.18dp</dimen>
  <dimen name="qb_px_584">348.78dp</dimen>
  <dimen name="qb_px_585">349.38dp</dimen>
  <dimen name="qb_px_586">349.97dp</dimen>
  <dimen name="qb_px_587">350.57dp</dimen>
  <dimen name="qb_px_588">351.17dp</dimen>
  <dimen name="qb_px_589">351.76dp</dimen>
  <dimen name="qb_px_590">352.36dp</dimen>
  <dimen name="qb_px_591">352.96dp</dimen>
  <dimen name="qb_px_592">353.56dp</dimen>
  <dimen name="qb_px_593">354.15dp</dimen>
  <dimen name="qb_px_594">354.75dp</dimen>
  <dimen name="qb_px_595">355.35dp</dimen>
  <dimen name="qb_px_596">355.94dp</dimen>
  <dimen name="qb_px_597">356.54dp</dimen>
  <dimen name="qb_px_598">357.14dp</dimen>
  <dimen name="qb_px_599">357.74dp</dimen>
  <dimen name="qb_px_600">358.33dp</dimen>
  <dimen name="qb_px_1200">716.66dp</dimen>
  <dimen name="qb_px_601">358.93dp</dimen>
  <dimen name="qb_px_602">359.53dp</dimen>
  <dimen name="qb_px_603">360.13dp</dimen>
  <dimen name="qb_px_604">360.72dp</dimen>
  <dimen name="qb_px_605">361.32dp</dimen>
  <dimen name="qb_px_606">361.92dp</dimen>
  <dimen name="qb_px_607">362.51dp</dimen>
  <dimen name="qb_px_608">363.11dp</dimen>
  <dimen name="qb_px_609">363.71dp</dimen>
  <dimen name="qb_px_610">364.31dp</dimen>
  <dimen name="qb_px_611">364.90dp</dimen>
  <dimen name="qb_px_612">365.50dp</dimen>
  <dimen name="qb_px_613">366.10dp</dimen>
  <dimen name="qb_px_614">366.69dp</dimen>
  <dimen name="qb_px_615">367.29dp</dimen>
  <dimen name="qb_px_616">367.89dp</dimen>
  <dimen name="qb_px_617">368.49dp</dimen>
  <dimen name="qb_px_618">369.08dp</dimen>
  <dimen name="qb_px_619">369.68dp</dimen>
  <dimen name="qb_px_620">370.28dp</dimen>
  <dimen name="qb_px_621">370.88dp</dimen>
  <dimen name="qb_px_622">371.47dp</dimen>
  <dimen name="qb_px_623">372.07dp</dimen>
  <dimen name="qb_px_624">372.67dp</dimen>
  <dimen name="qb_px_625">373.26dp</dimen>
  <dimen name="qb_px_626">373.86dp</dimen>
  <dimen name="qb_px_627">374.46dp</dimen>
  <dimen name="qb_px_628">375.06dp</dimen>
  <dimen name="qb_px_629">375.65dp</dimen>
  <dimen name="qb_px_630">376.25dp</dimen>
  <dimen name="qb_px_631">376.85dp</dimen>
  <dimen name="qb_px_632">377.44dp</dimen>
  <dimen name="qb_px_633">378.04dp</dimen>
  <dimen name="qb_px_634">378.64dp</dimen>
  <dimen name="qb_px_635">379.24dp</dimen>
  <dimen name="qb_px_636">379.83dp</dimen>
  <dimen name="qb_px_637">380.43dp</dimen>
  <dimen name="qb_px_638">381.03dp</dimen>
  <dimen name="qb_px_639">381.63dp</dimen>
  <dimen name="qb_px_640">382.22dp</dimen>
  <dimen name="qb_px_641">382.82dp</dimen>
  <dimen name="qb_px_642">383.42dp</dimen>
  <dimen name="qb_px_643">384.01dp</dimen>
  <dimen name="qb_px_644">384.61dp</dimen>
  <dimen name="qb_px_645">385.21dp</dimen>
  <dimen name="qb_px_646">385.81dp</dimen>
  <dimen name="qb_px_647">386.40dp</dimen>
  <dimen name="qb_px_648">387.00dp</dimen>
  <dimen name="qb_px_649">387.60dp</dimen>
  <dimen name="qb_px_650">388.19dp</dimen>
  <dimen name="qb_px_651">388.79dp</dimen>
  <dimen name="qb_px_652">389.39dp</dimen>
  <dimen name="qb_px_653">389.99dp</dimen>
  <dimen name="qb_px_654">390.58dp</dimen>
  <dimen name="qb_px_655">391.18dp</dimen>
  <dimen name="qb_px_656">391.78dp</dimen>
  <dimen name="qb_px_657">392.38dp</dimen>
  <dimen name="qb_px_658">392.97dp</dimen>
  <dimen name="qb_px_659">393.57dp</dimen>
  <dimen name="qb_px_660">394.17dp</dimen>
  <dimen name="qb_px_661">394.76dp</dimen>
  <dimen name="qb_px_662">395.36dp</dimen>
  <dimen name="qb_px_663">395.96dp</dimen>
  <dimen name="qb_px_664">396.56dp</dimen>
  <dimen name="qb_px_665">397.15dp</dimen>
  <dimen name="qb_px_666">397.75dp</dimen>
  <dimen name="qb_px_667">398.35dp</dimen>
  <dimen name="qb_px_668">398.94dp</dimen>
  <dimen name="qb_px_669">399.54dp</dimen>
  <dimen name="qb_px_670">400.14dp</dimen>
  <dimen name="qb_px_671">400.74dp</dimen>
  <dimen name="qb_px_672">401.33dp</dimen>
  <dimen name="qb_px_673">401.93dp</dimen>
  <dimen name="qb_px_674">402.53dp</dimen>
  <dimen name="qb_px_675">403.13dp</dimen>
  <dimen name="qb_px_676">403.72dp</dimen>
  <dimen name="qb_px_677">404.32dp</dimen>
  <dimen name="qb_px_678">404.92dp</dimen>
  <dimen name="qb_px_679">405.51dp</dimen>
  <dimen name="qb_px_680">406.11dp</dimen>
  <dimen name="qb_px_681">406.71dp</dimen>
  <dimen name="qb_px_682">407.31dp</dimen>
  <dimen name="qb_px_683">407.90dp</dimen>
  <dimen name="qb_px_684">408.50dp</dimen>
  <dimen name="qb_px_685">409.10dp</dimen>
  <dimen name="qb_px_686">409.69dp</dimen>
  <dimen name="qb_px_687">410.29dp</dimen>
  <dimen name="qb_px_688">410.89dp</dimen>
  <dimen name="qb_px_689">411.49dp</dimen>
  <dimen name="qb_px_690">412.08dp</dimen>
  <dimen name="qb_px_691">412.68dp</dimen>
  <dimen name="qb_px_692">413.28dp</dimen>
  <dimen name="qb_px_693">413.88dp</dimen>
  <dimen name="qb_px_694">414.47dp</dimen>
  <dimen name="qb_px_695">415.07dp</dimen>
  <dimen name="qb_px_696">415.67dp</dimen>
  <dimen name="qb_px_697">416.26dp</dimen>
  <dimen name="qb_px_698">416.86dp</dimen>
  <dimen name="qb_px_699">417.46dp</dimen>
  <dimen name="qb_px_700">418.06dp</dimen>
  <dimen name="qb_px_701">418.65dp</dimen>
  <dimen name="qb_px_702">419.25dp</dimen>
  <dimen name="qb_px_703">419.85dp</dimen>
  <dimen name="qb_px_704">420.44dp</dimen>
  <dimen name="qb_px_705">421.04dp</dimen>
  <dimen name="qb_px_706">421.64dp</dimen>
  <dimen name="qb_px_707">422.24dp</dimen>
  <dimen name="qb_px_708">422.83dp</dimen>
  <dimen name="qb_px_709">423.43dp</dimen>
  <dimen name="qb_px_710">424.03dp</dimen>
  <dimen name="qb_px_711">424.63dp</dimen>
  <dimen name="qb_px_712">425.22dp</dimen>
  <dimen name="qb_px_713">425.82dp</dimen>
  <dimen name="qb_px_714">426.42dp</dimen>
  <dimen name="qb_px_715">427.01dp</dimen>
  <dimen name="qb_px_716">427.61dp</dimen>
  <dimen name="qb_px_717">428.21dp</dimen>
  <dimen name="qb_px_718">428.81dp</dimen>
  <dimen name="qb_px_719">429.40dp</dimen>
  <dimen name="qb_px_720">430.00dp</dimen>
  <dimen name="qb_px_1440">860.00dp</dimen>
  <dimen name="qb_px_721">430.60dp</dimen>
  <dimen name="qb_px_722">431.19dp</dimen>
  <dimen name="qb_px_723">431.79dp</dimen>
  <dimen name="qb_px_724">432.39dp</dimen>
  <dimen name="qb_px_725">432.99dp</dimen>
  <dimen name="qb_px_726">433.58dp</dimen>
  <dimen name="qb_px_727">434.18dp</dimen>
  <dimen name="qb_px_728">434.78dp</dimen>
  <dimen name="qb_px_729">435.38dp</dimen>
  <dimen name="qb_px_730">435.97dp</dimen>
  <dimen name="qb_px_731">436.57dp</dimen>
  <dimen name="qb_px_732">437.17dp</dimen>
  <dimen name="qb_px_733">437.76dp</dimen>
  <dimen name="qb_px_734">438.36dp</dimen>
  <dimen name="qb_px_735">438.96dp</dimen>
  <dimen name="qb_px_736">439.56dp</dimen>
  <dimen name="qb_px_737">440.15dp</dimen>
  <dimen name="qb_px_738">440.75dp</dimen>
  <dimen name="qb_px_739">441.35dp</dimen>
  <dimen name="qb_px_740">441.94dp</dimen>
  <dimen name="qb_px_741">442.54dp</dimen>
  <dimen name="qb_px_742">443.14dp</dimen>
  <dimen name="qb_px_743">443.74dp</dimen>
  <dimen name="qb_px_744">444.33dp</dimen>
  <dimen name="qb_px_745">444.93dp</dimen>
  <dimen name="qb_px_746">445.53dp</dimen>
  <dimen name="qb_px_747">446.13dp</dimen>
  <dimen name="qb_px_748">446.72dp</dimen>
  <dimen name="qb_px_749">447.32dp</dimen>
  <dimen name="qb_px_750">447.92dp</dimen>
  <dimen name="qb_px_751">448.51dp</dimen>
  <dimen name="qb_px_752">449.11dp</dimen>
  <dimen name="qb_px_753">449.71dp</dimen>
  <dimen name="qb_px_754">450.31dp</dimen>
  <dimen name="qb_px_755">450.90dp</dimen>
  <dimen name="qb_px_756">451.50dp</dimen>
  <dimen name="qb_px_757">452.10dp</dimen>
  <dimen name="qb_px_758">452.69dp</dimen>
  <dimen name="qb_px_759">453.29dp</dimen>
  <dimen name="qb_px_760">453.89dp</dimen>
  <dimen name="qb_px_761">454.49dp</dimen>
  <dimen name="qb_px_762">455.08dp</dimen>
  <dimen name="qb_px_763">455.68dp</dimen>
  <dimen name="qb_px_764">456.28dp</dimen>
  <dimen name="qb_px_765">456.88dp</dimen>
  <dimen name="qb_px_766">457.47dp</dimen>
  <dimen name="qb_px_767">458.07dp</dimen>
  <dimen name="qb_px_768">458.67dp</dimen>
  <dimen name="qb_px_769">459.26dp</dimen>
  <dimen name="qb_px_770">459.86dp</dimen>
  <dimen name="qb_px_771">460.46dp</dimen>
  <dimen name="qb_px_772">461.06dp</dimen>
  <dimen name="qb_px_773">461.65dp</dimen>
  <dimen name="qb_px_774">462.25dp</dimen>
  <dimen name="qb_px_775">462.85dp</dimen>
  <dimen name="qb_px_776">463.44dp</dimen>
  <dimen name="qb_px_777">464.04dp</dimen>
  <dimen name="qb_px_778">464.64dp</dimen>
  <dimen name="qb_px_779">465.24dp</dimen>
  <dimen name="qb_px_780">465.83dp</dimen>
  <dimen name="qb_px_781">466.43dp</dimen>
  <dimen name="qb_px_782">467.03dp</dimen>
  <dimen name="qb_px_783">467.63dp</dimen>
  <dimen name="qb_px_784">468.22dp</dimen>
  <dimen name="qb_px_785">468.82dp</dimen>
  <dimen name="qb_px_786">469.42dp</dimen>
  <dimen name="qb_px_787">470.01dp</dimen>
  <dimen name="qb_px_788">470.61dp</dimen>
  <dimen name="qb_px_789">471.21dp</dimen>
  <dimen name="qb_px_790">471.81dp</dimen>
  <dimen name="qb_px_791">472.40dp</dimen>
  <dimen name="qb_px_792">473.00dp</dimen>
  <dimen name="qb_px_793">473.60dp</dimen>
  <dimen name="qb_px_794">474.19dp</dimen>
  <dimen name="qb_px_795">474.79dp</dimen>
  <dimen name="qb_px_796">475.39dp</dimen>
  <dimen name="qb_px_797">475.99dp</dimen>
  <dimen name="qb_px_798">476.58dp</dimen>
  <dimen name="qb_px_799">477.18dp</dimen>
  <dimen name="qb_px_800">477.78dp</dimen>
  <dimen name="qb_px_1600">955.56dp</dimen>
  <dimen name="qb_px_2400">1433.34dp</dimen>
  <dimen name="qb_px_3200">1911.12dp</dimen>
  <dimen name="qb_px_801">478.37dp</dimen>
  <dimen name="qb_px_802">478.97dp</dimen>
  <dimen name="qb_px_803">479.57dp</dimen>
  <dimen name="qb_px_804">480.17dp</dimen>
  <dimen name="qb_px_805">480.76dp</dimen>
  <dimen name="qb_px_806">481.36dp</dimen>
  <dimen name="qb_px_807">481.96dp</dimen>
  <dimen name="qb_px_808">482.56dp</dimen>
  <dimen name="qb_px_809">483.15dp</dimen>
  <dimen name="qb_px_810">483.75dp</dimen>
  <dimen name="qb_px_811">484.35dp</dimen>
  <dimen name="qb_px_812">484.94dp</dimen>
  <dimen name="qb_px_813">485.54dp</dimen>
  <dimen name="qb_px_814">486.14dp</dimen>
  <dimen name="qb_px_815">486.74dp</dimen>
  <dimen name="qb_px_816">487.33dp</dimen>
  <dimen name="qb_px_817">487.93dp</dimen>
  <dimen name="qb_px_818">488.53dp</dimen>
  <dimen name="qb_px_819">489.13dp</dimen>
  <dimen name="qb_px_820">489.72dp</dimen>
  <dimen name="qb_px_821">490.32dp</dimen>
  <dimen name="qb_px_822">490.92dp</dimen>
  <dimen name="qb_px_823">491.51dp</dimen>
  <dimen name="qb_px_824">492.11dp</dimen>
  <dimen name="qb_px_825">492.71dp</dimen>
  <dimen name="qb_px_826">493.31dp</dimen>
  <dimen name="qb_px_827">493.90dp</dimen>
  <dimen name="qb_px_828">494.50dp</dimen>
  <dimen name="qb_px_829">495.10dp</dimen>
  <dimen name="qb_px_830">495.69dp</dimen>
  <dimen name="qb_px_831">496.29dp</dimen>
  <dimen name="qb_px_832">496.89dp</dimen>
  <dimen name="qb_px_833">497.49dp</dimen>
  <dimen name="qb_px_834">498.08dp</dimen>
  <dimen name="qb_px_835">498.68dp</dimen>
  <dimen name="qb_px_836">499.28dp</dimen>
  <dimen name="qb_px_837">499.88dp</dimen>
  <dimen name="qb_px_838">500.47dp</dimen>
  <dimen name="qb_px_839">501.07dp</dimen>
  <dimen name="qb_px_840">501.67dp</dimen>
  <dimen name="qb_px_841">502.26dp</dimen>
  <dimen name="qb_px_842">502.86dp</dimen>
  <dimen name="qb_px_843">503.46dp</dimen>
  <dimen name="qb_px_844">504.06dp</dimen>
  <dimen name="qb_px_845">504.65dp</dimen>
  <dimen name="qb_px_846">505.25dp</dimen>
  <dimen name="qb_px_847">505.85dp</dimen>
  <dimen name="qb_px_848">506.44dp</dimen>
  <dimen name="qb_px_849">507.04dp</dimen>
  <dimen name="qb_px_850">507.64dp</dimen>
  <dimen name="qb_px_851">508.24dp</dimen>
  <dimen name="qb_px_852">508.83dp</dimen>
  <dimen name="qb_px_853">509.43dp</dimen>
  <dimen name="qb_px_854">510.03dp</dimen>
  <dimen name="qb_px_855">510.63dp</dimen>
  <dimen name="qb_px_856">511.22dp</dimen>
  <dimen name="qb_px_857">511.82dp</dimen>
  <dimen name="qb_px_858">512.42dp</dimen>
  <dimen name="qb_px_859">513.01dp</dimen>
  <dimen name="qb_px_860">513.61dp</dimen>
  <dimen name="qb_px_861">514.21dp</dimen>
  <dimen name="qb_px_862">514.81dp</dimen>
  <dimen name="qb_px_863">515.40dp</dimen>
  <dimen name="qb_px_864">516.00dp</dimen>
  <dimen name="qb_px_865">516.60dp</dimen>
  <dimen name="qb_px_866">517.19dp</dimen>
  <dimen name="qb_px_867">517.79dp</dimen>
  <dimen name="qb_px_868">518.39dp</dimen>
  <dimen name="qb_px_869">518.99dp</dimen>
  <dimen name="qb_px_870">519.58dp</dimen>
  <dimen name="qb_px_871">520.18dp</dimen>
  <dimen name="qb_px_872">520.78dp</dimen>
  <dimen name="qb_px_873">521.38dp</dimen>
  <dimen name="qb_px_874">521.97dp</dimen>
  <dimen name="qb_px_875">522.57dp</dimen>
  <dimen name="qb_px_876">523.17dp</dimen>
  <dimen name="qb_px_877">523.76dp</dimen>
  <dimen name="qb_px_878">524.36dp</dimen>
  <dimen name="qb_px_879">524.96dp</dimen>
  <dimen name="qb_px_880">525.56dp</dimen>
  <dimen name="qb_px_881">526.15dp</dimen>
  <dimen name="qb_px_882">526.75dp</dimen>
  <dimen name="qb_px_883">527.35dp</dimen>
  <dimen name="qb_px_884">527.94dp</dimen>
  <dimen name="qb_px_885">528.54dp</dimen>
  <dimen name="qb_px_886">529.14dp</dimen>
  <dimen name="qb_px_887">529.74dp</dimen>
  <dimen name="qb_px_888">530.33dp</dimen>
  <dimen name="qb_px_889">530.93dp</dimen>
  <dimen name="qb_px_890">531.53dp</dimen>
  <dimen name="qb_px_891">532.13dp</dimen>
  <dimen name="qb_px_892">532.72dp</dimen>
  <dimen name="qb_px_893">533.32dp</dimen>
  <dimen name="qb_px_894">533.92dp</dimen>
  <dimen name="qb_px_895">534.51dp</dimen>
  <dimen name="qb_px_896">535.11dp</dimen>
  <dimen name="qb_px_897">535.71dp</dimen>
  <dimen name="qb_px_898">536.31dp</dimen>
  <dimen name="qb_px_899">536.90dp</dimen>
  <dimen name="qb_px_900">537.50dp</dimen>
  <dimen name="qb_px_901">538.10dp</dimen>
  <dimen name="qb_px_902">538.69dp</dimen>
  <dimen name="qb_px_903">539.29dp</dimen>
  <dimen name="qb_px_904">539.89dp</dimen>
  <dimen name="qb_px_905">540.49dp</dimen>
  <dimen name="qb_px_906">541.08dp</dimen>
  <dimen name="qb_px_907">541.68dp</dimen>
  <dimen name="qb_px_908">542.28dp</dimen>
  <dimen name="qb_px_909">542.88dp</dimen>
  <dimen name="qb_px_910">543.47dp</dimen>
  <dimen name="qb_px_911">544.07dp</dimen>
  <dimen name="qb_px_912">544.67dp</dimen>
  <dimen name="qb_px_913">545.26dp</dimen>
  <dimen name="qb_px_914">545.86dp</dimen>
  <dimen name="qb_px_915">546.46dp</dimen>
  <dimen name="qb_px_916">547.06dp</dimen>
  <dimen name="qb_px_917">547.65dp</dimen>
  <dimen name="qb_px_918">548.25dp</dimen>
  <dimen name="qb_px_919">548.85dp</dimen>
  <dimen name="qb_px_920">549.44dp</dimen>
  <dimen name="qb_px_921">550.04dp</dimen>
  <dimen name="qb_px_922">550.64dp</dimen>
  <dimen name="qb_px_923">551.24dp</dimen>
  <dimen name="qb_px_924">551.83dp</dimen>
  <dimen name="qb_px_925">552.43dp</dimen>
  <dimen name="qb_px_926">553.03dp</dimen>
  <dimen name="qb_px_927">553.63dp</dimen>
  <dimen name="qb_px_928">554.22dp</dimen>
  <dimen name="qb_px_929">554.82dp</dimen>
  <dimen name="qb_px_930">555.42dp</dimen>
  <dimen name="qb_px_931">556.01dp</dimen>
  <dimen name="qb_px_932">556.61dp</dimen>
  <dimen name="qb_px_933">557.21dp</dimen>
  <dimen name="qb_px_934">557.81dp</dimen>
  <dimen name="qb_px_935">558.40dp</dimen>
  <dimen name="qb_px_936">559.00dp</dimen>
  <dimen name="qb_px_937">559.60dp</dimen>
  <dimen name="qb_px_938">560.19dp</dimen>
  <dimen name="qb_px_939">560.79dp</dimen>
  <dimen name="qb_px_940">561.39dp</dimen>
  <dimen name="qb_px_941">561.99dp</dimen>
  <dimen name="qb_px_942">562.58dp</dimen>
  <dimen name="qb_px_943">563.18dp</dimen>
  <dimen name="qb_px_944">563.78dp</dimen>
  <dimen name="qb_px_945">564.38dp</dimen>
  <dimen name="qb_px_946">564.97dp</dimen>
  <dimen name="qb_px_947">565.57dp</dimen>
  <dimen name="qb_px_948">566.17dp</dimen>
  <dimen name="qb_px_949">566.76dp</dimen>
  <dimen name="qb_px_950">567.36dp</dimen>
  <dimen name="qb_px_951">567.96dp</dimen>
  <dimen name="qb_px_952">568.56dp</dimen>
  <dimen name="qb_px_953">569.15dp</dimen>
  <dimen name="qb_px_954">569.75dp</dimen>
  <dimen name="qb_px_955">570.35dp</dimen>
  <dimen name="qb_px_956">570.94dp</dimen>
  <dimen name="qb_px_957">571.54dp</dimen>
  <dimen name="qb_px_958">572.14dp</dimen>
  <dimen name="qb_px_959">572.74dp</dimen>
  <dimen name="qb_px_960">573.33dp</dimen>
  <dimen name="qb_px_961">573.93dp</dimen>
  <dimen name="qb_px_962">574.53dp</dimen>
  <dimen name="qb_px_963">575.13dp</dimen>
  <dimen name="qb_px_964">575.72dp</dimen>
  <dimen name="qb_px_965">576.32dp</dimen>
  <dimen name="qb_px_966">576.92dp</dimen>
  <dimen name="qb_px_967">577.51dp</dimen>
  <dimen name="qb_px_968">578.11dp</dimen>
  <dimen name="qb_px_969">578.71dp</dimen>
  <dimen name="qb_px_970">579.31dp</dimen>
  <dimen name="qb_px_971">579.90dp</dimen>
  <dimen name="qb_px_972">580.50dp</dimen>
  <dimen name="qb_px_973">581.10dp</dimen>
  <dimen name="qb_px_974">581.69dp</dimen>
  <dimen name="qb_px_975">582.29dp</dimen>
  <dimen name="qb_px_976">582.89dp</dimen>
  <dimen name="qb_px_977">583.49dp</dimen>
  <dimen name="qb_px_978">584.08dp</dimen>
  <dimen name="qb_px_979">584.68dp</dimen>
  <dimen name="qb_px_980">585.28dp</dimen>
  <dimen name="qb_px_981">585.88dp</dimen>
  <dimen name="qb_px_982">586.47dp</dimen>
  <dimen name="qb_px_983">587.07dp</dimen>
  <dimen name="qb_px_984">587.67dp</dimen>
  <dimen name="qb_px_985">588.26dp</dimen>
  <dimen name="qb_px_986">588.86dp</dimen>
  <dimen name="qb_px_987">589.46dp</dimen>
  <dimen name="qb_px_988">590.06dp</dimen>
  <dimen name="qb_px_989">590.65dp</dimen>
  <dimen name="qb_px_990">591.25dp</dimen>
  <dimen name="qb_px_991">591.85dp</dimen>
  <dimen name="qb_px_992">592.44dp</dimen>
  <dimen name="qb_px_993">593.04dp</dimen>
  <dimen name="qb_px_994">593.64dp</dimen>
  <dimen name="qb_px_995">594.24dp</dimen>
  <dimen name="qb_px_996">594.83dp</dimen>
  <dimen name="qb_px_997">595.43dp</dimen>
  <dimen name="qb_px_998">596.03dp</dimen>
  <dimen name="qb_px_999">596.63dp</dimen>
  <dimen name="qb_px_1000">597.22dp</dimen>
  <dimen name="qb_px_1001">597.82dp</dimen>
  <dimen name="qb_px_1002">598.42dp</dimen>
  <dimen name="qb_px_1003">599.01dp</dimen>
  <dimen name="qb_px_1004">599.61dp</dimen>
  <dimen name="qb_px_1005">600.21dp</dimen>
  <dimen name="qb_px_1006">600.81dp</dimen>
  <dimen name="qb_px_1007">601.40dp</dimen>
  <dimen name="qb_px_1008">602.00dp</dimen>
  <dimen name="qb_px_1009">602.60dp</dimen>
  <dimen name="qb_px_1010">603.19dp</dimen>
  <dimen name="qb_px_1011">603.79dp</dimen>
  <dimen name="qb_px_1012">604.39dp</dimen>
  <dimen name="qb_px_1013">604.99dp</dimen>
  <dimen name="qb_px_1014">605.58dp</dimen>
  <dimen name="qb_px_1015">606.18dp</dimen>
  <dimen name="qb_px_1016">606.78dp</dimen>
  <dimen name="qb_px_1017">607.38dp</dimen>
  <dimen name="qb_px_1018">607.97dp</dimen>
  <dimen name="qb_px_1019">608.57dp</dimen>
  <dimen name="qb_px_1020">609.17dp</dimen>
  <dimen name="qb_px_1021">609.76dp</dimen>
  <dimen name="qb_px_1022">610.36dp</dimen>
  <dimen name="qb_px_1023">610.96dp</dimen>
  <dimen name="qb_px_1024">611.56dp</dimen>
  <dimen name="qb_px_1025">612.15dp</dimen>
  <dimen name="qb_px_1026">612.75dp</dimen>
  <dimen name="qb_px_1027">613.35dp</dimen>
  <dimen name="qb_px_1028">613.94dp</dimen>
  <dimen name="qb_px_1029">614.54dp</dimen>
  <dimen name="qb_px_1030">615.14dp</dimen>
  <dimen name="qb_px_1031">615.74dp</dimen>
  <dimen name="qb_px_1032">616.33dp</dimen>
  <dimen name="qb_px_1033">616.93dp</dimen>
  <dimen name="qb_px_1034">617.53dp</dimen>
  <dimen name="qb_px_1035">618.13dp</dimen>
  <dimen name="qb_px_1036">618.72dp</dimen>
  <dimen name="qb_px_1037">619.32dp</dimen>
  <dimen name="qb_px_1038">619.92dp</dimen>
  <dimen name="qb_px_1039">620.51dp</dimen>
  <dimen name="qb_px_1040">621.11dp</dimen>
  <dimen name="qb_px_1041">621.71dp</dimen>
  <dimen name="qb_px_1042">622.31dp</dimen>
  <dimen name="qb_px_1043">622.90dp</dimen>
  <dimen name="qb_px_1044">623.50dp</dimen>
  <dimen name="qb_px_1045">624.10dp</dimen>
  <dimen name="qb_px_1046">624.69dp</dimen>
  <dimen name="qb_px_1047">625.29dp</dimen>
  <dimen name="qb_px_1048">625.89dp</dimen>
  <dimen name="qb_px_1049">626.49dp</dimen>
  <dimen name="qb_px_1050">627.08dp</dimen>
  <dimen name="qb_px_1051">627.68dp</dimen>
  <dimen name="qb_px_1052">628.28dp</dimen>
  <dimen name="qb_px_1053">628.88dp</dimen>
  <dimen name="qb_px_1054">629.47dp</dimen>
  <dimen name="qb_px_1055">630.07dp</dimen>
  <dimen name="qb_px_1056">630.67dp</dimen>
  <dimen name="qb_px_1057">631.26dp</dimen>
  <dimen name="qb_px_1058">631.86dp</dimen>
  <dimen name="qb_px_1059">632.46dp</dimen>
  <dimen name="qb_px_1060">633.06dp</dimen>
  <dimen name="qb_px_1061">633.65dp</dimen>
  <dimen name="qb_px_1062">634.25dp</dimen>
  <dimen name="qb_px_1063">634.85dp</dimen>
  <dimen name="qb_px_1064">635.44dp</dimen>
  <dimen name="qb_px_1065">636.04dp</dimen>
  <dimen name="qb_px_1066">636.64dp</dimen>
  <dimen name="qb_px_1067">637.24dp</dimen>
  <dimen name="qb_px_1068">637.83dp</dimen>
  <dimen name="qb_px_1069">638.43dp</dimen>
  <dimen name="qb_px_1070">639.03dp</dimen>
  <dimen name="qb_px_1071">639.63dp</dimen>
  <dimen name="qb_px_1072">640.22dp</dimen>
  <dimen name="qb_px_1073">640.82dp</dimen>
  <dimen name="qb_px_1074">641.42dp</dimen>
  <dimen name="qb_px_1075">642.01dp</dimen>
  <dimen name="qb_px_1076">642.61dp</dimen>
  <dimen name="qb_px_1077">643.21dp</dimen>
  <dimen name="qb_px_1078">643.81dp</dimen>
  <dimen name="qb_px_1079">644.40dp</dimen>
  <dimen name="qb_px_1080">645.00dp</dimen>
  <dimen name="sb_px_0">0.00sp</dimen>
  <dimen name="sb_px_1">0.60sp</dimen>
  <dimen name="sb_px_2">1.19sp</dimen>
  <dimen name="sb_px_3">1.79sp</dimen>
  <dimen name="sb_px_4">2.39sp</dimen>
  <dimen name="sb_px_5">2.99sp</dimen>
  <dimen name="sb_px_6">3.58sp</dimen>
  <dimen name="sb_px_7">4.18sp</dimen>
  <dimen name="sb_px_8">4.78sp</dimen>
  <dimen name="sb_px_9">5.38sp</dimen>
  <dimen name="sb_px_10">5.97sp</dimen>
  <dimen name="sb_px_11">6.57sp</dimen>
  <dimen name="sb_px_12">7.17sp</dimen>
  <dimen name="sb_px_13">7.76sp</dimen>
  <dimen name="sb_px_14">8.36sp</dimen>
  <dimen name="sb_px_15">8.96sp</dimen>
  <dimen name="sb_px_16">9.56sp</dimen>
  <dimen name="sb_px_17">10.15sp</dimen>
  <dimen name="sb_px_18">10.75sp</dimen>
  <dimen name="sb_px_19">11.35sp</dimen>
  <dimen name="sb_px_20">11.94sp</dimen>
  <dimen name="sb_px_21">12.54sp</dimen>
  <dimen name="sb_px_22">13.14sp</dimen>
  <dimen name="sb_px_23">13.74sp</dimen>
  <dimen name="sb_px_24">14.33sp</dimen>
  <dimen name="sb_px_25">14.93sp</dimen>
  <dimen name="sb_px_26">15.53sp</dimen>
  <dimen name="sb_px_27">16.13sp</dimen>
  <dimen name="sb_px_28">16.72sp</dimen>
  <dimen name="sb_px_29">17.32sp</dimen>
  <dimen name="sb_px_30">17.92sp</dimen>
  <dimen name="sb_px_31">18.51sp</dimen>
  <dimen name="sb_px_32">19.11sp</dimen>
  <dimen name="sb_px_33">19.71sp</dimen>
  <dimen name="sb_px_34">20.31sp</dimen>
  <dimen name="sb_px_35">20.90sp</dimen>
  <dimen name="sb_px_36">21.50sp</dimen>
  <dimen name="sb_px_37">22.10sp</dimen>
  <dimen name="sb_px_38">22.69sp</dimen>
  <dimen name="sb_px_39">23.29sp</dimen>
  <dimen name="sb_px_40">23.89sp</dimen>
  <dimen name="sb_px_41">24.49sp</dimen>
  <dimen name="sb_px_42">25.08sp</dimen>
  <dimen name="sb_px_43">25.68sp</dimen>
  <dimen name="sb_px_44">26.28sp</dimen>
  <dimen name="sb_px_45">26.88sp</dimen>
  <dimen name="sb_px_46">27.47sp</dimen>
  <dimen name="sb_px_47">28.07sp</dimen>
  <dimen name="sb_px_48">28.67sp</dimen>
  <dimen name="sb_px_49">29.26sp</dimen>
  <dimen name="sb_px_50">29.86sp</dimen>
  <dimen name="sb_px_51">30.46sp</dimen>
  <dimen name="sb_px_52">31.06sp</dimen>
  <dimen name="sb_px_53">31.65sp</dimen>
  <dimen name="sb_px_54">32.25sp</dimen>
  <dimen name="sb_px_55">32.85sp</dimen>
  <dimen name="sb_px_56">33.44sp</dimen>
  <dimen name="sb_px_57">34.04sp</dimen>
  <dimen name="sb_px_58">34.64sp</dimen>
  <dimen name="sb_px_59">35.24sp</dimen>
  <dimen name="sb_px_60">35.83sp</dimen>
  <dimen name="sb_px_61">36.43sp</dimen>
  <dimen name="sb_px_62">37.03sp</dimen>
  <dimen name="sb_px_63">37.63sp</dimen>
  <dimen name="sb_px_64">38.22sp</dimen>
  <dimen name="sb_px_65">38.82sp</dimen>
  <dimen name="sb_px_66">39.42sp</dimen>
  <dimen name="sb_px_67">40.01sp</dimen>
  <dimen name="sb_px_68">40.61sp</dimen>
  <dimen name="sb_px_69">41.21sp</dimen>
  <dimen name="sb_px_70">41.81sp</dimen>
  <dimen name="sb_px_71">42.40sp</dimen>
  <dimen name="sb_px_72">43.00sp</dimen>
  <dimen name="sb_px_73">43.60sp</dimen>
  <dimen name="sb_px_74">44.19sp</dimen>
  <dimen name="sb_px_75">44.79sp</dimen>
  <dimen name="sb_px_76">45.39sp</dimen>
  <dimen name="sb_px_77">45.99sp</dimen>
  <dimen name="sb_px_78">46.58sp</dimen>
  <dimen name="sb_px_79">47.18sp</dimen>
  <dimen name="sb_px_80">47.78sp</dimen>
  <dimen name="sb_px_81">48.38sp</dimen>
  <dimen name="sb_px_82">48.97sp</dimen>
  <dimen name="sb_px_83">49.57sp</dimen>
  <dimen name="sb_px_84">50.17sp</dimen>
  <dimen name="sb_px_85">50.76sp</dimen>
  <dimen name="sb_px_86">51.36sp</dimen>
  <dimen name="sb_px_87">51.96sp</dimen>
  <dimen name="sb_px_88">52.56sp</dimen>
  <dimen name="sb_px_89">53.15sp</dimen>
  <dimen name="sb_px_90">53.75sp</dimen>
  <dimen name="sb_px_91">54.35sp</dimen>
  <dimen name="sb_px_92">54.94sp</dimen>
  <dimen name="sb_px_93">55.54sp</dimen>
  <dimen name="sb_px_94">56.14sp</dimen>
  <dimen name="sb_px_95">56.74sp</dimen>
  <dimen name="sb_px_96">57.33sp</dimen>
  <dimen name="sb_px_97">57.93sp</dimen>
  <dimen name="sb_px_98">58.53sp</dimen>
  <dimen name="sb_px_99">59.13sp</dimen>
  <dimen name="sb_px_100">59.72sp</dimen>
</resources>
