<?xml version="1.0" encoding="utf-8"?>
<resources xmlns:tools="http://schemas.android.com/tools" tools:ignore="MissingDefaultResource">
  <dimen name="base_dpi">630dp</dimen>
  <dimen name="qb_px_0">0.00dp</dimen>
  <dimen name="qb_px_1">0.88dp</dimen>
  <dimen name="qb_px_2">1.75dp</dimen>
  <dimen name="qb_px_3">2.63dp</dimen>
  <dimen name="qb_px_4">3.50dp</dimen>
  <dimen name="qb_px_5">4.38dp</dimen>
  <dimen name="qb_px_6">5.25dp</dimen>
  <dimen name="qb_px_7">6.13dp</dimen>
  <dimen name="qb_px_8">7.00dp</dimen>
  <dimen name="qb_px_9">7.88dp</dimen>
  <dimen name="qb_px_10">8.75dp</dimen>
  <dimen name="qb_px_11">9.63dp</dimen>
  <dimen name="qb_px_12">10.50dp</dimen>
  <dimen name="qb_px_13">11.38dp</dimen>
  <dimen name="qb_px_14">12.25dp</dimen>
  <dimen name="qb_px_15">13.13dp</dimen>
  <dimen name="qb_px_16">14.00dp</dimen>
  <dimen name="qb_px_17">14.88dp</dimen>
  <dimen name="qb_px_18">15.75dp</dimen>
  <dimen name="qb_px_19">16.63dp</dimen>
  <dimen name="qb_px_20">17.50dp</dimen>
  <dimen name="qb_px_21">18.38dp</dimen>
  <dimen name="qb_px_22">19.25dp</dimen>
  <dimen name="qb_px_23">20.13dp</dimen>
  <dimen name="qb_px_24">21.00dp</dimen>
  <dimen name="qb_px_25">21.88dp</dimen>
  <dimen name="qb_px_26">22.75dp</dimen>
  <dimen name="qb_px_27">23.63dp</dimen>
  <dimen name="qb_px_28">24.50dp</dimen>
  <dimen name="qb_px_29">25.38dp</dimen>
  <dimen name="qb_px_30">26.25dp</dimen>
  <dimen name="qb_px_31">27.13dp</dimen>
  <dimen name="qb_px_32">28.00dp</dimen>
  <dimen name="qb_px_33">28.88dp</dimen>
  <dimen name="qb_px_34">29.75dp</dimen>
  <dimen name="qb_px_35">30.63dp</dimen>
  <dimen name="qb_px_36">31.50dp</dimen>
  <dimen name="qb_px_37">32.38dp</dimen>
  <dimen name="qb_px_38">33.25dp</dimen>
  <dimen name="qb_px_39">34.13dp</dimen>
  <dimen name="qb_px_40">35.00dp</dimen>
  <dimen name="qb_px_41">35.88dp</dimen>
  <dimen name="qb_px_42">36.75dp</dimen>
  <dimen name="qb_px_43">37.63dp</dimen>
  <dimen name="qb_px_44">38.50dp</dimen>
  <dimen name="qb_px_45">39.38dp</dimen>
  <dimen name="qb_px_46">40.25dp</dimen>
  <dimen name="qb_px_47">41.13dp</dimen>
  <dimen name="qb_px_48">42.00dp</dimen>
  <dimen name="qb_px_49">42.88dp</dimen>
  <dimen name="qb_px_50">43.75dp</dimen>
  <dimen name="qb_px_51">44.63dp</dimen>
  <dimen name="qb_px_52">45.50dp</dimen>
  <dimen name="qb_px_53">46.38dp</dimen>
  <dimen name="qb_px_54">47.25dp</dimen>
  <dimen name="qb_px_55">48.13dp</dimen>
  <dimen name="qb_px_56">49.00dp</dimen>
  <dimen name="qb_px_57">49.88dp</dimen>
  <dimen name="qb_px_58">50.75dp</dimen>
  <dimen name="qb_px_59">51.63dp</dimen>
  <dimen name="qb_px_60">52.50dp</dimen>
  <dimen name="qb_px_61">53.38dp</dimen>
  <dimen name="qb_px_62">54.25dp</dimen>
  <dimen name="qb_px_63">55.13dp</dimen>
  <dimen name="qb_px_64">56.00dp</dimen>
  <dimen name="qb_px_65">56.88dp</dimen>
  <dimen name="qb_px_66">57.75dp</dimen>
  <dimen name="qb_px_67">58.63dp</dimen>
  <dimen name="qb_px_68">59.50dp</dimen>
  <dimen name="qb_px_69">60.38dp</dimen>
  <dimen name="qb_px_70">61.25dp</dimen>
  <dimen name="qb_px_71">62.13dp</dimen>
  <dimen name="qb_px_72">63.00dp</dimen>
  <dimen name="qb_px_73">63.88dp</dimen>
  <dimen name="qb_px_74">64.75dp</dimen>
  <dimen name="qb_px_75">65.63dp</dimen>
  <dimen name="qb_px_76">66.50dp</dimen>
  <dimen name="qb_px_77">67.38dp</dimen>
  <dimen name="qb_px_78">68.25dp</dimen>
  <dimen name="qb_px_79">69.13dp</dimen>
  <dimen name="qb_px_80">70.00dp</dimen>
  <dimen name="qb_px_81">70.88dp</dimen>
  <dimen name="qb_px_82">71.75dp</dimen>
  <dimen name="qb_px_83">72.63dp</dimen>
  <dimen name="qb_px_84">73.50dp</dimen>
  <dimen name="qb_px_85">74.38dp</dimen>
  <dimen name="qb_px_86">75.25dp</dimen>
  <dimen name="qb_px_87">76.13dp</dimen>
  <dimen name="qb_px_88">77.00dp</dimen>
  <dimen name="qb_px_89">77.88dp</dimen>
  <dimen name="qb_px_90">78.75dp</dimen>
  <dimen name="qb_px_91">79.63dp</dimen>
  <dimen name="qb_px_92">80.50dp</dimen>
  <dimen name="qb_px_93">81.38dp</dimen>
  <dimen name="qb_px_94">82.25dp</dimen>
  <dimen name="qb_px_95">83.13dp</dimen>
  <dimen name="qb_px_96">84.00dp</dimen>
  <dimen name="qb_px_97">84.88dp</dimen>
  <dimen name="qb_px_98">85.75dp</dimen>
  <dimen name="qb_px_99">86.63dp</dimen>
  <dimen name="qb_px_100">87.50dp</dimen>
  <dimen name="qb_px_101">88.38dp</dimen>
  <dimen name="qb_px_102">89.25dp</dimen>
  <dimen name="qb_px_103">90.13dp</dimen>
  <dimen name="qb_px_104">91.00dp</dimen>
  <dimen name="qb_px_105">91.88dp</dimen>
  <dimen name="qb_px_106">92.75dp</dimen>
  <dimen name="qb_px_107">93.63dp</dimen>
  <dimen name="qb_px_108">94.50dp</dimen>
  <dimen name="qb_px_109">95.38dp</dimen>
  <dimen name="qb_px_110">96.25dp</dimen>
  <dimen name="qb_px_111">97.13dp</dimen>
  <dimen name="qb_px_112">98.00dp</dimen>
  <dimen name="qb_px_113">98.88dp</dimen>
  <dimen name="qb_px_114">99.75dp</dimen>
  <dimen name="qb_px_115">100.63dp</dimen>
  <dimen name="qb_px_116">101.50dp</dimen>
  <dimen name="qb_px_117">102.38dp</dimen>
  <dimen name="qb_px_118">103.25dp</dimen>
  <dimen name="qb_px_119">104.13dp</dimen>
  <dimen name="qb_px_120">105.00dp</dimen>
  <dimen name="qb_px_121">105.87dp</dimen>
  <dimen name="qb_px_122">106.75dp</dimen>
  <dimen name="qb_px_123">107.63dp</dimen>
  <dimen name="qb_px_124">108.50dp</dimen>
  <dimen name="qb_px_125">109.37dp</dimen>
  <dimen name="qb_px_126">110.25dp</dimen>
  <dimen name="qb_px_127">111.13dp</dimen>
  <dimen name="qb_px_128">112.00dp</dimen>
  <dimen name="qb_px_129">112.87dp</dimen>
  <dimen name="qb_px_130">113.75dp</dimen>
  <dimen name="qb_px_131">114.63dp</dimen>
  <dimen name="qb_px_132">115.50dp</dimen>
  <dimen name="qb_px_133">116.37dp</dimen>
  <dimen name="qb_px_134">117.25dp</dimen>
  <dimen name="qb_px_135">118.13dp</dimen>
  <dimen name="qb_px_136">119.00dp</dimen>
  <dimen name="qb_px_137">119.88dp</dimen>
  <dimen name="qb_px_138">120.75dp</dimen>
  <dimen name="qb_px_139">121.63dp</dimen>
  <dimen name="qb_px_140">122.50dp</dimen>
  <dimen name="qb_px_141">123.38dp</dimen>
  <dimen name="qb_px_142">124.25dp</dimen>
  <dimen name="qb_px_143">125.13dp</dimen>
  <dimen name="qb_px_144">126.00dp</dimen>
  <dimen name="qb_px_145">126.88dp</dimen>
  <dimen name="qb_px_146">127.75dp</dimen>
  <dimen name="qb_px_147">128.63dp</dimen>
  <dimen name="qb_px_148">129.50dp</dimen>
  <dimen name="qb_px_149">130.38dp</dimen>
  <dimen name="qb_px_150">131.25dp</dimen>
  <dimen name="qb_px_151">132.13dp</dimen>
  <dimen name="qb_px_152">133.00dp</dimen>
  <dimen name="qb_px_153">133.88dp</dimen>
  <dimen name="qb_px_154">134.75dp</dimen>
  <dimen name="qb_px_155">135.63dp</dimen>
  <dimen name="qb_px_156">136.50dp</dimen>
  <dimen name="qb_px_157">137.38dp</dimen>
  <dimen name="qb_px_158">138.25dp</dimen>
  <dimen name="qb_px_159">139.13dp</dimen>
  <dimen name="qb_px_160">140.00dp</dimen>
  <dimen name="qb_px_161">140.88dp</dimen>
  <dimen name="qb_px_162">141.75dp</dimen>
  <dimen name="qb_px_163">142.63dp</dimen>
  <dimen name="qb_px_164">143.50dp</dimen>
  <dimen name="qb_px_165">144.38dp</dimen>
  <dimen name="qb_px_166">145.25dp</dimen>
  <dimen name="qb_px_167">146.13dp</dimen>
  <dimen name="qb_px_168">147.00dp</dimen>
  <dimen name="qb_px_169">147.88dp</dimen>
  <dimen name="qb_px_170">148.75dp</dimen>
  <dimen name="qb_px_171">149.63dp</dimen>
  <dimen name="qb_px_172">150.50dp</dimen>
  <dimen name="qb_px_173">151.38dp</dimen>
  <dimen name="qb_px_174">152.25dp</dimen>
  <dimen name="qb_px_175">153.13dp</dimen>
  <dimen name="qb_px_176">154.00dp</dimen>
  <dimen name="qb_px_177">154.88dp</dimen>
  <dimen name="qb_px_178">155.75dp</dimen>
  <dimen name="qb_px_179">156.63dp</dimen>
  <dimen name="qb_px_180">157.50dp</dimen>
  <dimen name="qb_px_181">158.38dp</dimen>
  <dimen name="qb_px_182">159.25dp</dimen>
  <dimen name="qb_px_183">160.13dp</dimen>
  <dimen name="qb_px_184">161.00dp</dimen>
  <dimen name="qb_px_185">161.88dp</dimen>
  <dimen name="qb_px_186">162.75dp</dimen>
  <dimen name="qb_px_187">163.63dp</dimen>
  <dimen name="qb_px_188">164.50dp</dimen>
  <dimen name="qb_px_189">165.38dp</dimen>
  <dimen name="qb_px_190">166.25dp</dimen>
  <dimen name="qb_px_191">167.13dp</dimen>
  <dimen name="qb_px_192">168.00dp</dimen>
  <dimen name="qb_px_193">168.88dp</dimen>
  <dimen name="qb_px_194">169.75dp</dimen>
  <dimen name="qb_px_195">170.63dp</dimen>
  <dimen name="qb_px_196">171.50dp</dimen>
  <dimen name="qb_px_197">172.37dp</dimen>
  <dimen name="qb_px_198">173.25dp</dimen>
  <dimen name="qb_px_199">174.13dp</dimen>
  <dimen name="qb_px_200">175.00dp</dimen>
  <dimen name="qb_px_201">175.88dp</dimen>
  <dimen name="qb_px_202">176.75dp</dimen>
  <dimen name="qb_px_203">177.63dp</dimen>
  <dimen name="qb_px_204">178.50dp</dimen>
  <dimen name="qb_px_205">179.37dp</dimen>
  <dimen name="qb_px_206">180.25dp</dimen>
  <dimen name="qb_px_207">181.13dp</dimen>
  <dimen name="qb_px_208">182.00dp</dimen>
  <dimen name="qb_px_209">182.88dp</dimen>
  <dimen name="qb_px_210">183.75dp</dimen>
  <dimen name="qb_px_211">184.63dp</dimen>
  <dimen name="qb_px_212">185.50dp</dimen>
  <dimen name="qb_px_213">186.37dp</dimen>
  <dimen name="qb_px_214">187.25dp</dimen>
  <dimen name="qb_px_215">188.13dp</dimen>
  <dimen name="qb_px_216">189.00dp</dimen>
  <dimen name="qb_px_217">189.88dp</dimen>
  <dimen name="qb_px_218">190.75dp</dimen>
  <dimen name="qb_px_219">191.63dp</dimen>
  <dimen name="qb_px_220">192.50dp</dimen>
  <dimen name="qb_px_221">193.37dp</dimen>
  <dimen name="qb_px_222">194.25dp</dimen>
  <dimen name="qb_px_223">195.13dp</dimen>
  <dimen name="qb_px_224">196.00dp</dimen>
  <dimen name="qb_px_225">196.88dp</dimen>
  <dimen name="qb_px_226">197.75dp</dimen>
  <dimen name="qb_px_227">198.63dp</dimen>
  <dimen name="qb_px_228">199.50dp</dimen>
  <dimen name="qb_px_229">200.38dp</dimen>
  <dimen name="qb_px_230">201.25dp</dimen>
  <dimen name="qb_px_231">202.13dp</dimen>
  <dimen name="qb_px_232">203.00dp</dimen>
  <dimen name="qb_px_233">203.88dp</dimen>
  <dimen name="qb_px_234">204.75dp</dimen>
  <dimen name="qb_px_235">205.63dp</dimen>
  <dimen name="qb_px_236">206.50dp</dimen>
  <dimen name="qb_px_237">207.38dp</dimen>
  <dimen name="qb_px_238">208.25dp</dimen>
  <dimen name="qb_px_239">209.13dp</dimen>
  <dimen name="qb_px_240">210.00dp</dimen>
  <dimen name="qb_px_241">210.88dp</dimen>
  <dimen name="qb_px_242">211.75dp</dimen>
  <dimen name="qb_px_243">212.63dp</dimen>
  <dimen name="qb_px_244">213.50dp</dimen>
  <dimen name="qb_px_245">214.38dp</dimen>
  <dimen name="qb_px_246">215.25dp</dimen>
  <dimen name="qb_px_247">216.13dp</dimen>
  <dimen name="qb_px_248">217.00dp</dimen>
  <dimen name="qb_px_249">217.88dp</dimen>
  <dimen name="qb_px_250">218.75dp</dimen>
  <dimen name="qb_px_251">219.63dp</dimen>
  <dimen name="qb_px_252">220.50dp</dimen>
  <dimen name="qb_px_253">221.38dp</dimen>
  <dimen name="qb_px_254">222.25dp</dimen>
  <dimen name="qb_px_255">223.13dp</dimen>
  <dimen name="qb_px_256">224.00dp</dimen>
  <dimen name="qb_px_257">224.88dp</dimen>
  <dimen name="qb_px_258">225.75dp</dimen>
  <dimen name="qb_px_259">226.63dp</dimen>
  <dimen name="qb_px_260">227.50dp</dimen>
  <dimen name="qb_px_261">228.38dp</dimen>
  <dimen name="qb_px_262">229.25dp</dimen>
  <dimen name="qb_px_263">230.13dp</dimen>
  <dimen name="qb_px_264">231.00dp</dimen>
  <dimen name="qb_px_265">231.88dp</dimen>
  <dimen name="qb_px_266">232.75dp</dimen>
  <dimen name="qb_px_267">233.63dp</dimen>
  <dimen name="qb_px_268">234.50dp</dimen>
  <dimen name="qb_px_269">235.38dp</dimen>
  <dimen name="qb_px_270">236.25dp</dimen>
  <dimen name="qb_px_271">237.13dp</dimen>
  <dimen name="qb_px_272">238.00dp</dimen>
  <dimen name="qb_px_273">238.88dp</dimen>
  <dimen name="qb_px_274">239.75dp</dimen>
  <dimen name="qb_px_275">240.63dp</dimen>
  <dimen name="qb_px_276">241.50dp</dimen>
  <dimen name="qb_px_277">242.38dp</dimen>
  <dimen name="qb_px_278">243.25dp</dimen>
  <dimen name="qb_px_279">244.13dp</dimen>
  <dimen name="qb_px_280">245.00dp</dimen>
  <dimen name="qb_px_281">245.88dp</dimen>
  <dimen name="qb_px_282">246.75dp</dimen>
  <dimen name="qb_px_283">247.63dp</dimen>
  <dimen name="qb_px_284">248.50dp</dimen>
  <dimen name="qb_px_285">249.38dp</dimen>
  <dimen name="qb_px_286">250.25dp</dimen>
  <dimen name="qb_px_287">251.12dp</dimen>
  <dimen name="qb_px_288">252.00dp</dimen>
  <dimen name="qb_px_289">252.88dp</dimen>
  <dimen name="qb_px_290">253.75dp</dimen>
  <dimen name="qb_px_291">254.63dp</dimen>
  <dimen name="qb_px_292">255.50dp</dimen>
  <dimen name="qb_px_293">256.38dp</dimen>
  <dimen name="qb_px_294">257.25dp</dimen>
  <dimen name="qb_px_295">258.13dp</dimen>
  <dimen name="qb_px_296">259.00dp</dimen>
  <dimen name="qb_px_297">259.88dp</dimen>
  <dimen name="qb_px_298">260.75dp</dimen>
  <dimen name="qb_px_299">261.63dp</dimen>
  <dimen name="qb_px_300">262.50dp</dimen>
  <dimen name="qb_px_301">263.38dp</dimen>
  <dimen name="qb_px_302">264.25dp</dimen>
  <dimen name="qb_px_303">265.13dp</dimen>
  <dimen name="qb_px_304">266.00dp</dimen>
  <dimen name="qb_px_305">266.88dp</dimen>
  <dimen name="qb_px_306">267.75dp</dimen>
  <dimen name="qb_px_307">268.63dp</dimen>
  <dimen name="qb_px_308">269.50dp</dimen>
  <dimen name="qb_px_309">270.38dp</dimen>
  <dimen name="qb_px_310">271.25dp</dimen>
  <dimen name="qb_px_311">272.13dp</dimen>
  <dimen name="qb_px_312">273.00dp</dimen>
  <dimen name="qb_px_313">273.88dp</dimen>
  <dimen name="qb_px_314">274.75dp</dimen>
  <dimen name="qb_px_315">275.63dp</dimen>
  <dimen name="qb_px_316">276.50dp</dimen>
  <dimen name="qb_px_317">277.38dp</dimen>
  <dimen name="qb_px_318">278.25dp</dimen>
  <dimen name="qb_px_319">279.13dp</dimen>
  <dimen name="qb_px_320">280.00dp</dimen>
  <dimen name="qb_px_321">280.88dp</dimen>
  <dimen name="qb_px_322">281.75dp</dimen>
  <dimen name="qb_px_323">282.63dp</dimen>
  <dimen name="qb_px_324">283.50dp</dimen>
  <dimen name="qb_px_325">284.38dp</dimen>
  <dimen name="qb_px_326">285.25dp</dimen>
  <dimen name="qb_px_327">286.13dp</dimen>
  <dimen name="qb_px_328">287.00dp</dimen>
  <dimen name="qb_px_329">287.88dp</dimen>
  <dimen name="qb_px_330">288.75dp</dimen>
  <dimen name="qb_px_331">289.63dp</dimen>
  <dimen name="qb_px_332">290.50dp</dimen>
  <dimen name="qb_px_333">291.38dp</dimen>
  <dimen name="qb_px_334">292.25dp</dimen>
  <dimen name="qb_px_335">293.13dp</dimen>
  <dimen name="qb_px_336">294.00dp</dimen>
  <dimen name="qb_px_337">294.88dp</dimen>
  <dimen name="qb_px_338">295.75dp</dimen>
  <dimen name="qb_px_339">296.63dp</dimen>
  <dimen name="qb_px_340">297.50dp</dimen>
  <dimen name="qb_px_341">298.38dp</dimen>
  <dimen name="qb_px_342">299.25dp</dimen>
  <dimen name="qb_px_343">300.13dp</dimen>
  <dimen name="qb_px_344">301.00dp</dimen>
  <dimen name="qb_px_345">301.88dp</dimen>
  <dimen name="qb_px_346">302.75dp</dimen>
  <dimen name="qb_px_347">303.63dp</dimen>
  <dimen name="qb_px_348">304.50dp</dimen>
  <dimen name="qb_px_349">305.38dp</dimen>
  <dimen name="qb_px_350">306.25dp</dimen>
  <dimen name="qb_px_351">307.13dp</dimen>
  <dimen name="qb_px_352">308.00dp</dimen>
  <dimen name="qb_px_353">308.88dp</dimen>
  <dimen name="qb_px_354">309.75dp</dimen>
  <dimen name="qb_px_355">310.63dp</dimen>
  <dimen name="qb_px_356">311.50dp</dimen>
  <dimen name="qb_px_357">312.38dp</dimen>
  <dimen name="qb_px_358">313.25dp</dimen>
  <dimen name="qb_px_359">314.13dp</dimen>
  <dimen name="qb_px_360">315.00dp</dimen>
  <dimen name="qb_px_361">315.88dp</dimen>
  <dimen name="qb_px_362">316.75dp</dimen>
  <dimen name="qb_px_363">317.63dp</dimen>
  <dimen name="qb_px_364">318.50dp</dimen>
  <dimen name="qb_px_365">319.37dp</dimen>
  <dimen name="qb_px_366">320.25dp</dimen>
  <dimen name="qb_px_367">321.13dp</dimen>
  <dimen name="qb_px_368">322.00dp</dimen>
  <dimen name="qb_px_369">322.88dp</dimen>
  <dimen name="qb_px_370">323.75dp</dimen>
  <dimen name="qb_px_371">324.63dp</dimen>
  <dimen name="qb_px_372">325.50dp</dimen>
  <dimen name="qb_px_373">326.38dp</dimen>
  <dimen name="qb_px_374">327.25dp</dimen>
  <dimen name="qb_px_375">328.13dp</dimen>
  <dimen name="qb_px_376">329.00dp</dimen>
  <dimen name="qb_px_377">329.88dp</dimen>
  <dimen name="qb_px_378">330.75dp</dimen>
  <dimen name="qb_px_379">331.63dp</dimen>
  <dimen name="qb_px_380">332.50dp</dimen>
  <dimen name="qb_px_381">333.37dp</dimen>
  <dimen name="qb_px_382">334.25dp</dimen>
  <dimen name="qb_px_383">335.13dp</dimen>
  <dimen name="qb_px_384">336.00dp</dimen>
  <dimen name="qb_px_385">336.88dp</dimen>
  <dimen name="qb_px_386">337.75dp</dimen>
  <dimen name="qb_px_387">338.63dp</dimen>
  <dimen name="qb_px_388">339.50dp</dimen>
  <dimen name="qb_px_389">340.38dp</dimen>
  <dimen name="qb_px_390">341.25dp</dimen>
  <dimen name="qb_px_391">342.13dp</dimen>
  <dimen name="qb_px_392">343.00dp</dimen>
  <dimen name="qb_px_393">343.88dp</dimen>
  <dimen name="qb_px_394">344.75dp</dimen>
  <dimen name="qb_px_395">345.63dp</dimen>
  <dimen name="qb_px_396">346.50dp</dimen>
  <dimen name="qb_px_397">347.37dp</dimen>
  <dimen name="qb_px_398">348.25dp</dimen>
  <dimen name="qb_px_399">349.13dp</dimen>
  <dimen name="qb_px_400">350.00dp</dimen>
  <dimen name="qb_px_401">350.88dp</dimen>
  <dimen name="qb_px_402">351.75dp</dimen>
  <dimen name="qb_px_403">352.63dp</dimen>
  <dimen name="qb_px_404">353.50dp</dimen>
  <dimen name="qb_px_405">354.38dp</dimen>
  <dimen name="qb_px_406">355.25dp</dimen>
  <dimen name="qb_px_407">356.13dp</dimen>
  <dimen name="qb_px_408">357.00dp</dimen>
  <dimen name="qb_px_409">357.88dp</dimen>
  <dimen name="qb_px_410">358.75dp</dimen>
  <dimen name="qb_px_411">359.63dp</dimen>
  <dimen name="qb_px_412">360.50dp</dimen>
  <dimen name="qb_px_413">361.38dp</dimen>
  <dimen name="qb_px_414">362.25dp</dimen>
  <dimen name="qb_px_415">363.13dp</dimen>
  <dimen name="qb_px_416">364.00dp</dimen>
  <dimen name="qb_px_417">364.88dp</dimen>
  <dimen name="qb_px_418">365.75dp</dimen>
  <dimen name="qb_px_419">366.63dp</dimen>
  <dimen name="qb_px_420">367.50dp</dimen>
  <dimen name="qb_px_421">368.38dp</dimen>
  <dimen name="qb_px_422">369.25dp</dimen>
  <dimen name="qb_px_423">370.13dp</dimen>
  <dimen name="qb_px_424">371.00dp</dimen>
  <dimen name="qb_px_425">371.88dp</dimen>
  <dimen name="qb_px_426">372.75dp</dimen>
  <dimen name="qb_px_427">373.63dp</dimen>
  <dimen name="qb_px_428">374.50dp</dimen>
  <dimen name="qb_px_429">375.38dp</dimen>
  <dimen name="qb_px_430">376.25dp</dimen>
  <dimen name="qb_px_431">377.13dp</dimen>
  <dimen name="qb_px_432">378.00dp</dimen>
  <dimen name="qb_px_433">378.88dp</dimen>
  <dimen name="qb_px_434">379.75dp</dimen>
  <dimen name="qb_px_435">380.63dp</dimen>
  <dimen name="qb_px_436">381.50dp</dimen>
  <dimen name="qb_px_437">382.38dp</dimen>
  <dimen name="qb_px_438">383.25dp</dimen>
  <dimen name="qb_px_439">384.12dp</dimen>
  <dimen name="qb_px_440">385.00dp</dimen>
  <dimen name="qb_px_441">385.88dp</dimen>
  <dimen name="qb_px_442">386.75dp</dimen>
  <dimen name="qb_px_443">387.63dp</dimen>
  <dimen name="qb_px_444">388.50dp</dimen>
  <dimen name="qb_px_445">389.38dp</dimen>
  <dimen name="qb_px_446">390.25dp</dimen>
  <dimen name="qb_px_447">391.13dp</dimen>
  <dimen name="qb_px_448">392.00dp</dimen>
  <dimen name="qb_px_449">392.88dp</dimen>
  <dimen name="qb_px_450">393.75dp</dimen>
  <dimen name="qb_px_451">394.63dp</dimen>
  <dimen name="qb_px_452">395.50dp</dimen>
  <dimen name="qb_px_453">396.38dp</dimen>
  <dimen name="qb_px_454">397.25dp</dimen>
  <dimen name="qb_px_455">398.12dp</dimen>
  <dimen name="qb_px_456">399.00dp</dimen>
  <dimen name="qb_px_457">399.88dp</dimen>
  <dimen name="qb_px_458">400.75dp</dimen>
  <dimen name="qb_px_459">401.63dp</dimen>
  <dimen name="qb_px_460">402.50dp</dimen>
  <dimen name="qb_px_461">403.38dp</dimen>
  <dimen name="qb_px_462">404.25dp</dimen>
  <dimen name="qb_px_463">405.13dp</dimen>
  <dimen name="qb_px_464">406.00dp</dimen>
  <dimen name="qb_px_465">406.88dp</dimen>
  <dimen name="qb_px_466">407.75dp</dimen>
  <dimen name="qb_px_467">408.63dp</dimen>
  <dimen name="qb_px_468">409.50dp</dimen>
  <dimen name="qb_px_469">410.38dp</dimen>
  <dimen name="qb_px_470">411.25dp</dimen>
  <dimen name="qb_px_471">412.12dp</dimen>
  <dimen name="qb_px_472">413.00dp</dimen>
  <dimen name="qb_px_473">413.88dp</dimen>
  <dimen name="qb_px_474">414.75dp</dimen>
  <dimen name="qb_px_475">415.63dp</dimen>
  <dimen name="qb_px_476">416.50dp</dimen>
  <dimen name="qb_px_477">417.38dp</dimen>
  <dimen name="qb_px_478">418.25dp</dimen>
  <dimen name="qb_px_479">419.13dp</dimen>
  <dimen name="qb_px_480">420.00dp</dimen>
  <dimen name="qb_px_481">420.88dp</dimen>
  <dimen name="qb_px_482">421.75dp</dimen>
  <dimen name="qb_px_483">422.63dp</dimen>
  <dimen name="qb_px_484">423.50dp</dimen>
  <dimen name="qb_px_485">424.38dp</dimen>
  <dimen name="qb_px_486">425.25dp</dimen>
  <dimen name="qb_px_487">426.12dp</dimen>
  <dimen name="qb_px_488">427.00dp</dimen>
  <dimen name="qb_px_489">427.88dp</dimen>
  <dimen name="qb_px_490">428.75dp</dimen>
  <dimen name="qb_px_491">429.63dp</dimen>
  <dimen name="qb_px_492">430.50dp</dimen>
  <dimen name="qb_px_493">431.38dp</dimen>
  <dimen name="qb_px_494">432.25dp</dimen>
  <dimen name="qb_px_495">433.13dp</dimen>
  <dimen name="qb_px_496">434.00dp</dimen>
  <dimen name="qb_px_497">434.88dp</dimen>
  <dimen name="qb_px_498">435.75dp</dimen>
  <dimen name="qb_px_499">436.63dp</dimen>
  <dimen name="qb_px_500">437.50dp</dimen>
  <dimen name="qb_px_501">438.38dp</dimen>
  <dimen name="qb_px_502">439.25dp</dimen>
  <dimen name="qb_px_503">440.13dp</dimen>
  <dimen name="qb_px_504">441.00dp</dimen>
  <dimen name="qb_px_505">441.88dp</dimen>
  <dimen name="qb_px_506">442.75dp</dimen>
  <dimen name="qb_px_507">443.63dp</dimen>
  <dimen name="qb_px_508">444.50dp</dimen>
  <dimen name="qb_px_509">445.38dp</dimen>
  <dimen name="qb_px_510">446.25dp</dimen>
  <dimen name="qb_px_511">447.13dp</dimen>
  <dimen name="qb_px_512">448.00dp</dimen>
  <dimen name="qb_px_513">448.88dp</dimen>
  <dimen name="qb_px_514">449.75dp</dimen>
  <dimen name="qb_px_515">450.63dp</dimen>
  <dimen name="qb_px_516">451.50dp</dimen>
  <dimen name="qb_px_517">452.38dp</dimen>
  <dimen name="qb_px_518">453.25dp</dimen>
  <dimen name="qb_px_519">454.13dp</dimen>
  <dimen name="qb_px_520">455.00dp</dimen>
  <dimen name="qb_px_521">455.88dp</dimen>
  <dimen name="qb_px_522">456.75dp</dimen>
  <dimen name="qb_px_523">457.63dp</dimen>
  <dimen name="qb_px_524">458.50dp</dimen>
  <dimen name="qb_px_525">459.38dp</dimen>
  <dimen name="qb_px_526">460.25dp</dimen>
  <dimen name="qb_px_527">461.13dp</dimen>
  <dimen name="qb_px_528">462.00dp</dimen>
  <dimen name="qb_px_529">462.87dp</dimen>
  <dimen name="qb_px_530">463.75dp</dimen>
  <dimen name="qb_px_531">464.63dp</dimen>
  <dimen name="qb_px_532">465.50dp</dimen>
  <dimen name="qb_px_533">466.38dp</dimen>
  <dimen name="qb_px_534">467.25dp</dimen>
  <dimen name="qb_px_535">468.13dp</dimen>
  <dimen name="qb_px_536">469.00dp</dimen>
  <dimen name="qb_px_537">469.88dp</dimen>
  <dimen name="qb_px_538">470.75dp</dimen>
  <dimen name="qb_px_539">471.63dp</dimen>
  <dimen name="qb_px_540">472.50dp</dimen>
  <dimen name="qb_px_541">473.38dp</dimen>
  <dimen name="qb_px_542">474.25dp</dimen>
  <dimen name="qb_px_543">475.13dp</dimen>
  <dimen name="qb_px_544">476.00dp</dimen>
  <dimen name="qb_px_545">476.87dp</dimen>
  <dimen name="qb_px_546">477.75dp</dimen>
  <dimen name="qb_px_547">478.63dp</dimen>
  <dimen name="qb_px_548">479.50dp</dimen>
  <dimen name="qb_px_549">480.38dp</dimen>
  <dimen name="qb_px_550">481.25dp</dimen>
  <dimen name="qb_px_551">482.13dp</dimen>
  <dimen name="qb_px_552">483.00dp</dimen>
  <dimen name="qb_px_553">483.88dp</dimen>
  <dimen name="qb_px_554">484.75dp</dimen>
  <dimen name="qb_px_555">485.63dp</dimen>
  <dimen name="qb_px_556">486.50dp</dimen>
  <dimen name="qb_px_557">487.38dp</dimen>
  <dimen name="qb_px_558">488.25dp</dimen>
  <dimen name="qb_px_559">489.13dp</dimen>
  <dimen name="qb_px_560">490.00dp</dimen>
  <dimen name="qb_px_561">490.87dp</dimen>
  <dimen name="qb_px_562">491.75dp</dimen>
  <dimen name="qb_px_563">492.63dp</dimen>
  <dimen name="qb_px_564">493.50dp</dimen>
  <dimen name="qb_px_565">494.38dp</dimen>
  <dimen name="qb_px_566">495.25dp</dimen>
  <dimen name="qb_px_567">496.13dp</dimen>
  <dimen name="qb_px_568">497.00dp</dimen>
  <dimen name="qb_px_569">497.88dp</dimen>
  <dimen name="qb_px_570">498.75dp</dimen>
  <dimen name="qb_px_571">499.63dp</dimen>
  <dimen name="qb_px_572">500.50dp</dimen>
  <dimen name="qb_px_573">501.38dp</dimen>
  <dimen name="qb_px_574">502.25dp</dimen>
  <dimen name="qb_px_575">503.13dp</dimen>
  <dimen name="qb_px_576">504.00dp</dimen>
  <dimen name="qb_px_577">504.87dp</dimen>
  <dimen name="qb_px_578">505.75dp</dimen>
  <dimen name="qb_px_579">506.63dp</dimen>
  <dimen name="qb_px_580">507.50dp</dimen>
  <dimen name="qb_px_581">508.38dp</dimen>
  <dimen name="qb_px_582">509.25dp</dimen>
  <dimen name="qb_px_583">510.13dp</dimen>
  <dimen name="qb_px_584">511.00dp</dimen>
  <dimen name="qb_px_585">511.88dp</dimen>
  <dimen name="qb_px_586">512.75dp</dimen>
  <dimen name="qb_px_587">513.63dp</dimen>
  <dimen name="qb_px_588">514.50dp</dimen>
  <dimen name="qb_px_589">515.38dp</dimen>
  <dimen name="qb_px_590">516.25dp</dimen>
  <dimen name="qb_px_591">517.13dp</dimen>
  <dimen name="qb_px_592">518.00dp</dimen>
  <dimen name="qb_px_593">518.88dp</dimen>
  <dimen name="qb_px_594">519.75dp</dimen>
  <dimen name="qb_px_595">520.63dp</dimen>
  <dimen name="qb_px_596">521.50dp</dimen>
  <dimen name="qb_px_597">522.38dp</dimen>
  <dimen name="qb_px_598">523.25dp</dimen>
  <dimen name="qb_px_599">524.13dp</dimen>
  <dimen name="qb_px_600">525.00dp</dimen>
  <dimen name="qb_px_1200">1050.00dp</dimen>
  <dimen name="qb_px_601">525.88dp</dimen>
  <dimen name="qb_px_602">526.75dp</dimen>
  <dimen name="qb_px_603">527.63dp</dimen>
  <dimen name="qb_px_604">528.50dp</dimen>
  <dimen name="qb_px_605">529.38dp</dimen>
  <dimen name="qb_px_606">530.25dp</dimen>
  <dimen name="qb_px_607">531.13dp</dimen>
  <dimen name="qb_px_608">532.00dp</dimen>
  <dimen name="qb_px_609">532.88dp</dimen>
  <dimen name="qb_px_610">533.75dp</dimen>
  <dimen name="qb_px_611">534.63dp</dimen>
  <dimen name="qb_px_612">535.50dp</dimen>
  <dimen name="qb_px_613">536.38dp</dimen>
  <dimen name="qb_px_614">537.25dp</dimen>
  <dimen name="qb_px_615">538.13dp</dimen>
  <dimen name="qb_px_616">539.00dp</dimen>
  <dimen name="qb_px_617">539.88dp</dimen>
  <dimen name="qb_px_618">540.75dp</dimen>
  <dimen name="qb_px_619">541.63dp</dimen>
  <dimen name="qb_px_620">542.50dp</dimen>
  <dimen name="qb_px_621">543.38dp</dimen>
  <dimen name="qb_px_622">544.25dp</dimen>
  <dimen name="qb_px_623">545.13dp</dimen>
  <dimen name="qb_px_624">546.00dp</dimen>
  <dimen name="qb_px_625">546.88dp</dimen>
  <dimen name="qb_px_626">547.75dp</dimen>
  <dimen name="qb_px_627">548.63dp</dimen>
  <dimen name="qb_px_628">549.50dp</dimen>
  <dimen name="qb_px_629">550.38dp</dimen>
  <dimen name="qb_px_630">551.25dp</dimen>
  <dimen name="qb_px_631">552.13dp</dimen>
  <dimen name="qb_px_632">553.00dp</dimen>
  <dimen name="qb_px_633">553.88dp</dimen>
  <dimen name="qb_px_634">554.75dp</dimen>
  <dimen name="qb_px_635">555.63dp</dimen>
  <dimen name="qb_px_636">556.50dp</dimen>
  <dimen name="qb_px_637">557.38dp</dimen>
  <dimen name="qb_px_638">558.25dp</dimen>
  <dimen name="qb_px_639">559.13dp</dimen>
  <dimen name="qb_px_640">560.00dp</dimen>
  <dimen name="qb_px_641">560.88dp</dimen>
  <dimen name="qb_px_642">561.75dp</dimen>
  <dimen name="qb_px_643">562.63dp</dimen>
  <dimen name="qb_px_644">563.50dp</dimen>
  <dimen name="qb_px_645">564.38dp</dimen>
  <dimen name="qb_px_646">565.25dp</dimen>
  <dimen name="qb_px_647">566.13dp</dimen>
  <dimen name="qb_px_648">567.00dp</dimen>
  <dimen name="qb_px_649">567.88dp</dimen>
  <dimen name="qb_px_650">568.75dp</dimen>
  <dimen name="qb_px_651">569.63dp</dimen>
  <dimen name="qb_px_652">570.50dp</dimen>
  <dimen name="qb_px_653">571.38dp</dimen>
  <dimen name="qb_px_654">572.25dp</dimen>
  <dimen name="qb_px_655">573.13dp</dimen>
  <dimen name="qb_px_656">574.00dp</dimen>
  <dimen name="qb_px_657">574.88dp</dimen>
  <dimen name="qb_px_658">575.75dp</dimen>
  <dimen name="qb_px_659">576.63dp</dimen>
  <dimen name="qb_px_660">577.50dp</dimen>
  <dimen name="qb_px_661">578.38dp</dimen>
  <dimen name="qb_px_662">579.25dp</dimen>
  <dimen name="qb_px_663">580.13dp</dimen>
  <dimen name="qb_px_664">581.00dp</dimen>
  <dimen name="qb_px_665">581.88dp</dimen>
  <dimen name="qb_px_666">582.75dp</dimen>
  <dimen name="qb_px_667">583.63dp</dimen>
  <dimen name="qb_px_668">584.50dp</dimen>
  <dimen name="qb_px_669">585.38dp</dimen>
  <dimen name="qb_px_670">586.25dp</dimen>
  <dimen name="qb_px_671">587.13dp</dimen>
  <dimen name="qb_px_672">588.00dp</dimen>
  <dimen name="qb_px_673">588.88dp</dimen>
  <dimen name="qb_px_674">589.75dp</dimen>
  <dimen name="qb_px_675">590.63dp</dimen>
  <dimen name="qb_px_676">591.50dp</dimen>
  <dimen name="qb_px_677">592.38dp</dimen>
  <dimen name="qb_px_678">593.25dp</dimen>
  <dimen name="qb_px_679">594.13dp</dimen>
  <dimen name="qb_px_680">595.00dp</dimen>
  <dimen name="qb_px_681">595.88dp</dimen>
  <dimen name="qb_px_682">596.75dp</dimen>
  <dimen name="qb_px_683">597.63dp</dimen>
  <dimen name="qb_px_684">598.50dp</dimen>
  <dimen name="qb_px_685">599.38dp</dimen>
  <dimen name="qb_px_686">600.25dp</dimen>
  <dimen name="qb_px_687">601.13dp</dimen>
  <dimen name="qb_px_688">602.00dp</dimen>
  <dimen name="qb_px_689">602.88dp</dimen>
  <dimen name="qb_px_690">603.75dp</dimen>
  <dimen name="qb_px_691">604.63dp</dimen>
  <dimen name="qb_px_692">605.50dp</dimen>
  <dimen name="qb_px_693">606.38dp</dimen>
  <dimen name="qb_px_694">607.25dp</dimen>
  <dimen name="qb_px_695">608.13dp</dimen>
  <dimen name="qb_px_696">609.00dp</dimen>
  <dimen name="qb_px_697">609.88dp</dimen>
  <dimen name="qb_px_698">610.75dp</dimen>
  <dimen name="qb_px_699">611.63dp</dimen>
  <dimen name="qb_px_700">612.50dp</dimen>
  <dimen name="qb_px_701">613.38dp</dimen>
  <dimen name="qb_px_702">614.25dp</dimen>
  <dimen name="qb_px_703">615.13dp</dimen>
  <dimen name="qb_px_704">616.00dp</dimen>
  <dimen name="qb_px_705">616.88dp</dimen>
  <dimen name="qb_px_706">617.75dp</dimen>
  <dimen name="qb_px_707">618.63dp</dimen>
  <dimen name="qb_px_708">619.50dp</dimen>
  <dimen name="qb_px_709">620.38dp</dimen>
  <dimen name="qb_px_710">621.25dp</dimen>
  <dimen name="qb_px_711">622.13dp</dimen>
  <dimen name="qb_px_712">623.00dp</dimen>
  <dimen name="qb_px_713">623.88dp</dimen>
  <dimen name="qb_px_714">624.75dp</dimen>
  <dimen name="qb_px_715">625.63dp</dimen>
  <dimen name="qb_px_716">626.50dp</dimen>
  <dimen name="qb_px_717">627.38dp</dimen>
  <dimen name="qb_px_718">628.25dp</dimen>
  <dimen name="qb_px_719">629.13dp</dimen>
  <dimen name="qb_px_720">630.00dp</dimen>
  <dimen name="qb_px_1440">1260.00dp</dimen>
  <dimen name="qb_px_721">630.88dp</dimen>
  <dimen name="qb_px_722">631.75dp</dimen>
  <dimen name="qb_px_723">632.63dp</dimen>
  <dimen name="qb_px_724">633.50dp</dimen>
  <dimen name="qb_px_725">634.38dp</dimen>
  <dimen name="qb_px_726">635.25dp</dimen>
  <dimen name="qb_px_727">636.13dp</dimen>
  <dimen name="qb_px_728">637.00dp</dimen>
  <dimen name="qb_px_729">637.88dp</dimen>
  <dimen name="qb_px_730">638.75dp</dimen>
  <dimen name="qb_px_731">639.63dp</dimen>
  <dimen name="qb_px_732">640.50dp</dimen>
  <dimen name="qb_px_733">641.38dp</dimen>
  <dimen name="qb_px_734">642.25dp</dimen>
  <dimen name="qb_px_735">643.13dp</dimen>
  <dimen name="qb_px_736">644.00dp</dimen>
  <dimen name="qb_px_737">644.88dp</dimen>
  <dimen name="qb_px_738">645.75dp</dimen>
  <dimen name="qb_px_739">646.63dp</dimen>
  <dimen name="qb_px_740">647.50dp</dimen>
  <dimen name="qb_px_741">648.38dp</dimen>
  <dimen name="qb_px_742">649.25dp</dimen>
  <dimen name="qb_px_743">650.12dp</dimen>
  <dimen name="qb_px_744">651.00dp</dimen>
  <dimen name="qb_px_745">651.88dp</dimen>
  <dimen name="qb_px_746">652.75dp</dimen>
  <dimen name="qb_px_747">653.63dp</dimen>
  <dimen name="qb_px_748">654.50dp</dimen>
  <dimen name="qb_px_749">655.37dp</dimen>
  <dimen name="qb_px_750">656.25dp</dimen>
  <dimen name="qb_px_751">657.13dp</dimen>
  <dimen name="qb_px_752">658.00dp</dimen>
  <dimen name="qb_px_753">658.88dp</dimen>
  <dimen name="qb_px_754">659.75dp</dimen>
  <dimen name="qb_px_755">660.63dp</dimen>
  <dimen name="qb_px_756">661.50dp</dimen>
  <dimen name="qb_px_757">662.38dp</dimen>
  <dimen name="qb_px_758">663.25dp</dimen>
  <dimen name="qb_px_759">664.13dp</dimen>
  <dimen name="qb_px_760">665.00dp</dimen>
  <dimen name="qb_px_761">665.88dp</dimen>
  <dimen name="qb_px_762">666.75dp</dimen>
  <dimen name="qb_px_763">667.63dp</dimen>
  <dimen name="qb_px_764">668.50dp</dimen>
  <dimen name="qb_px_765">669.38dp</dimen>
  <dimen name="qb_px_766">670.25dp</dimen>
  <dimen name="qb_px_767">671.13dp</dimen>
  <dimen name="qb_px_768">672.00dp</dimen>
  <dimen name="qb_px_769">672.88dp</dimen>
  <dimen name="qb_px_770">673.75dp</dimen>
  <dimen name="qb_px_771">674.63dp</dimen>
  <dimen name="qb_px_772">675.50dp</dimen>
  <dimen name="qb_px_773">676.38dp</dimen>
  <dimen name="qb_px_774">677.25dp</dimen>
  <dimen name="qb_px_775">678.12dp</dimen>
  <dimen name="qb_px_776">679.00dp</dimen>
  <dimen name="qb_px_777">679.88dp</dimen>
  <dimen name="qb_px_778">680.75dp</dimen>
  <dimen name="qb_px_779">681.63dp</dimen>
  <dimen name="qb_px_780">682.50dp</dimen>
  <dimen name="qb_px_781">683.38dp</dimen>
  <dimen name="qb_px_782">684.25dp</dimen>
  <dimen name="qb_px_783">685.13dp</dimen>
  <dimen name="qb_px_784">686.00dp</dimen>
  <dimen name="qb_px_785">686.88dp</dimen>
  <dimen name="qb_px_786">687.75dp</dimen>
  <dimen name="qb_px_787">688.63dp</dimen>
  <dimen name="qb_px_788">689.50dp</dimen>
  <dimen name="qb_px_789">690.38dp</dimen>
  <dimen name="qb_px_790">691.25dp</dimen>
  <dimen name="qb_px_791">692.13dp</dimen>
  <dimen name="qb_px_792">693.00dp</dimen>
  <dimen name="qb_px_793">693.88dp</dimen>
  <dimen name="qb_px_794">694.75dp</dimen>
  <dimen name="qb_px_795">695.63dp</dimen>
  <dimen name="qb_px_796">696.50dp</dimen>
  <dimen name="qb_px_797">697.38dp</dimen>
  <dimen name="qb_px_798">698.25dp</dimen>
  <dimen name="qb_px_799">699.13dp</dimen>
  <dimen name="qb_px_800">700.00dp</dimen>
  <dimen name="qb_px_1600">1400.00dp</dimen>
  <dimen name="qb_px_2400">2100.00dp</dimen>
  <dimen name="qb_px_3200">2800.00dp</dimen>
  <dimen name="qb_px_801">700.88dp</dimen>
  <dimen name="qb_px_802">701.75dp</dimen>
  <dimen name="qb_px_803">702.63dp</dimen>
  <dimen name="qb_px_804">703.50dp</dimen>
  <dimen name="qb_px_805">704.38dp</dimen>
  <dimen name="qb_px_806">705.25dp</dimen>
  <dimen name="qb_px_807">706.12dp</dimen>
  <dimen name="qb_px_808">707.00dp</dimen>
  <dimen name="qb_px_809">707.88dp</dimen>
  <dimen name="qb_px_810">708.75dp</dimen>
  <dimen name="qb_px_811">709.63dp</dimen>
  <dimen name="qb_px_812">710.50dp</dimen>
  <dimen name="qb_px_813">711.38dp</dimen>
  <dimen name="qb_px_814">712.25dp</dimen>
  <dimen name="qb_px_815">713.13dp</dimen>
  <dimen name="qb_px_816">714.00dp</dimen>
  <dimen name="qb_px_817">714.88dp</dimen>
  <dimen name="qb_px_818">715.75dp</dimen>
  <dimen name="qb_px_819">716.63dp</dimen>
  <dimen name="qb_px_820">717.50dp</dimen>
  <dimen name="qb_px_821">718.38dp</dimen>
  <dimen name="qb_px_822">719.25dp</dimen>
  <dimen name="qb_px_823">720.13dp</dimen>
  <dimen name="qb_px_824">721.00dp</dimen>
  <dimen name="qb_px_825">721.88dp</dimen>
  <dimen name="qb_px_826">722.75dp</dimen>
  <dimen name="qb_px_827">723.63dp</dimen>
  <dimen name="qb_px_828">724.50dp</dimen>
  <dimen name="qb_px_829">725.38dp</dimen>
  <dimen name="qb_px_830">726.25dp</dimen>
  <dimen name="qb_px_831">727.13dp</dimen>
  <dimen name="qb_px_832">728.00dp</dimen>
  <dimen name="qb_px_833">728.87dp</dimen>
  <dimen name="qb_px_834">729.75dp</dimen>
  <dimen name="qb_px_835">730.63dp</dimen>
  <dimen name="qb_px_836">731.50dp</dimen>
  <dimen name="qb_px_837">732.38dp</dimen>
  <dimen name="qb_px_838">733.25dp</dimen>
  <dimen name="qb_px_839">734.12dp</dimen>
  <dimen name="qb_px_840">735.00dp</dimen>
  <dimen name="qb_px_841">735.88dp</dimen>
  <dimen name="qb_px_842">736.75dp</dimen>
  <dimen name="qb_px_843">737.63dp</dimen>
  <dimen name="qb_px_844">738.50dp</dimen>
  <dimen name="qb_px_845">739.38dp</dimen>
  <dimen name="qb_px_846">740.25dp</dimen>
  <dimen name="qb_px_847">741.13dp</dimen>
  <dimen name="qb_px_848">742.00dp</dimen>
  <dimen name="qb_px_849">742.88dp</dimen>
  <dimen name="qb_px_850">743.75dp</dimen>
  <dimen name="qb_px_851">744.63dp</dimen>
  <dimen name="qb_px_852">745.50dp</dimen>
  <dimen name="qb_px_853">746.38dp</dimen>
  <dimen name="qb_px_854">747.25dp</dimen>
  <dimen name="qb_px_855">748.13dp</dimen>
  <dimen name="qb_px_856">749.00dp</dimen>
  <dimen name="qb_px_857">749.88dp</dimen>
  <dimen name="qb_px_858">750.75dp</dimen>
  <dimen name="qb_px_859">751.63dp</dimen>
  <dimen name="qb_px_860">752.50dp</dimen>
  <dimen name="qb_px_861">753.38dp</dimen>
  <dimen name="qb_px_862">754.25dp</dimen>
  <dimen name="qb_px_863">755.13dp</dimen>
  <dimen name="qb_px_864">756.00dp</dimen>
  <dimen name="qb_px_865">756.87dp</dimen>
  <dimen name="qb_px_866">757.75dp</dimen>
  <dimen name="qb_px_867">758.63dp</dimen>
  <dimen name="qb_px_868">759.50dp</dimen>
  <dimen name="qb_px_869">760.38dp</dimen>
  <dimen name="qb_px_870">761.25dp</dimen>
  <dimen name="qb_px_871">762.13dp</dimen>
  <dimen name="qb_px_872">763.00dp</dimen>
  <dimen name="qb_px_873">763.88dp</dimen>
  <dimen name="qb_px_874">764.75dp</dimen>
  <dimen name="qb_px_875">765.63dp</dimen>
  <dimen name="qb_px_876">766.50dp</dimen>
  <dimen name="qb_px_877">767.38dp</dimen>
  <dimen name="qb_px_878">768.25dp</dimen>
  <dimen name="qb_px_879">769.13dp</dimen>
  <dimen name="qb_px_880">770.00dp</dimen>
  <dimen name="qb_px_881">770.88dp</dimen>
  <dimen name="qb_px_882">771.75dp</dimen>
  <dimen name="qb_px_883">772.63dp</dimen>
  <dimen name="qb_px_884">773.50dp</dimen>
  <dimen name="qb_px_885">774.38dp</dimen>
  <dimen name="qb_px_886">775.25dp</dimen>
  <dimen name="qb_px_887">776.13dp</dimen>
  <dimen name="qb_px_888">777.00dp</dimen>
  <dimen name="qb_px_889">777.88dp</dimen>
  <dimen name="qb_px_890">778.75dp</dimen>
  <dimen name="qb_px_891">779.63dp</dimen>
  <dimen name="qb_px_892">780.50dp</dimen>
  <dimen name="qb_px_893">781.38dp</dimen>
  <dimen name="qb_px_894">782.25dp</dimen>
  <dimen name="qb_px_895">783.13dp</dimen>
  <dimen name="qb_px_896">784.00dp</dimen>
  <dimen name="qb_px_897">784.87dp</dimen>
  <dimen name="qb_px_898">785.75dp</dimen>
  <dimen name="qb_px_899">786.63dp</dimen>
  <dimen name="qb_px_900">787.50dp</dimen>
  <dimen name="qb_px_901">788.38dp</dimen>
  <dimen name="qb_px_902">789.25dp</dimen>
  <dimen name="qb_px_903">790.13dp</dimen>
  <dimen name="qb_px_904">791.00dp</dimen>
  <dimen name="qb_px_905">791.88dp</dimen>
  <dimen name="qb_px_906">792.75dp</dimen>
  <dimen name="qb_px_907">793.63dp</dimen>
  <dimen name="qb_px_908">794.50dp</dimen>
  <dimen name="qb_px_909">795.38dp</dimen>
  <dimen name="qb_px_910">796.25dp</dimen>
  <dimen name="qb_px_911">797.13dp</dimen>
  <dimen name="qb_px_912">798.00dp</dimen>
  <dimen name="qb_px_913">798.88dp</dimen>
  <dimen name="qb_px_914">799.75dp</dimen>
  <dimen name="qb_px_915">800.63dp</dimen>
  <dimen name="qb_px_916">801.50dp</dimen>
  <dimen name="qb_px_917">802.38dp</dimen>
  <dimen name="qb_px_918">803.25dp</dimen>
  <dimen name="qb_px_919">804.13dp</dimen>
  <dimen name="qb_px_920">805.00dp</dimen>
  <dimen name="qb_px_921">805.88dp</dimen>
  <dimen name="qb_px_922">806.75dp</dimen>
  <dimen name="qb_px_923">807.62dp</dimen>
  <dimen name="qb_px_924">808.50dp</dimen>
  <dimen name="qb_px_925">809.38dp</dimen>
  <dimen name="qb_px_926">810.25dp</dimen>
  <dimen name="qb_px_927">811.13dp</dimen>
  <dimen name="qb_px_928">812.00dp</dimen>
  <dimen name="qb_px_929">812.87dp</dimen>
  <dimen name="qb_px_930">813.75dp</dimen>
  <dimen name="qb_px_931">814.63dp</dimen>
  <dimen name="qb_px_932">815.50dp</dimen>
  <dimen name="qb_px_933">816.38dp</dimen>
  <dimen name="qb_px_934">817.25dp</dimen>
  <dimen name="qb_px_935">818.13dp</dimen>
  <dimen name="qb_px_936">819.00dp</dimen>
  <dimen name="qb_px_937">819.88dp</dimen>
  <dimen name="qb_px_938">820.75dp</dimen>
  <dimen name="qb_px_939">821.63dp</dimen>
  <dimen name="qb_px_940">822.50dp</dimen>
  <dimen name="qb_px_941">823.38dp</dimen>
  <dimen name="qb_px_942">824.25dp</dimen>
  <dimen name="qb_px_943">825.13dp</dimen>
  <dimen name="qb_px_944">826.00dp</dimen>
  <dimen name="qb_px_945">826.88dp</dimen>
  <dimen name="qb_px_946">827.75dp</dimen>
  <dimen name="qb_px_947">828.63dp</dimen>
  <dimen name="qb_px_948">829.50dp</dimen>
  <dimen name="qb_px_949">830.38dp</dimen>
  <dimen name="qb_px_950">831.25dp</dimen>
  <dimen name="qb_px_951">832.13dp</dimen>
  <dimen name="qb_px_952">833.00dp</dimen>
  <dimen name="qb_px_953">833.88dp</dimen>
  <dimen name="qb_px_954">834.75dp</dimen>
  <dimen name="qb_px_955">835.62dp</dimen>
  <dimen name="qb_px_956">836.50dp</dimen>
  <dimen name="qb_px_957">837.38dp</dimen>
  <dimen name="qb_px_958">838.25dp</dimen>
  <dimen name="qb_px_959">839.13dp</dimen>
  <dimen name="qb_px_960">840.00dp</dimen>
  <dimen name="qb_px_961">840.88dp</dimen>
  <dimen name="qb_px_962">841.75dp</dimen>
  <dimen name="qb_px_963">842.63dp</dimen>
  <dimen name="qb_px_964">843.50dp</dimen>
  <dimen name="qb_px_965">844.38dp</dimen>
  <dimen name="qb_px_966">845.25dp</dimen>
  <dimen name="qb_px_967">846.13dp</dimen>
  <dimen name="qb_px_968">847.00dp</dimen>
  <dimen name="qb_px_969">847.88dp</dimen>
  <dimen name="qb_px_970">848.75dp</dimen>
  <dimen name="qb_px_971">849.63dp</dimen>
  <dimen name="qb_px_972">850.50dp</dimen>
  <dimen name="qb_px_973">851.38dp</dimen>
  <dimen name="qb_px_974">852.25dp</dimen>
  <dimen name="qb_px_975">853.13dp</dimen>
  <dimen name="qb_px_976">854.00dp</dimen>
  <dimen name="qb_px_977">854.88dp</dimen>
  <dimen name="qb_px_978">855.75dp</dimen>
  <dimen name="qb_px_979">856.63dp</dimen>
  <dimen name="qb_px_980">857.50dp</dimen>
  <dimen name="qb_px_981">858.38dp</dimen>
  <dimen name="qb_px_982">859.25dp</dimen>
  <dimen name="qb_px_983">860.13dp</dimen>
  <dimen name="qb_px_984">861.00dp</dimen>
  <dimen name="qb_px_985">861.88dp</dimen>
  <dimen name="qb_px_986">862.75dp</dimen>
  <dimen name="qb_px_987">863.62dp</dimen>
  <dimen name="qb_px_988">864.50dp</dimen>
  <dimen name="qb_px_989">865.38dp</dimen>
  <dimen name="qb_px_990">866.25dp</dimen>
  <dimen name="qb_px_991">867.13dp</dimen>
  <dimen name="qb_px_992">868.00dp</dimen>
  <dimen name="qb_px_993">868.88dp</dimen>
  <dimen name="qb_px_994">869.75dp</dimen>
  <dimen name="qb_px_995">870.63dp</dimen>
  <dimen name="qb_px_996">871.50dp</dimen>
  <dimen name="qb_px_997">872.38dp</dimen>
  <dimen name="qb_px_998">873.25dp</dimen>
  <dimen name="qb_px_999">874.13dp</dimen>
  <dimen name="qb_px_1000">875.00dp</dimen>
  <dimen name="qb_px_1001">875.88dp</dimen>
  <dimen name="qb_px_1002">876.75dp</dimen>
  <dimen name="qb_px_1003">877.63dp</dimen>
  <dimen name="qb_px_1004">878.50dp</dimen>
  <dimen name="qb_px_1005">879.38dp</dimen>
  <dimen name="qb_px_1006">880.25dp</dimen>
  <dimen name="qb_px_1007">881.13dp</dimen>
  <dimen name="qb_px_1008">882.00dp</dimen>
  <dimen name="qb_px_1009">882.88dp</dimen>
  <dimen name="qb_px_1010">883.75dp</dimen>
  <dimen name="qb_px_1011">884.63dp</dimen>
  <dimen name="qb_px_1012">885.50dp</dimen>
  <dimen name="qb_px_1013">886.37dp</dimen>
  <dimen name="qb_px_1014">887.25dp</dimen>
  <dimen name="qb_px_1015">888.13dp</dimen>
  <dimen name="qb_px_1016">889.00dp</dimen>
  <dimen name="qb_px_1017">889.88dp</dimen>
  <dimen name="qb_px_1018">890.75dp</dimen>
  <dimen name="qb_px_1019">891.62dp</dimen>
  <dimen name="qb_px_1020">892.50dp</dimen>
  <dimen name="qb_px_1021">893.38dp</dimen>
  <dimen name="qb_px_1022">894.25dp</dimen>
  <dimen name="qb_px_1023">895.13dp</dimen>
  <dimen name="qb_px_1024">896.00dp</dimen>
  <dimen name="qb_px_1025">896.88dp</dimen>
  <dimen name="qb_px_1026">897.75dp</dimen>
  <dimen name="qb_px_1027">898.63dp</dimen>
  <dimen name="qb_px_1028">899.50dp</dimen>
  <dimen name="qb_px_1029">900.38dp</dimen>
  <dimen name="qb_px_1030">901.25dp</dimen>
  <dimen name="qb_px_1031">902.13dp</dimen>
  <dimen name="qb_px_1032">903.00dp</dimen>
  <dimen name="qb_px_1033">903.88dp</dimen>
  <dimen name="qb_px_1034">904.75dp</dimen>
  <dimen name="qb_px_1035">905.63dp</dimen>
  <dimen name="qb_px_1036">906.50dp</dimen>
  <dimen name="qb_px_1037">907.38dp</dimen>
  <dimen name="qb_px_1038">908.25dp</dimen>
  <dimen name="qb_px_1039">909.13dp</dimen>
  <dimen name="qb_px_1040">910.00dp</dimen>
  <dimen name="qb_px_1041">910.88dp</dimen>
  <dimen name="qb_px_1042">911.75dp</dimen>
  <dimen name="qb_px_1043">912.63dp</dimen>
  <dimen name="qb_px_1044">913.50dp</dimen>
  <dimen name="qb_px_1045">914.37dp</dimen>
  <dimen name="qb_px_1046">915.25dp</dimen>
  <dimen name="qb_px_1047">916.13dp</dimen>
  <dimen name="qb_px_1048">917.00dp</dimen>
  <dimen name="qb_px_1049">917.88dp</dimen>
  <dimen name="qb_px_1050">918.75dp</dimen>
  <dimen name="qb_px_1051">919.63dp</dimen>
  <dimen name="qb_px_1052">920.50dp</dimen>
  <dimen name="qb_px_1053">921.38dp</dimen>
  <dimen name="qb_px_1054">922.25dp</dimen>
  <dimen name="qb_px_1055">923.13dp</dimen>
  <dimen name="qb_px_1056">924.00dp</dimen>
  <dimen name="qb_px_1057">924.88dp</dimen>
  <dimen name="qb_px_1058">925.75dp</dimen>
  <dimen name="qb_px_1059">926.63dp</dimen>
  <dimen name="qb_px_1060">927.50dp</dimen>
  <dimen name="qb_px_1061">928.38dp</dimen>
  <dimen name="qb_px_1062">929.25dp</dimen>
  <dimen name="qb_px_1063">930.13dp</dimen>
  <dimen name="qb_px_1064">931.00dp</dimen>
  <dimen name="qb_px_1065">931.88dp</dimen>
  <dimen name="qb_px_1066">932.75dp</dimen>
  <dimen name="qb_px_1067">933.63dp</dimen>
  <dimen name="qb_px_1068">934.50dp</dimen>
  <dimen name="qb_px_1069">935.38dp</dimen>
  <dimen name="qb_px_1070">936.25dp</dimen>
  <dimen name="qb_px_1071">937.13dp</dimen>
  <dimen name="qb_px_1072">938.00dp</dimen>
  <dimen name="qb_px_1073">938.88dp</dimen>
  <dimen name="qb_px_1074">939.75dp</dimen>
  <dimen name="qb_px_1075">940.63dp</dimen>
  <dimen name="qb_px_1076">941.50dp</dimen>
  <dimen name="qb_px_1077">942.37dp</dimen>
  <dimen name="qb_px_1078">943.25dp</dimen>
  <dimen name="qb_px_1079">944.13dp</dimen>
  <dimen name="qb_px_1080">945.00dp</dimen>
  <dimen name="sb_px_0">0.00sp</dimen>
  <dimen name="sb_px_1">0.88sp</dimen>
  <dimen name="sb_px_2">1.75sp</dimen>
  <dimen name="sb_px_3">2.63sp</dimen>
  <dimen name="sb_px_4">3.50sp</dimen>
  <dimen name="sb_px_5">4.38sp</dimen>
  <dimen name="sb_px_6">5.25sp</dimen>
  <dimen name="sb_px_7">6.13sp</dimen>
  <dimen name="sb_px_8">7.00sp</dimen>
  <dimen name="sb_px_9">7.88sp</dimen>
  <dimen name="sb_px_10">8.75sp</dimen>
  <dimen name="sb_px_11">9.63sp</dimen>
  <dimen name="sb_px_12">10.50sp</dimen>
  <dimen name="sb_px_13">11.38sp</dimen>
  <dimen name="sb_px_14">12.25sp</dimen>
  <dimen name="sb_px_15">13.13sp</dimen>
  <dimen name="sb_px_16">14.00sp</dimen>
  <dimen name="sb_px_17">14.88sp</dimen>
  <dimen name="sb_px_18">15.75sp</dimen>
  <dimen name="sb_px_19">16.63sp</dimen>
  <dimen name="sb_px_20">17.50sp</dimen>
  <dimen name="sb_px_21">18.38sp</dimen>
  <dimen name="sb_px_22">19.25sp</dimen>
  <dimen name="sb_px_23">20.13sp</dimen>
  <dimen name="sb_px_24">21.00sp</dimen>
  <dimen name="sb_px_25">21.88sp</dimen>
  <dimen name="sb_px_26">22.75sp</dimen>
  <dimen name="sb_px_27">23.63sp</dimen>
  <dimen name="sb_px_28">24.50sp</dimen>
  <dimen name="sb_px_29">25.38sp</dimen>
  <dimen name="sb_px_30">26.25sp</dimen>
  <dimen name="sb_px_31">27.13sp</dimen>
  <dimen name="sb_px_32">28.00sp</dimen>
  <dimen name="sb_px_33">28.88sp</dimen>
  <dimen name="sb_px_34">29.75sp</dimen>
  <dimen name="sb_px_35">30.63sp</dimen>
  <dimen name="sb_px_36">31.50sp</dimen>
  <dimen name="sb_px_37">32.38sp</dimen>
  <dimen name="sb_px_38">33.25sp</dimen>
  <dimen name="sb_px_39">34.13sp</dimen>
  <dimen name="sb_px_40">35.00sp</dimen>
  <dimen name="sb_px_41">35.88sp</dimen>
  <dimen name="sb_px_42">36.75sp</dimen>
  <dimen name="sb_px_43">37.63sp</dimen>
  <dimen name="sb_px_44">38.50sp</dimen>
  <dimen name="sb_px_45">39.38sp</dimen>
  <dimen name="sb_px_46">40.25sp</dimen>
  <dimen name="sb_px_47">41.13sp</dimen>
  <dimen name="sb_px_48">42.00sp</dimen>
  <dimen name="sb_px_49">42.88sp</dimen>
  <dimen name="sb_px_50">43.75sp</dimen>
  <dimen name="sb_px_51">44.63sp</dimen>
  <dimen name="sb_px_52">45.50sp</dimen>
  <dimen name="sb_px_53">46.38sp</dimen>
  <dimen name="sb_px_54">47.25sp</dimen>
  <dimen name="sb_px_55">48.13sp</dimen>
  <dimen name="sb_px_56">49.00sp</dimen>
  <dimen name="sb_px_57">49.88sp</dimen>
  <dimen name="sb_px_58">50.75sp</dimen>
  <dimen name="sb_px_59">51.63sp</dimen>
  <dimen name="sb_px_60">52.50sp</dimen>
  <dimen name="sb_px_61">53.38sp</dimen>
  <dimen name="sb_px_62">54.25sp</dimen>
  <dimen name="sb_px_63">55.13sp</dimen>
  <dimen name="sb_px_64">56.00sp</dimen>
  <dimen name="sb_px_65">56.88sp</dimen>
  <dimen name="sb_px_66">57.75sp</dimen>
  <dimen name="sb_px_67">58.63sp</dimen>
  <dimen name="sb_px_68">59.50sp</dimen>
  <dimen name="sb_px_69">60.38sp</dimen>
  <dimen name="sb_px_70">61.25sp</dimen>
  <dimen name="sb_px_71">62.13sp</dimen>
  <dimen name="sb_px_72">63.00sp</dimen>
  <dimen name="sb_px_73">63.88sp</dimen>
  <dimen name="sb_px_74">64.75sp</dimen>
  <dimen name="sb_px_75">65.63sp</dimen>
  <dimen name="sb_px_76">66.50sp</dimen>
  <dimen name="sb_px_77">67.38sp</dimen>
  <dimen name="sb_px_78">68.25sp</dimen>
  <dimen name="sb_px_79">69.13sp</dimen>
  <dimen name="sb_px_80">70.00sp</dimen>
  <dimen name="sb_px_81">70.88sp</dimen>
  <dimen name="sb_px_82">71.75sp</dimen>
  <dimen name="sb_px_83">72.63sp</dimen>
  <dimen name="sb_px_84">73.50sp</dimen>
  <dimen name="sb_px_85">74.38sp</dimen>
  <dimen name="sb_px_86">75.25sp</dimen>
  <dimen name="sb_px_87">76.13sp</dimen>
  <dimen name="sb_px_88">77.00sp</dimen>
  <dimen name="sb_px_89">77.88sp</dimen>
  <dimen name="sb_px_90">78.75sp</dimen>
  <dimen name="sb_px_91">79.63sp</dimen>
  <dimen name="sb_px_92">80.50sp</dimen>
  <dimen name="sb_px_93">81.38sp</dimen>
  <dimen name="sb_px_94">82.25sp</dimen>
  <dimen name="sb_px_95">83.13sp</dimen>
  <dimen name="sb_px_96">84.00sp</dimen>
  <dimen name="sb_px_97">84.88sp</dimen>
  <dimen name="sb_px_98">85.75sp</dimen>
  <dimen name="sb_px_99">86.63sp</dimen>
  <dimen name="sb_px_100">87.50sp</dimen>
</resources>
