<?xml version="1.0" encoding="utf-8"?>
<resources xmlns:tools="http://schemas.android.com/tools" tools:ignore="MissingDefaultResource">
  <dimen name="base_dpi">550dp</dimen>
  <dimen name="qb_px_0">0.00dp</dimen>
  <dimen name="qb_px_1">0.76dp</dimen>
  <dimen name="qb_px_2">1.53dp</dimen>
  <dimen name="qb_px_3">2.29dp</dimen>
  <dimen name="qb_px_4">3.06dp</dimen>
  <dimen name="qb_px_5">3.82dp</dimen>
  <dimen name="qb_px_6">4.58dp</dimen>
  <dimen name="qb_px_7">5.35dp</dimen>
  <dimen name="qb_px_8">6.11dp</dimen>
  <dimen name="qb_px_9">6.88dp</dimen>
  <dimen name="qb_px_10">7.64dp</dimen>
  <dimen name="qb_px_11">8.40dp</dimen>
  <dimen name="qb_px_12">9.17dp</dimen>
  <dimen name="qb_px_13">9.93dp</dimen>
  <dimen name="qb_px_14">10.69dp</dimen>
  <dimen name="qb_px_15">11.46dp</dimen>
  <dimen name="qb_px_16">12.22dp</dimen>
  <dimen name="qb_px_17">12.99dp</dimen>
  <dimen name="qb_px_18">13.75dp</dimen>
  <dimen name="qb_px_19">14.51dp</dimen>
  <dimen name="qb_px_20">15.28dp</dimen>
  <dimen name="qb_px_21">16.04dp</dimen>
  <dimen name="qb_px_22">16.81dp</dimen>
  <dimen name="qb_px_23">17.57dp</dimen>
  <dimen name="qb_px_24">18.33dp</dimen>
  <dimen name="qb_px_25">19.10dp</dimen>
  <dimen name="qb_px_26">19.86dp</dimen>
  <dimen name="qb_px_27">20.63dp</dimen>
  <dimen name="qb_px_28">21.39dp</dimen>
  <dimen name="qb_px_29">22.15dp</dimen>
  <dimen name="qb_px_30">22.92dp</dimen>
  <dimen name="qb_px_31">23.68dp</dimen>
  <dimen name="qb_px_32">24.44dp</dimen>
  <dimen name="qb_px_33">25.21dp</dimen>
  <dimen name="qb_px_34">25.97dp</dimen>
  <dimen name="qb_px_35">26.74dp</dimen>
  <dimen name="qb_px_36">27.50dp</dimen>
  <dimen name="qb_px_37">28.26dp</dimen>
  <dimen name="qb_px_38">29.03dp</dimen>
  <dimen name="qb_px_39">29.79dp</dimen>
  <dimen name="qb_px_40">30.56dp</dimen>
  <dimen name="qb_px_41">31.32dp</dimen>
  <dimen name="qb_px_42">32.08dp</dimen>
  <dimen name="qb_px_43">32.85dp</dimen>
  <dimen name="qb_px_44">33.61dp</dimen>
  <dimen name="qb_px_45">34.38dp</dimen>
  <dimen name="qb_px_46">35.14dp</dimen>
  <dimen name="qb_px_47">35.90dp</dimen>
  <dimen name="qb_px_48">36.67dp</dimen>
  <dimen name="qb_px_49">37.43dp</dimen>
  <dimen name="qb_px_50">38.19dp</dimen>
  <dimen name="qb_px_51">38.96dp</dimen>
  <dimen name="qb_px_52">39.72dp</dimen>
  <dimen name="qb_px_53">40.49dp</dimen>
  <dimen name="qb_px_54">41.25dp</dimen>
  <dimen name="qb_px_55">42.01dp</dimen>
  <dimen name="qb_px_56">42.78dp</dimen>
  <dimen name="qb_px_57">43.54dp</dimen>
  <dimen name="qb_px_58">44.31dp</dimen>
  <dimen name="qb_px_59">45.07dp</dimen>
  <dimen name="qb_px_60">45.83dp</dimen>
  <dimen name="qb_px_61">46.60dp</dimen>
  <dimen name="qb_px_62">47.36dp</dimen>
  <dimen name="qb_px_63">48.13dp</dimen>
  <dimen name="qb_px_64">48.89dp</dimen>
  <dimen name="qb_px_65">49.65dp</dimen>
  <dimen name="qb_px_66">50.42dp</dimen>
  <dimen name="qb_px_67">51.18dp</dimen>
  <dimen name="qb_px_68">51.94dp</dimen>
  <dimen name="qb_px_69">52.71dp</dimen>
  <dimen name="qb_px_70">53.47dp</dimen>
  <dimen name="qb_px_71">54.24dp</dimen>
  <dimen name="qb_px_72">55.00dp</dimen>
  <dimen name="qb_px_73">55.76dp</dimen>
  <dimen name="qb_px_74">56.53dp</dimen>
  <dimen name="qb_px_75">57.29dp</dimen>
  <dimen name="qb_px_76">58.06dp</dimen>
  <dimen name="qb_px_77">58.82dp</dimen>
  <dimen name="qb_px_78">59.58dp</dimen>
  <dimen name="qb_px_79">60.35dp</dimen>
  <dimen name="qb_px_80">61.11dp</dimen>
  <dimen name="qb_px_81">61.88dp</dimen>
  <dimen name="qb_px_82">62.64dp</dimen>
  <dimen name="qb_px_83">63.40dp</dimen>
  <dimen name="qb_px_84">64.17dp</dimen>
  <dimen name="qb_px_85">64.93dp</dimen>
  <dimen name="qb_px_86">65.69dp</dimen>
  <dimen name="qb_px_87">66.46dp</dimen>
  <dimen name="qb_px_88">67.22dp</dimen>
  <dimen name="qb_px_89">67.99dp</dimen>
  <dimen name="qb_px_90">68.75dp</dimen>
  <dimen name="qb_px_91">69.51dp</dimen>
  <dimen name="qb_px_92">70.28dp</dimen>
  <dimen name="qb_px_93">71.04dp</dimen>
  <dimen name="qb_px_94">71.81dp</dimen>
  <dimen name="qb_px_95">72.57dp</dimen>
  <dimen name="qb_px_96">73.33dp</dimen>
  <dimen name="qb_px_97">74.10dp</dimen>
  <dimen name="qb_px_98">74.86dp</dimen>
  <dimen name="qb_px_99">75.63dp</dimen>
  <dimen name="qb_px_100">76.39dp</dimen>
  <dimen name="qb_px_101">77.15dp</dimen>
  <dimen name="qb_px_102">77.92dp</dimen>
  <dimen name="qb_px_103">78.68dp</dimen>
  <dimen name="qb_px_104">79.44dp</dimen>
  <dimen name="qb_px_105">80.21dp</dimen>
  <dimen name="qb_px_106">80.97dp</dimen>
  <dimen name="qb_px_107">81.74dp</dimen>
  <dimen name="qb_px_108">82.50dp</dimen>
  <dimen name="qb_px_109">83.26dp</dimen>
  <dimen name="qb_px_110">84.03dp</dimen>
  <dimen name="qb_px_111">84.79dp</dimen>
  <dimen name="qb_px_112">85.56dp</dimen>
  <dimen name="qb_px_113">86.32dp</dimen>
  <dimen name="qb_px_114">87.08dp</dimen>
  <dimen name="qb_px_115">87.85dp</dimen>
  <dimen name="qb_px_116">88.61dp</dimen>
  <dimen name="qb_px_117">89.38dp</dimen>
  <dimen name="qb_px_118">90.14dp</dimen>
  <dimen name="qb_px_119">90.90dp</dimen>
  <dimen name="qb_px_120">91.67dp</dimen>
  <dimen name="qb_px_121">92.43dp</dimen>
  <dimen name="qb_px_122">93.19dp</dimen>
  <dimen name="qb_px_123">93.96dp</dimen>
  <dimen name="qb_px_124">94.72dp</dimen>
  <dimen name="qb_px_125">95.49dp</dimen>
  <dimen name="qb_px_126">96.25dp</dimen>
  <dimen name="qb_px_127">97.01dp</dimen>
  <dimen name="qb_px_128">97.78dp</dimen>
  <dimen name="qb_px_129">98.54dp</dimen>
  <dimen name="qb_px_130">99.31dp</dimen>
  <dimen name="qb_px_131">100.07dp</dimen>
  <dimen name="qb_px_132">100.83dp</dimen>
  <dimen name="qb_px_133">101.60dp</dimen>
  <dimen name="qb_px_134">102.36dp</dimen>
  <dimen name="qb_px_135">103.13dp</dimen>
  <dimen name="qb_px_136">103.89dp</dimen>
  <dimen name="qb_px_137">104.65dp</dimen>
  <dimen name="qb_px_138">105.42dp</dimen>
  <dimen name="qb_px_139">106.18dp</dimen>
  <dimen name="qb_px_140">106.94dp</dimen>
  <dimen name="qb_px_141">107.71dp</dimen>
  <dimen name="qb_px_142">108.47dp</dimen>
  <dimen name="qb_px_143">109.24dp</dimen>
  <dimen name="qb_px_144">110.00dp</dimen>
  <dimen name="qb_px_145">110.76dp</dimen>
  <dimen name="qb_px_146">111.53dp</dimen>
  <dimen name="qb_px_147">112.29dp</dimen>
  <dimen name="qb_px_148">113.06dp</dimen>
  <dimen name="qb_px_149">113.82dp</dimen>
  <dimen name="qb_px_150">114.58dp</dimen>
  <dimen name="qb_px_151">115.35dp</dimen>
  <dimen name="qb_px_152">116.11dp</dimen>
  <dimen name="qb_px_153">116.88dp</dimen>
  <dimen name="qb_px_154">117.64dp</dimen>
  <dimen name="qb_px_155">118.40dp</dimen>
  <dimen name="qb_px_156">119.17dp</dimen>
  <dimen name="qb_px_157">119.93dp</dimen>
  <dimen name="qb_px_158">120.69dp</dimen>
  <dimen name="qb_px_159">121.46dp</dimen>
  <dimen name="qb_px_160">122.22dp</dimen>
  <dimen name="qb_px_161">122.99dp</dimen>
  <dimen name="qb_px_162">123.75dp</dimen>
  <dimen name="qb_px_163">124.51dp</dimen>
  <dimen name="qb_px_164">125.28dp</dimen>
  <dimen name="qb_px_165">126.04dp</dimen>
  <dimen name="qb_px_166">126.81dp</dimen>
  <dimen name="qb_px_167">127.57dp</dimen>
  <dimen name="qb_px_168">128.33dp</dimen>
  <dimen name="qb_px_169">129.10dp</dimen>
  <dimen name="qb_px_170">129.86dp</dimen>
  <dimen name="qb_px_171">130.63dp</dimen>
  <dimen name="qb_px_172">131.39dp</dimen>
  <dimen name="qb_px_173">132.15dp</dimen>
  <dimen name="qb_px_174">132.92dp</dimen>
  <dimen name="qb_px_175">133.68dp</dimen>
  <dimen name="qb_px_176">134.44dp</dimen>
  <dimen name="qb_px_177">135.21dp</dimen>
  <dimen name="qb_px_178">135.97dp</dimen>
  <dimen name="qb_px_179">136.74dp</dimen>
  <dimen name="qb_px_180">137.50dp</dimen>
  <dimen name="qb_px_181">138.26dp</dimen>
  <dimen name="qb_px_182">139.03dp</dimen>
  <dimen name="qb_px_183">139.79dp</dimen>
  <dimen name="qb_px_184">140.56dp</dimen>
  <dimen name="qb_px_185">141.32dp</dimen>
  <dimen name="qb_px_186">142.08dp</dimen>
  <dimen name="qb_px_187">142.85dp</dimen>
  <dimen name="qb_px_188">143.61dp</dimen>
  <dimen name="qb_px_189">144.38dp</dimen>
  <dimen name="qb_px_190">145.14dp</dimen>
  <dimen name="qb_px_191">145.90dp</dimen>
  <dimen name="qb_px_192">146.67dp</dimen>
  <dimen name="qb_px_193">147.43dp</dimen>
  <dimen name="qb_px_194">148.19dp</dimen>
  <dimen name="qb_px_195">148.96dp</dimen>
  <dimen name="qb_px_196">149.72dp</dimen>
  <dimen name="qb_px_197">150.49dp</dimen>
  <dimen name="qb_px_198">151.25dp</dimen>
  <dimen name="qb_px_199">152.01dp</dimen>
  <dimen name="qb_px_200">152.78dp</dimen>
  <dimen name="qb_px_201">153.54dp</dimen>
  <dimen name="qb_px_202">154.31dp</dimen>
  <dimen name="qb_px_203">155.07dp</dimen>
  <dimen name="qb_px_204">155.83dp</dimen>
  <dimen name="qb_px_205">156.60dp</dimen>
  <dimen name="qb_px_206">157.36dp</dimen>
  <dimen name="qb_px_207">158.13dp</dimen>
  <dimen name="qb_px_208">158.89dp</dimen>
  <dimen name="qb_px_209">159.65dp</dimen>
  <dimen name="qb_px_210">160.42dp</dimen>
  <dimen name="qb_px_211">161.18dp</dimen>
  <dimen name="qb_px_212">161.94dp</dimen>
  <dimen name="qb_px_213">162.71dp</dimen>
  <dimen name="qb_px_214">163.47dp</dimen>
  <dimen name="qb_px_215">164.24dp</dimen>
  <dimen name="qb_px_216">165.00dp</dimen>
  <dimen name="qb_px_217">165.76dp</dimen>
  <dimen name="qb_px_218">166.53dp</dimen>
  <dimen name="qb_px_219">167.29dp</dimen>
  <dimen name="qb_px_220">168.06dp</dimen>
  <dimen name="qb_px_221">168.82dp</dimen>
  <dimen name="qb_px_222">169.58dp</dimen>
  <dimen name="qb_px_223">170.35dp</dimen>
  <dimen name="qb_px_224">171.11dp</dimen>
  <dimen name="qb_px_225">171.88dp</dimen>
  <dimen name="qb_px_226">172.64dp</dimen>
  <dimen name="qb_px_227">173.40dp</dimen>
  <dimen name="qb_px_228">174.17dp</dimen>
  <dimen name="qb_px_229">174.93dp</dimen>
  <dimen name="qb_px_230">175.69dp</dimen>
  <dimen name="qb_px_231">176.46dp</dimen>
  <dimen name="qb_px_232">177.22dp</dimen>
  <dimen name="qb_px_233">177.99dp</dimen>
  <dimen name="qb_px_234">178.75dp</dimen>
  <dimen name="qb_px_235">179.51dp</dimen>
  <dimen name="qb_px_236">180.28dp</dimen>
  <dimen name="qb_px_237">181.04dp</dimen>
  <dimen name="qb_px_238">181.81dp</dimen>
  <dimen name="qb_px_239">182.57dp</dimen>
  <dimen name="qb_px_240">183.33dp</dimen>
  <dimen name="qb_px_241">184.10dp</dimen>
  <dimen name="qb_px_242">184.86dp</dimen>
  <dimen name="qb_px_243">185.63dp</dimen>
  <dimen name="qb_px_244">186.39dp</dimen>
  <dimen name="qb_px_245">187.15dp</dimen>
  <dimen name="qb_px_246">187.92dp</dimen>
  <dimen name="qb_px_247">188.68dp</dimen>
  <dimen name="qb_px_248">189.44dp</dimen>
  <dimen name="qb_px_249">190.21dp</dimen>
  <dimen name="qb_px_250">190.97dp</dimen>
  <dimen name="qb_px_251">191.74dp</dimen>
  <dimen name="qb_px_252">192.50dp</dimen>
  <dimen name="qb_px_253">193.26dp</dimen>
  <dimen name="qb_px_254">194.03dp</dimen>
  <dimen name="qb_px_255">194.79dp</dimen>
  <dimen name="qb_px_256">195.56dp</dimen>
  <dimen name="qb_px_257">196.32dp</dimen>
  <dimen name="qb_px_258">197.08dp</dimen>
  <dimen name="qb_px_259">197.85dp</dimen>
  <dimen name="qb_px_260">198.61dp</dimen>
  <dimen name="qb_px_261">199.38dp</dimen>
  <dimen name="qb_px_262">200.14dp</dimen>
  <dimen name="qb_px_263">200.90dp</dimen>
  <dimen name="qb_px_264">201.67dp</dimen>
  <dimen name="qb_px_265">202.43dp</dimen>
  <dimen name="qb_px_266">203.19dp</dimen>
  <dimen name="qb_px_267">203.96dp</dimen>
  <dimen name="qb_px_268">204.72dp</dimen>
  <dimen name="qb_px_269">205.49dp</dimen>
  <dimen name="qb_px_270">206.25dp</dimen>
  <dimen name="qb_px_271">207.01dp</dimen>
  <dimen name="qb_px_272">207.78dp</dimen>
  <dimen name="qb_px_273">208.54dp</dimen>
  <dimen name="qb_px_274">209.31dp</dimen>
  <dimen name="qb_px_275">210.07dp</dimen>
  <dimen name="qb_px_276">210.83dp</dimen>
  <dimen name="qb_px_277">211.60dp</dimen>
  <dimen name="qb_px_278">212.36dp</dimen>
  <dimen name="qb_px_279">213.13dp</dimen>
  <dimen name="qb_px_280">213.89dp</dimen>
  <dimen name="qb_px_281">214.65dp</dimen>
  <dimen name="qb_px_282">215.42dp</dimen>
  <dimen name="qb_px_283">216.18dp</dimen>
  <dimen name="qb_px_284">216.94dp</dimen>
  <dimen name="qb_px_285">217.71dp</dimen>
  <dimen name="qb_px_286">218.47dp</dimen>
  <dimen name="qb_px_287">219.24dp</dimen>
  <dimen name="qb_px_288">220.00dp</dimen>
  <dimen name="qb_px_289">220.76dp</dimen>
  <dimen name="qb_px_290">221.53dp</dimen>
  <dimen name="qb_px_291">222.29dp</dimen>
  <dimen name="qb_px_292">223.06dp</dimen>
  <dimen name="qb_px_293">223.82dp</dimen>
  <dimen name="qb_px_294">224.58dp</dimen>
  <dimen name="qb_px_295">225.35dp</dimen>
  <dimen name="qb_px_296">226.11dp</dimen>
  <dimen name="qb_px_297">226.88dp</dimen>
  <dimen name="qb_px_298">227.64dp</dimen>
  <dimen name="qb_px_299">228.40dp</dimen>
  <dimen name="qb_px_300">229.17dp</dimen>
  <dimen name="qb_px_301">229.93dp</dimen>
  <dimen name="qb_px_302">230.69dp</dimen>
  <dimen name="qb_px_303">231.46dp</dimen>
  <dimen name="qb_px_304">232.22dp</dimen>
  <dimen name="qb_px_305">232.99dp</dimen>
  <dimen name="qb_px_306">233.75dp</dimen>
  <dimen name="qb_px_307">234.51dp</dimen>
  <dimen name="qb_px_308">235.28dp</dimen>
  <dimen name="qb_px_309">236.04dp</dimen>
  <dimen name="qb_px_310">236.81dp</dimen>
  <dimen name="qb_px_311">237.57dp</dimen>
  <dimen name="qb_px_312">238.33dp</dimen>
  <dimen name="qb_px_313">239.10dp</dimen>
  <dimen name="qb_px_314">239.86dp</dimen>
  <dimen name="qb_px_315">240.63dp</dimen>
  <dimen name="qb_px_316">241.39dp</dimen>
  <dimen name="qb_px_317">242.15dp</dimen>
  <dimen name="qb_px_318">242.92dp</dimen>
  <dimen name="qb_px_319">243.68dp</dimen>
  <dimen name="qb_px_320">244.44dp</dimen>
  <dimen name="qb_px_321">245.21dp</dimen>
  <dimen name="qb_px_322">245.97dp</dimen>
  <dimen name="qb_px_323">246.74dp</dimen>
  <dimen name="qb_px_324">247.50dp</dimen>
  <dimen name="qb_px_325">248.26dp</dimen>
  <dimen name="qb_px_326">249.03dp</dimen>
  <dimen name="qb_px_327">249.79dp</dimen>
  <dimen name="qb_px_328">250.56dp</dimen>
  <dimen name="qb_px_329">251.32dp</dimen>
  <dimen name="qb_px_330">252.08dp</dimen>
  <dimen name="qb_px_331">252.85dp</dimen>
  <dimen name="qb_px_332">253.61dp</dimen>
  <dimen name="qb_px_333">254.38dp</dimen>
  <dimen name="qb_px_334">255.14dp</dimen>
  <dimen name="qb_px_335">255.90dp</dimen>
  <dimen name="qb_px_336">256.67dp</dimen>
  <dimen name="qb_px_337">257.43dp</dimen>
  <dimen name="qb_px_338">258.19dp</dimen>
  <dimen name="qb_px_339">258.96dp</dimen>
  <dimen name="qb_px_340">259.72dp</dimen>
  <dimen name="qb_px_341">260.49dp</dimen>
  <dimen name="qb_px_342">261.25dp</dimen>
  <dimen name="qb_px_343">262.01dp</dimen>
  <dimen name="qb_px_344">262.78dp</dimen>
  <dimen name="qb_px_345">263.54dp</dimen>
  <dimen name="qb_px_346">264.31dp</dimen>
  <dimen name="qb_px_347">265.07dp</dimen>
  <dimen name="qb_px_348">265.83dp</dimen>
  <dimen name="qb_px_349">266.60dp</dimen>
  <dimen name="qb_px_350">267.36dp</dimen>
  <dimen name="qb_px_351">268.13dp</dimen>
  <dimen name="qb_px_352">268.89dp</dimen>
  <dimen name="qb_px_353">269.65dp</dimen>
  <dimen name="qb_px_354">270.42dp</dimen>
  <dimen name="qb_px_355">271.18dp</dimen>
  <dimen name="qb_px_356">271.94dp</dimen>
  <dimen name="qb_px_357">272.71dp</dimen>
  <dimen name="qb_px_358">273.47dp</dimen>
  <dimen name="qb_px_359">274.24dp</dimen>
  <dimen name="qb_px_360">275.00dp</dimen>
  <dimen name="qb_px_361">275.76dp</dimen>
  <dimen name="qb_px_362">276.53dp</dimen>
  <dimen name="qb_px_363">277.29dp</dimen>
  <dimen name="qb_px_364">278.06dp</dimen>
  <dimen name="qb_px_365">278.82dp</dimen>
  <dimen name="qb_px_366">279.58dp</dimen>
  <dimen name="qb_px_367">280.35dp</dimen>
  <dimen name="qb_px_368">281.11dp</dimen>
  <dimen name="qb_px_369">281.88dp</dimen>
  <dimen name="qb_px_370">282.64dp</dimen>
  <dimen name="qb_px_371">283.40dp</dimen>
  <dimen name="qb_px_372">284.17dp</dimen>
  <dimen name="qb_px_373">284.93dp</dimen>
  <dimen name="qb_px_374">285.69dp</dimen>
  <dimen name="qb_px_375">286.46dp</dimen>
  <dimen name="qb_px_376">287.22dp</dimen>
  <dimen name="qb_px_377">287.99dp</dimen>
  <dimen name="qb_px_378">288.75dp</dimen>
  <dimen name="qb_px_379">289.51dp</dimen>
  <dimen name="qb_px_380">290.28dp</dimen>
  <dimen name="qb_px_381">291.04dp</dimen>
  <dimen name="qb_px_382">291.81dp</dimen>
  <dimen name="qb_px_383">292.57dp</dimen>
  <dimen name="qb_px_384">293.33dp</dimen>
  <dimen name="qb_px_385">294.10dp</dimen>
  <dimen name="qb_px_386">294.86dp</dimen>
  <dimen name="qb_px_387">295.63dp</dimen>
  <dimen name="qb_px_388">296.39dp</dimen>
  <dimen name="qb_px_389">297.15dp</dimen>
  <dimen name="qb_px_390">297.92dp</dimen>
  <dimen name="qb_px_391">298.68dp</dimen>
  <dimen name="qb_px_392">299.44dp</dimen>
  <dimen name="qb_px_393">300.21dp</dimen>
  <dimen name="qb_px_394">300.97dp</dimen>
  <dimen name="qb_px_395">301.74dp</dimen>
  <dimen name="qb_px_396">302.50dp</dimen>
  <dimen name="qb_px_397">303.26dp</dimen>
  <dimen name="qb_px_398">304.03dp</dimen>
  <dimen name="qb_px_399">304.79dp</dimen>
  <dimen name="qb_px_400">305.56dp</dimen>
  <dimen name="qb_px_401">306.32dp</dimen>
  <dimen name="qb_px_402">307.08dp</dimen>
  <dimen name="qb_px_403">307.85dp</dimen>
  <dimen name="qb_px_404">308.61dp</dimen>
  <dimen name="qb_px_405">309.38dp</dimen>
  <dimen name="qb_px_406">310.14dp</dimen>
  <dimen name="qb_px_407">310.90dp</dimen>
  <dimen name="qb_px_408">311.67dp</dimen>
  <dimen name="qb_px_409">312.43dp</dimen>
  <dimen name="qb_px_410">313.19dp</dimen>
  <dimen name="qb_px_411">313.96dp</dimen>
  <dimen name="qb_px_412">314.72dp</dimen>
  <dimen name="qb_px_413">315.49dp</dimen>
  <dimen name="qb_px_414">316.25dp</dimen>
  <dimen name="qb_px_415">317.01dp</dimen>
  <dimen name="qb_px_416">317.78dp</dimen>
  <dimen name="qb_px_417">318.54dp</dimen>
  <dimen name="qb_px_418">319.31dp</dimen>
  <dimen name="qb_px_419">320.07dp</dimen>
  <dimen name="qb_px_420">320.83dp</dimen>
  <dimen name="qb_px_421">321.60dp</dimen>
  <dimen name="qb_px_422">322.36dp</dimen>
  <dimen name="qb_px_423">323.13dp</dimen>
  <dimen name="qb_px_424">323.89dp</dimen>
  <dimen name="qb_px_425">324.65dp</dimen>
  <dimen name="qb_px_426">325.42dp</dimen>
  <dimen name="qb_px_427">326.18dp</dimen>
  <dimen name="qb_px_428">326.94dp</dimen>
  <dimen name="qb_px_429">327.71dp</dimen>
  <dimen name="qb_px_430">328.47dp</dimen>
  <dimen name="qb_px_431">329.24dp</dimen>
  <dimen name="qb_px_432">330.00dp</dimen>
  <dimen name="qb_px_433">330.76dp</dimen>
  <dimen name="qb_px_434">331.53dp</dimen>
  <dimen name="qb_px_435">332.29dp</dimen>
  <dimen name="qb_px_436">333.06dp</dimen>
  <dimen name="qb_px_437">333.82dp</dimen>
  <dimen name="qb_px_438">334.58dp</dimen>
  <dimen name="qb_px_439">335.35dp</dimen>
  <dimen name="qb_px_440">336.11dp</dimen>
  <dimen name="qb_px_441">336.88dp</dimen>
  <dimen name="qb_px_442">337.64dp</dimen>
  <dimen name="qb_px_443">338.40dp</dimen>
  <dimen name="qb_px_444">339.17dp</dimen>
  <dimen name="qb_px_445">339.93dp</dimen>
  <dimen name="qb_px_446">340.69dp</dimen>
  <dimen name="qb_px_447">341.46dp</dimen>
  <dimen name="qb_px_448">342.22dp</dimen>
  <dimen name="qb_px_449">342.99dp</dimen>
  <dimen name="qb_px_450">343.75dp</dimen>
  <dimen name="qb_px_451">344.51dp</dimen>
  <dimen name="qb_px_452">345.28dp</dimen>
  <dimen name="qb_px_453">346.04dp</dimen>
  <dimen name="qb_px_454">346.81dp</dimen>
  <dimen name="qb_px_455">347.57dp</dimen>
  <dimen name="qb_px_456">348.33dp</dimen>
  <dimen name="qb_px_457">349.10dp</dimen>
  <dimen name="qb_px_458">349.86dp</dimen>
  <dimen name="qb_px_459">350.63dp</dimen>
  <dimen name="qb_px_460">351.39dp</dimen>
  <dimen name="qb_px_461">352.15dp</dimen>
  <dimen name="qb_px_462">352.92dp</dimen>
  <dimen name="qb_px_463">353.68dp</dimen>
  <dimen name="qb_px_464">354.44dp</dimen>
  <dimen name="qb_px_465">355.21dp</dimen>
  <dimen name="qb_px_466">355.97dp</dimen>
  <dimen name="qb_px_467">356.74dp</dimen>
  <dimen name="qb_px_468">357.50dp</dimen>
  <dimen name="qb_px_469">358.26dp</dimen>
  <dimen name="qb_px_470">359.03dp</dimen>
  <dimen name="qb_px_471">359.79dp</dimen>
  <dimen name="qb_px_472">360.56dp</dimen>
  <dimen name="qb_px_473">361.32dp</dimen>
  <dimen name="qb_px_474">362.08dp</dimen>
  <dimen name="qb_px_475">362.85dp</dimen>
  <dimen name="qb_px_476">363.61dp</dimen>
  <dimen name="qb_px_477">364.38dp</dimen>
  <dimen name="qb_px_478">365.14dp</dimen>
  <dimen name="qb_px_479">365.90dp</dimen>
  <dimen name="qb_px_480">366.67dp</dimen>
  <dimen name="qb_px_481">367.43dp</dimen>
  <dimen name="qb_px_482">368.19dp</dimen>
  <dimen name="qb_px_483">368.96dp</dimen>
  <dimen name="qb_px_484">369.72dp</dimen>
  <dimen name="qb_px_485">370.49dp</dimen>
  <dimen name="qb_px_486">371.25dp</dimen>
  <dimen name="qb_px_487">372.01dp</dimen>
  <dimen name="qb_px_488">372.78dp</dimen>
  <dimen name="qb_px_489">373.54dp</dimen>
  <dimen name="qb_px_490">374.31dp</dimen>
  <dimen name="qb_px_491">375.07dp</dimen>
  <dimen name="qb_px_492">375.83dp</dimen>
  <dimen name="qb_px_493">376.60dp</dimen>
  <dimen name="qb_px_494">377.36dp</dimen>
  <dimen name="qb_px_495">378.13dp</dimen>
  <dimen name="qb_px_496">378.89dp</dimen>
  <dimen name="qb_px_497">379.65dp</dimen>
  <dimen name="qb_px_498">380.42dp</dimen>
  <dimen name="qb_px_499">381.18dp</dimen>
  <dimen name="qb_px_500">381.94dp</dimen>
  <dimen name="qb_px_501">382.71dp</dimen>
  <dimen name="qb_px_502">383.47dp</dimen>
  <dimen name="qb_px_503">384.24dp</dimen>
  <dimen name="qb_px_504">385.00dp</dimen>
  <dimen name="qb_px_505">385.76dp</dimen>
  <dimen name="qb_px_506">386.53dp</dimen>
  <dimen name="qb_px_507">387.29dp</dimen>
  <dimen name="qb_px_508">388.06dp</dimen>
  <dimen name="qb_px_509">388.82dp</dimen>
  <dimen name="qb_px_510">389.58dp</dimen>
  <dimen name="qb_px_511">390.35dp</dimen>
  <dimen name="qb_px_512">391.11dp</dimen>
  <dimen name="qb_px_513">391.88dp</dimen>
  <dimen name="qb_px_514">392.64dp</dimen>
  <dimen name="qb_px_515">393.40dp</dimen>
  <dimen name="qb_px_516">394.17dp</dimen>
  <dimen name="qb_px_517">394.93dp</dimen>
  <dimen name="qb_px_518">395.69dp</dimen>
  <dimen name="qb_px_519">396.46dp</dimen>
  <dimen name="qb_px_520">397.22dp</dimen>
  <dimen name="qb_px_521">397.99dp</dimen>
  <dimen name="qb_px_522">398.75dp</dimen>
  <dimen name="qb_px_523">399.51dp</dimen>
  <dimen name="qb_px_524">400.28dp</dimen>
  <dimen name="qb_px_525">401.04dp</dimen>
  <dimen name="qb_px_526">401.81dp</dimen>
  <dimen name="qb_px_527">402.57dp</dimen>
  <dimen name="qb_px_528">403.33dp</dimen>
  <dimen name="qb_px_529">404.10dp</dimen>
  <dimen name="qb_px_530">404.86dp</dimen>
  <dimen name="qb_px_531">405.63dp</dimen>
  <dimen name="qb_px_532">406.39dp</dimen>
  <dimen name="qb_px_533">407.15dp</dimen>
  <dimen name="qb_px_534">407.92dp</dimen>
  <dimen name="qb_px_535">408.68dp</dimen>
  <dimen name="qb_px_536">409.44dp</dimen>
  <dimen name="qb_px_537">410.21dp</dimen>
  <dimen name="qb_px_538">410.97dp</dimen>
  <dimen name="qb_px_539">411.74dp</dimen>
  <dimen name="qb_px_540">412.50dp</dimen>
  <dimen name="qb_px_541">413.26dp</dimen>
  <dimen name="qb_px_542">414.03dp</dimen>
  <dimen name="qb_px_543">414.79dp</dimen>
  <dimen name="qb_px_544">415.56dp</dimen>
  <dimen name="qb_px_545">416.32dp</dimen>
  <dimen name="qb_px_546">417.08dp</dimen>
  <dimen name="qb_px_547">417.85dp</dimen>
  <dimen name="qb_px_548">418.61dp</dimen>
  <dimen name="qb_px_549">419.38dp</dimen>
  <dimen name="qb_px_550">420.14dp</dimen>
  <dimen name="qb_px_551">420.90dp</dimen>
  <dimen name="qb_px_552">421.67dp</dimen>
  <dimen name="qb_px_553">422.43dp</dimen>
  <dimen name="qb_px_554">423.19dp</dimen>
  <dimen name="qb_px_555">423.96dp</dimen>
  <dimen name="qb_px_556">424.72dp</dimen>
  <dimen name="qb_px_557">425.49dp</dimen>
  <dimen name="qb_px_558">426.25dp</dimen>
  <dimen name="qb_px_559">427.01dp</dimen>
  <dimen name="qb_px_560">427.78dp</dimen>
  <dimen name="qb_px_561">428.54dp</dimen>
  <dimen name="qb_px_562">429.31dp</dimen>
  <dimen name="qb_px_563">430.07dp</dimen>
  <dimen name="qb_px_564">430.83dp</dimen>
  <dimen name="qb_px_565">431.60dp</dimen>
  <dimen name="qb_px_566">432.36dp</dimen>
  <dimen name="qb_px_567">433.13dp</dimen>
  <dimen name="qb_px_568">433.89dp</dimen>
  <dimen name="qb_px_569">434.65dp</dimen>
  <dimen name="qb_px_570">435.42dp</dimen>
  <dimen name="qb_px_571">436.18dp</dimen>
  <dimen name="qb_px_572">436.94dp</dimen>
  <dimen name="qb_px_573">437.71dp</dimen>
  <dimen name="qb_px_574">438.47dp</dimen>
  <dimen name="qb_px_575">439.24dp</dimen>
  <dimen name="qb_px_576">440.00dp</dimen>
  <dimen name="qb_px_577">440.76dp</dimen>
  <dimen name="qb_px_578">441.53dp</dimen>
  <dimen name="qb_px_579">442.29dp</dimen>
  <dimen name="qb_px_580">443.06dp</dimen>
  <dimen name="qb_px_581">443.82dp</dimen>
  <dimen name="qb_px_582">444.58dp</dimen>
  <dimen name="qb_px_583">445.35dp</dimen>
  <dimen name="qb_px_584">446.11dp</dimen>
  <dimen name="qb_px_585">446.88dp</dimen>
  <dimen name="qb_px_586">447.64dp</dimen>
  <dimen name="qb_px_587">448.40dp</dimen>
  <dimen name="qb_px_588">449.17dp</dimen>
  <dimen name="qb_px_589">449.93dp</dimen>
  <dimen name="qb_px_590">450.69dp</dimen>
  <dimen name="qb_px_591">451.46dp</dimen>
  <dimen name="qb_px_592">452.22dp</dimen>
  <dimen name="qb_px_593">452.99dp</dimen>
  <dimen name="qb_px_594">453.75dp</dimen>
  <dimen name="qb_px_595">454.51dp</dimen>
  <dimen name="qb_px_596">455.28dp</dimen>
  <dimen name="qb_px_597">456.04dp</dimen>
  <dimen name="qb_px_598">456.81dp</dimen>
  <dimen name="qb_px_599">457.57dp</dimen>
  <dimen name="qb_px_600">458.33dp</dimen>
  <dimen name="qb_px_1200">916.66dp</dimen>
  <dimen name="qb_px_601">459.10dp</dimen>
  <dimen name="qb_px_602">459.86dp</dimen>
  <dimen name="qb_px_603">460.63dp</dimen>
  <dimen name="qb_px_604">461.39dp</dimen>
  <dimen name="qb_px_605">462.15dp</dimen>
  <dimen name="qb_px_606">462.92dp</dimen>
  <dimen name="qb_px_607">463.68dp</dimen>
  <dimen name="qb_px_608">464.44dp</dimen>
  <dimen name="qb_px_609">465.21dp</dimen>
  <dimen name="qb_px_610">465.97dp</dimen>
  <dimen name="qb_px_611">466.74dp</dimen>
  <dimen name="qb_px_612">467.50dp</dimen>
  <dimen name="qb_px_613">468.26dp</dimen>
  <dimen name="qb_px_614">469.03dp</dimen>
  <dimen name="qb_px_615">469.79dp</dimen>
  <dimen name="qb_px_616">470.56dp</dimen>
  <dimen name="qb_px_617">471.32dp</dimen>
  <dimen name="qb_px_618">472.08dp</dimen>
  <dimen name="qb_px_619">472.85dp</dimen>
  <dimen name="qb_px_620">473.61dp</dimen>
  <dimen name="qb_px_621">474.38dp</dimen>
  <dimen name="qb_px_622">475.14dp</dimen>
  <dimen name="qb_px_623">475.90dp</dimen>
  <dimen name="qb_px_624">476.67dp</dimen>
  <dimen name="qb_px_625">477.43dp</dimen>
  <dimen name="qb_px_626">478.19dp</dimen>
  <dimen name="qb_px_627">478.96dp</dimen>
  <dimen name="qb_px_628">479.72dp</dimen>
  <dimen name="qb_px_629">480.49dp</dimen>
  <dimen name="qb_px_630">481.25dp</dimen>
  <dimen name="qb_px_631">482.01dp</dimen>
  <dimen name="qb_px_632">482.78dp</dimen>
  <dimen name="qb_px_633">483.54dp</dimen>
  <dimen name="qb_px_634">484.31dp</dimen>
  <dimen name="qb_px_635">485.07dp</dimen>
  <dimen name="qb_px_636">485.83dp</dimen>
  <dimen name="qb_px_637">486.60dp</dimen>
  <dimen name="qb_px_638">487.36dp</dimen>
  <dimen name="qb_px_639">488.13dp</dimen>
  <dimen name="qb_px_640">488.89dp</dimen>
  <dimen name="qb_px_641">489.65dp</dimen>
  <dimen name="qb_px_642">490.42dp</dimen>
  <dimen name="qb_px_643">491.18dp</dimen>
  <dimen name="qb_px_644">491.94dp</dimen>
  <dimen name="qb_px_645">492.71dp</dimen>
  <dimen name="qb_px_646">493.47dp</dimen>
  <dimen name="qb_px_647">494.24dp</dimen>
  <dimen name="qb_px_648">495.00dp</dimen>
  <dimen name="qb_px_649">495.76dp</dimen>
  <dimen name="qb_px_650">496.53dp</dimen>
  <dimen name="qb_px_651">497.29dp</dimen>
  <dimen name="qb_px_652">498.06dp</dimen>
  <dimen name="qb_px_653">498.82dp</dimen>
  <dimen name="qb_px_654">499.58dp</dimen>
  <dimen name="qb_px_655">500.35dp</dimen>
  <dimen name="qb_px_656">501.11dp</dimen>
  <dimen name="qb_px_657">501.88dp</dimen>
  <dimen name="qb_px_658">502.64dp</dimen>
  <dimen name="qb_px_659">503.40dp</dimen>
  <dimen name="qb_px_660">504.17dp</dimen>
  <dimen name="qb_px_661">504.93dp</dimen>
  <dimen name="qb_px_662">505.69dp</dimen>
  <dimen name="qb_px_663">506.46dp</dimen>
  <dimen name="qb_px_664">507.22dp</dimen>
  <dimen name="qb_px_665">507.99dp</dimen>
  <dimen name="qb_px_666">508.75dp</dimen>
  <dimen name="qb_px_667">509.51dp</dimen>
  <dimen name="qb_px_668">510.28dp</dimen>
  <dimen name="qb_px_669">511.04dp</dimen>
  <dimen name="qb_px_670">511.81dp</dimen>
  <dimen name="qb_px_671">512.57dp</dimen>
  <dimen name="qb_px_672">513.33dp</dimen>
  <dimen name="qb_px_673">514.10dp</dimen>
  <dimen name="qb_px_674">514.86dp</dimen>
  <dimen name="qb_px_675">515.63dp</dimen>
  <dimen name="qb_px_676">516.39dp</dimen>
  <dimen name="qb_px_677">517.15dp</dimen>
  <dimen name="qb_px_678">517.92dp</dimen>
  <dimen name="qb_px_679">518.68dp</dimen>
  <dimen name="qb_px_680">519.44dp</dimen>
  <dimen name="qb_px_681">520.21dp</dimen>
  <dimen name="qb_px_682">520.97dp</dimen>
  <dimen name="qb_px_683">521.74dp</dimen>
  <dimen name="qb_px_684">522.50dp</dimen>
  <dimen name="qb_px_685">523.26dp</dimen>
  <dimen name="qb_px_686">524.03dp</dimen>
  <dimen name="qb_px_687">524.79dp</dimen>
  <dimen name="qb_px_688">525.56dp</dimen>
  <dimen name="qb_px_689">526.32dp</dimen>
  <dimen name="qb_px_690">527.08dp</dimen>
  <dimen name="qb_px_691">527.85dp</dimen>
  <dimen name="qb_px_692">528.61dp</dimen>
  <dimen name="qb_px_693">529.38dp</dimen>
  <dimen name="qb_px_694">530.14dp</dimen>
  <dimen name="qb_px_695">530.90dp</dimen>
  <dimen name="qb_px_696">531.67dp</dimen>
  <dimen name="qb_px_697">532.43dp</dimen>
  <dimen name="qb_px_698">533.19dp</dimen>
  <dimen name="qb_px_699">533.96dp</dimen>
  <dimen name="qb_px_700">534.72dp</dimen>
  <dimen name="qb_px_701">535.49dp</dimen>
  <dimen name="qb_px_702">536.25dp</dimen>
  <dimen name="qb_px_703">537.01dp</dimen>
  <dimen name="qb_px_704">537.78dp</dimen>
  <dimen name="qb_px_705">538.54dp</dimen>
  <dimen name="qb_px_706">539.31dp</dimen>
  <dimen name="qb_px_707">540.07dp</dimen>
  <dimen name="qb_px_708">540.83dp</dimen>
  <dimen name="qb_px_709">541.60dp</dimen>
  <dimen name="qb_px_710">542.36dp</dimen>
  <dimen name="qb_px_711">543.13dp</dimen>
  <dimen name="qb_px_712">543.89dp</dimen>
  <dimen name="qb_px_713">544.65dp</dimen>
  <dimen name="qb_px_714">545.42dp</dimen>
  <dimen name="qb_px_715">546.18dp</dimen>
  <dimen name="qb_px_716">546.94dp</dimen>
  <dimen name="qb_px_717">547.71dp</dimen>
  <dimen name="qb_px_718">548.47dp</dimen>
  <dimen name="qb_px_719">549.24dp</dimen>
  <dimen name="qb_px_720">550.00dp</dimen>
  <dimen name="qb_px_1440">1100.00dp</dimen>
  <dimen name="qb_px_721">550.76dp</dimen>
  <dimen name="qb_px_722">551.53dp</dimen>
  <dimen name="qb_px_723">552.29dp</dimen>
  <dimen name="qb_px_724">553.06dp</dimen>
  <dimen name="qb_px_725">553.82dp</dimen>
  <dimen name="qb_px_726">554.58dp</dimen>
  <dimen name="qb_px_727">555.35dp</dimen>
  <dimen name="qb_px_728">556.11dp</dimen>
  <dimen name="qb_px_729">556.88dp</dimen>
  <dimen name="qb_px_730">557.64dp</dimen>
  <dimen name="qb_px_731">558.40dp</dimen>
  <dimen name="qb_px_732">559.17dp</dimen>
  <dimen name="qb_px_733">559.93dp</dimen>
  <dimen name="qb_px_734">560.69dp</dimen>
  <dimen name="qb_px_735">561.46dp</dimen>
  <dimen name="qb_px_736">562.22dp</dimen>
  <dimen name="qb_px_737">562.99dp</dimen>
  <dimen name="qb_px_738">563.75dp</dimen>
  <dimen name="qb_px_739">564.51dp</dimen>
  <dimen name="qb_px_740">565.28dp</dimen>
  <dimen name="qb_px_741">566.04dp</dimen>
  <dimen name="qb_px_742">566.81dp</dimen>
  <dimen name="qb_px_743">567.57dp</dimen>
  <dimen name="qb_px_744">568.33dp</dimen>
  <dimen name="qb_px_745">569.10dp</dimen>
  <dimen name="qb_px_746">569.86dp</dimen>
  <dimen name="qb_px_747">570.63dp</dimen>
  <dimen name="qb_px_748">571.39dp</dimen>
  <dimen name="qb_px_749">572.15dp</dimen>
  <dimen name="qb_px_750">572.92dp</dimen>
  <dimen name="qb_px_751">573.68dp</dimen>
  <dimen name="qb_px_752">574.44dp</dimen>
  <dimen name="qb_px_753">575.21dp</dimen>
  <dimen name="qb_px_754">575.97dp</dimen>
  <dimen name="qb_px_755">576.74dp</dimen>
  <dimen name="qb_px_756">577.50dp</dimen>
  <dimen name="qb_px_757">578.26dp</dimen>
  <dimen name="qb_px_758">579.03dp</dimen>
  <dimen name="qb_px_759">579.79dp</dimen>
  <dimen name="qb_px_760">580.56dp</dimen>
  <dimen name="qb_px_761">581.32dp</dimen>
  <dimen name="qb_px_762">582.08dp</dimen>
  <dimen name="qb_px_763">582.85dp</dimen>
  <dimen name="qb_px_764">583.61dp</dimen>
  <dimen name="qb_px_765">584.38dp</dimen>
  <dimen name="qb_px_766">585.14dp</dimen>
  <dimen name="qb_px_767">585.90dp</dimen>
  <dimen name="qb_px_768">586.67dp</dimen>
  <dimen name="qb_px_769">587.43dp</dimen>
  <dimen name="qb_px_770">588.19dp</dimen>
  <dimen name="qb_px_771">588.96dp</dimen>
  <dimen name="qb_px_772">589.72dp</dimen>
  <dimen name="qb_px_773">590.49dp</dimen>
  <dimen name="qb_px_774">591.25dp</dimen>
  <dimen name="qb_px_775">592.01dp</dimen>
  <dimen name="qb_px_776">592.78dp</dimen>
  <dimen name="qb_px_777">593.54dp</dimen>
  <dimen name="qb_px_778">594.31dp</dimen>
  <dimen name="qb_px_779">595.07dp</dimen>
  <dimen name="qb_px_780">595.83dp</dimen>
  <dimen name="qb_px_781">596.60dp</dimen>
  <dimen name="qb_px_782">597.36dp</dimen>
  <dimen name="qb_px_783">598.13dp</dimen>
  <dimen name="qb_px_784">598.89dp</dimen>
  <dimen name="qb_px_785">599.65dp</dimen>
  <dimen name="qb_px_786">600.42dp</dimen>
  <dimen name="qb_px_787">601.18dp</dimen>
  <dimen name="qb_px_788">601.94dp</dimen>
  <dimen name="qb_px_789">602.71dp</dimen>
  <dimen name="qb_px_790">603.47dp</dimen>
  <dimen name="qb_px_791">604.24dp</dimen>
  <dimen name="qb_px_792">605.00dp</dimen>
  <dimen name="qb_px_793">605.76dp</dimen>
  <dimen name="qb_px_794">606.53dp</dimen>
  <dimen name="qb_px_795">607.29dp</dimen>
  <dimen name="qb_px_796">608.06dp</dimen>
  <dimen name="qb_px_797">608.82dp</dimen>
  <dimen name="qb_px_798">609.58dp</dimen>
  <dimen name="qb_px_799">610.35dp</dimen>
  <dimen name="qb_px_800">611.11dp</dimen>
  <dimen name="qb_px_1600">1222.22dp</dimen>
  <dimen name="qb_px_2400">1833.33dp</dimen>
  <dimen name="qb_px_3200">2444.44dp</dimen>
  <dimen name="qb_px_801">611.88dp</dimen>
  <dimen name="qb_px_802">612.64dp</dimen>
  <dimen name="qb_px_803">613.40dp</dimen>
  <dimen name="qb_px_804">614.17dp</dimen>
  <dimen name="qb_px_805">614.93dp</dimen>
  <dimen name="qb_px_806">615.69dp</dimen>
  <dimen name="qb_px_807">616.46dp</dimen>
  <dimen name="qb_px_808">617.22dp</dimen>
  <dimen name="qb_px_809">617.99dp</dimen>
  <dimen name="qb_px_810">618.75dp</dimen>
  <dimen name="qb_px_811">619.51dp</dimen>
  <dimen name="qb_px_812">620.28dp</dimen>
  <dimen name="qb_px_813">621.04dp</dimen>
  <dimen name="qb_px_814">621.81dp</dimen>
  <dimen name="qb_px_815">622.57dp</dimen>
  <dimen name="qb_px_816">623.33dp</dimen>
  <dimen name="qb_px_817">624.10dp</dimen>
  <dimen name="qb_px_818">624.86dp</dimen>
  <dimen name="qb_px_819">625.63dp</dimen>
  <dimen name="qb_px_820">626.39dp</dimen>
  <dimen name="qb_px_821">627.15dp</dimen>
  <dimen name="qb_px_822">627.92dp</dimen>
  <dimen name="qb_px_823">628.68dp</dimen>
  <dimen name="qb_px_824">629.44dp</dimen>
  <dimen name="qb_px_825">630.21dp</dimen>
  <dimen name="qb_px_826">630.97dp</dimen>
  <dimen name="qb_px_827">631.74dp</dimen>
  <dimen name="qb_px_828">632.50dp</dimen>
  <dimen name="qb_px_829">633.26dp</dimen>
  <dimen name="qb_px_830">634.03dp</dimen>
  <dimen name="qb_px_831">634.79dp</dimen>
  <dimen name="qb_px_832">635.56dp</dimen>
  <dimen name="qb_px_833">636.32dp</dimen>
  <dimen name="qb_px_834">637.08dp</dimen>
  <dimen name="qb_px_835">637.85dp</dimen>
  <dimen name="qb_px_836">638.61dp</dimen>
  <dimen name="qb_px_837">639.38dp</dimen>
  <dimen name="qb_px_838">640.14dp</dimen>
  <dimen name="qb_px_839">640.90dp</dimen>
  <dimen name="qb_px_840">641.67dp</dimen>
  <dimen name="qb_px_841">642.43dp</dimen>
  <dimen name="qb_px_842">643.19dp</dimen>
  <dimen name="qb_px_843">643.96dp</dimen>
  <dimen name="qb_px_844">644.72dp</dimen>
  <dimen name="qb_px_845">645.49dp</dimen>
  <dimen name="qb_px_846">646.25dp</dimen>
  <dimen name="qb_px_847">647.01dp</dimen>
  <dimen name="qb_px_848">647.78dp</dimen>
  <dimen name="qb_px_849">648.54dp</dimen>
  <dimen name="qb_px_850">649.31dp</dimen>
  <dimen name="qb_px_851">650.07dp</dimen>
  <dimen name="qb_px_852">650.83dp</dimen>
  <dimen name="qb_px_853">651.60dp</dimen>
  <dimen name="qb_px_854">652.36dp</dimen>
  <dimen name="qb_px_855">653.13dp</dimen>
  <dimen name="qb_px_856">653.89dp</dimen>
  <dimen name="qb_px_857">654.65dp</dimen>
  <dimen name="qb_px_858">655.42dp</dimen>
  <dimen name="qb_px_859">656.18dp</dimen>
  <dimen name="qb_px_860">656.94dp</dimen>
  <dimen name="qb_px_861">657.71dp</dimen>
  <dimen name="qb_px_862">658.47dp</dimen>
  <dimen name="qb_px_863">659.24dp</dimen>
  <dimen name="qb_px_864">660.00dp</dimen>
  <dimen name="qb_px_865">660.76dp</dimen>
  <dimen name="qb_px_866">661.53dp</dimen>
  <dimen name="qb_px_867">662.29dp</dimen>
  <dimen name="qb_px_868">663.06dp</dimen>
  <dimen name="qb_px_869">663.82dp</dimen>
  <dimen name="qb_px_870">664.58dp</dimen>
  <dimen name="qb_px_871">665.35dp</dimen>
  <dimen name="qb_px_872">666.11dp</dimen>
  <dimen name="qb_px_873">666.88dp</dimen>
  <dimen name="qb_px_874">667.64dp</dimen>
  <dimen name="qb_px_875">668.40dp</dimen>
  <dimen name="qb_px_876">669.17dp</dimen>
  <dimen name="qb_px_877">669.93dp</dimen>
  <dimen name="qb_px_878">670.69dp</dimen>
  <dimen name="qb_px_879">671.46dp</dimen>
  <dimen name="qb_px_880">672.22dp</dimen>
  <dimen name="qb_px_881">672.99dp</dimen>
  <dimen name="qb_px_882">673.75dp</dimen>
  <dimen name="qb_px_883">674.51dp</dimen>
  <dimen name="qb_px_884">675.28dp</dimen>
  <dimen name="qb_px_885">676.04dp</dimen>
  <dimen name="qb_px_886">676.81dp</dimen>
  <dimen name="qb_px_887">677.57dp</dimen>
  <dimen name="qb_px_888">678.33dp</dimen>
  <dimen name="qb_px_889">679.10dp</dimen>
  <dimen name="qb_px_890">679.86dp</dimen>
  <dimen name="qb_px_891">680.63dp</dimen>
  <dimen name="qb_px_892">681.39dp</dimen>
  <dimen name="qb_px_893">682.15dp</dimen>
  <dimen name="qb_px_894">682.92dp</dimen>
  <dimen name="qb_px_895">683.68dp</dimen>
  <dimen name="qb_px_896">684.44dp</dimen>
  <dimen name="qb_px_897">685.21dp</dimen>
  <dimen name="qb_px_898">685.97dp</dimen>
  <dimen name="qb_px_899">686.74dp</dimen>
  <dimen name="qb_px_900">687.50dp</dimen>
  <dimen name="qb_px_901">688.26dp</dimen>
  <dimen name="qb_px_902">689.03dp</dimen>
  <dimen name="qb_px_903">689.79dp</dimen>
  <dimen name="qb_px_904">690.56dp</dimen>
  <dimen name="qb_px_905">691.32dp</dimen>
  <dimen name="qb_px_906">692.08dp</dimen>
  <dimen name="qb_px_907">692.85dp</dimen>
  <dimen name="qb_px_908">693.61dp</dimen>
  <dimen name="qb_px_909">694.38dp</dimen>
  <dimen name="qb_px_910">695.14dp</dimen>
  <dimen name="qb_px_911">695.90dp</dimen>
  <dimen name="qb_px_912">696.67dp</dimen>
  <dimen name="qb_px_913">697.43dp</dimen>
  <dimen name="qb_px_914">698.19dp</dimen>
  <dimen name="qb_px_915">698.96dp</dimen>
  <dimen name="qb_px_916">699.72dp</dimen>
  <dimen name="qb_px_917">700.49dp</dimen>
  <dimen name="qb_px_918">701.25dp</dimen>
  <dimen name="qb_px_919">702.01dp</dimen>
  <dimen name="qb_px_920">702.78dp</dimen>
  <dimen name="qb_px_921">703.54dp</dimen>
  <dimen name="qb_px_922">704.31dp</dimen>
  <dimen name="qb_px_923">705.07dp</dimen>
  <dimen name="qb_px_924">705.83dp</dimen>
  <dimen name="qb_px_925">706.60dp</dimen>
  <dimen name="qb_px_926">707.36dp</dimen>
  <dimen name="qb_px_927">708.13dp</dimen>
  <dimen name="qb_px_928">708.89dp</dimen>
  <dimen name="qb_px_929">709.65dp</dimen>
  <dimen name="qb_px_930">710.42dp</dimen>
  <dimen name="qb_px_931">711.18dp</dimen>
  <dimen name="qb_px_932">711.94dp</dimen>
  <dimen name="qb_px_933">712.71dp</dimen>
  <dimen name="qb_px_934">713.47dp</dimen>
  <dimen name="qb_px_935">714.24dp</dimen>
  <dimen name="qb_px_936">715.00dp</dimen>
  <dimen name="qb_px_937">715.76dp</dimen>
  <dimen name="qb_px_938">716.53dp</dimen>
  <dimen name="qb_px_939">717.29dp</dimen>
  <dimen name="qb_px_940">718.06dp</dimen>
  <dimen name="qb_px_941">718.82dp</dimen>
  <dimen name="qb_px_942">719.58dp</dimen>
  <dimen name="qb_px_943">720.35dp</dimen>
  <dimen name="qb_px_944">721.11dp</dimen>
  <dimen name="qb_px_945">721.88dp</dimen>
  <dimen name="qb_px_946">722.64dp</dimen>
  <dimen name="qb_px_947">723.40dp</dimen>
  <dimen name="qb_px_948">724.17dp</dimen>
  <dimen name="qb_px_949">724.93dp</dimen>
  <dimen name="qb_px_950">725.69dp</dimen>
  <dimen name="qb_px_951">726.46dp</dimen>
  <dimen name="qb_px_952">727.22dp</dimen>
  <dimen name="qb_px_953">727.99dp</dimen>
  <dimen name="qb_px_954">728.75dp</dimen>
  <dimen name="qb_px_955">729.51dp</dimen>
  <dimen name="qb_px_956">730.28dp</dimen>
  <dimen name="qb_px_957">731.04dp</dimen>
  <dimen name="qb_px_958">731.81dp</dimen>
  <dimen name="qb_px_959">732.57dp</dimen>
  <dimen name="qb_px_960">733.33dp</dimen>
  <dimen name="qb_px_961">734.10dp</dimen>
  <dimen name="qb_px_962">734.86dp</dimen>
  <dimen name="qb_px_963">735.63dp</dimen>
  <dimen name="qb_px_964">736.39dp</dimen>
  <dimen name="qb_px_965">737.15dp</dimen>
  <dimen name="qb_px_966">737.92dp</dimen>
  <dimen name="qb_px_967">738.68dp</dimen>
  <dimen name="qb_px_968">739.44dp</dimen>
  <dimen name="qb_px_969">740.21dp</dimen>
  <dimen name="qb_px_970">740.97dp</dimen>
  <dimen name="qb_px_971">741.74dp</dimen>
  <dimen name="qb_px_972">742.50dp</dimen>
  <dimen name="qb_px_973">743.26dp</dimen>
  <dimen name="qb_px_974">744.03dp</dimen>
  <dimen name="qb_px_975">744.79dp</dimen>
  <dimen name="qb_px_976">745.56dp</dimen>
  <dimen name="qb_px_977">746.32dp</dimen>
  <dimen name="qb_px_978">747.08dp</dimen>
  <dimen name="qb_px_979">747.85dp</dimen>
  <dimen name="qb_px_980">748.61dp</dimen>
  <dimen name="qb_px_981">749.38dp</dimen>
  <dimen name="qb_px_982">750.14dp</dimen>
  <dimen name="qb_px_983">750.90dp</dimen>
  <dimen name="qb_px_984">751.67dp</dimen>
  <dimen name="qb_px_985">752.43dp</dimen>
  <dimen name="qb_px_986">753.19dp</dimen>
  <dimen name="qb_px_987">753.96dp</dimen>
  <dimen name="qb_px_988">754.72dp</dimen>
  <dimen name="qb_px_989">755.49dp</dimen>
  <dimen name="qb_px_990">756.25dp</dimen>
  <dimen name="qb_px_991">757.01dp</dimen>
  <dimen name="qb_px_992">757.78dp</dimen>
  <dimen name="qb_px_993">758.54dp</dimen>
  <dimen name="qb_px_994">759.31dp</dimen>
  <dimen name="qb_px_995">760.07dp</dimen>
  <dimen name="qb_px_996">760.83dp</dimen>
  <dimen name="qb_px_997">761.60dp</dimen>
  <dimen name="qb_px_998">762.36dp</dimen>
  <dimen name="qb_px_999">763.13dp</dimen>
  <dimen name="qb_px_1000">763.89dp</dimen>
  <dimen name="qb_px_1001">764.65dp</dimen>
  <dimen name="qb_px_1002">765.42dp</dimen>
  <dimen name="qb_px_1003">766.18dp</dimen>
  <dimen name="qb_px_1004">766.94dp</dimen>
  <dimen name="qb_px_1005">767.71dp</dimen>
  <dimen name="qb_px_1006">768.47dp</dimen>
  <dimen name="qb_px_1007">769.24dp</dimen>
  <dimen name="qb_px_1008">770.00dp</dimen>
  <dimen name="qb_px_1009">770.76dp</dimen>
  <dimen name="qb_px_1010">771.53dp</dimen>
  <dimen name="qb_px_1011">772.29dp</dimen>
  <dimen name="qb_px_1012">773.06dp</dimen>
  <dimen name="qb_px_1013">773.82dp</dimen>
  <dimen name="qb_px_1014">774.58dp</dimen>
  <dimen name="qb_px_1015">775.35dp</dimen>
  <dimen name="qb_px_1016">776.11dp</dimen>
  <dimen name="qb_px_1017">776.88dp</dimen>
  <dimen name="qb_px_1018">777.64dp</dimen>
  <dimen name="qb_px_1019">778.40dp</dimen>
  <dimen name="qb_px_1020">779.17dp</dimen>
  <dimen name="qb_px_1021">779.93dp</dimen>
  <dimen name="qb_px_1022">780.69dp</dimen>
  <dimen name="qb_px_1023">781.46dp</dimen>
  <dimen name="qb_px_1024">782.22dp</dimen>
  <dimen name="qb_px_1025">782.99dp</dimen>
  <dimen name="qb_px_1026">783.75dp</dimen>
  <dimen name="qb_px_1027">784.51dp</dimen>
  <dimen name="qb_px_1028">785.28dp</dimen>
  <dimen name="qb_px_1029">786.04dp</dimen>
  <dimen name="qb_px_1030">786.81dp</dimen>
  <dimen name="qb_px_1031">787.57dp</dimen>
  <dimen name="qb_px_1032">788.33dp</dimen>
  <dimen name="qb_px_1033">789.10dp</dimen>
  <dimen name="qb_px_1034">789.86dp</dimen>
  <dimen name="qb_px_1035">790.63dp</dimen>
  <dimen name="qb_px_1036">791.39dp</dimen>
  <dimen name="qb_px_1037">792.15dp</dimen>
  <dimen name="qb_px_1038">792.92dp</dimen>
  <dimen name="qb_px_1039">793.68dp</dimen>
  <dimen name="qb_px_1040">794.44dp</dimen>
  <dimen name="qb_px_1041">795.21dp</dimen>
  <dimen name="qb_px_1042">795.97dp</dimen>
  <dimen name="qb_px_1043">796.74dp</dimen>
  <dimen name="qb_px_1044">797.50dp</dimen>
  <dimen name="qb_px_1045">798.26dp</dimen>
  <dimen name="qb_px_1046">799.03dp</dimen>
  <dimen name="qb_px_1047">799.79dp</dimen>
  <dimen name="qb_px_1048">800.56dp</dimen>
  <dimen name="qb_px_1049">801.32dp</dimen>
  <dimen name="qb_px_1050">802.08dp</dimen>
  <dimen name="qb_px_1051">802.85dp</dimen>
  <dimen name="qb_px_1052">803.61dp</dimen>
  <dimen name="qb_px_1053">804.38dp</dimen>
  <dimen name="qb_px_1054">805.14dp</dimen>
  <dimen name="qb_px_1055">805.90dp</dimen>
  <dimen name="qb_px_1056">806.67dp</dimen>
  <dimen name="qb_px_1057">807.43dp</dimen>
  <dimen name="qb_px_1058">808.19dp</dimen>
  <dimen name="qb_px_1059">808.96dp</dimen>
  <dimen name="qb_px_1060">809.72dp</dimen>
  <dimen name="qb_px_1061">810.49dp</dimen>
  <dimen name="qb_px_1062">811.25dp</dimen>
  <dimen name="qb_px_1063">812.01dp</dimen>
  <dimen name="qb_px_1064">812.78dp</dimen>
  <dimen name="qb_px_1065">813.54dp</dimen>
  <dimen name="qb_px_1066">814.31dp</dimen>
  <dimen name="qb_px_1067">815.07dp</dimen>
  <dimen name="qb_px_1068">815.83dp</dimen>
  <dimen name="qb_px_1069">816.60dp</dimen>
  <dimen name="qb_px_1070">817.36dp</dimen>
  <dimen name="qb_px_1071">818.13dp</dimen>
  <dimen name="qb_px_1072">818.89dp</dimen>
  <dimen name="qb_px_1073">819.65dp</dimen>
  <dimen name="qb_px_1074">820.42dp</dimen>
  <dimen name="qb_px_1075">821.18dp</dimen>
  <dimen name="qb_px_1076">821.94dp</dimen>
  <dimen name="qb_px_1077">822.71dp</dimen>
  <dimen name="qb_px_1078">823.47dp</dimen>
  <dimen name="qb_px_1079">824.24dp</dimen>
  <dimen name="qb_px_1080">825.00dp</dimen>
  <dimen name="sb_px_0">0.00sp</dimen>
  <dimen name="sb_px_1">0.76sp</dimen>
  <dimen name="sb_px_2">1.53sp</dimen>
  <dimen name="sb_px_3">2.29sp</dimen>
  <dimen name="sb_px_4">3.06sp</dimen>
  <dimen name="sb_px_5">3.82sp</dimen>
  <dimen name="sb_px_6">4.58sp</dimen>
  <dimen name="sb_px_7">5.35sp</dimen>
  <dimen name="sb_px_8">6.11sp</dimen>
  <dimen name="sb_px_9">6.88sp</dimen>
  <dimen name="sb_px_10">7.64sp</dimen>
  <dimen name="sb_px_11">8.40sp</dimen>
  <dimen name="sb_px_12">9.17sp</dimen>
  <dimen name="sb_px_13">9.93sp</dimen>
  <dimen name="sb_px_14">10.69sp</dimen>
  <dimen name="sb_px_15">11.46sp</dimen>
  <dimen name="sb_px_16">12.22sp</dimen>
  <dimen name="sb_px_17">12.99sp</dimen>
  <dimen name="sb_px_18">13.75sp</dimen>
  <dimen name="sb_px_19">14.51sp</dimen>
  <dimen name="sb_px_20">15.28sp</dimen>
  <dimen name="sb_px_21">16.04sp</dimen>
  <dimen name="sb_px_22">16.81sp</dimen>
  <dimen name="sb_px_23">17.57sp</dimen>
  <dimen name="sb_px_24">18.33sp</dimen>
  <dimen name="sb_px_25">19.10sp</dimen>
  <dimen name="sb_px_26">19.86sp</dimen>
  <dimen name="sb_px_27">20.63sp</dimen>
  <dimen name="sb_px_28">21.39sp</dimen>
  <dimen name="sb_px_29">22.15sp</dimen>
  <dimen name="sb_px_30">22.92sp</dimen>
  <dimen name="sb_px_31">23.68sp</dimen>
  <dimen name="sb_px_32">24.44sp</dimen>
  <dimen name="sb_px_33">25.21sp</dimen>
  <dimen name="sb_px_34">25.97sp</dimen>
  <dimen name="sb_px_35">26.74sp</dimen>
  <dimen name="sb_px_36">27.50sp</dimen>
  <dimen name="sb_px_37">28.26sp</dimen>
  <dimen name="sb_px_38">29.03sp</dimen>
  <dimen name="sb_px_39">29.79sp</dimen>
  <dimen name="sb_px_40">30.56sp</dimen>
  <dimen name="sb_px_41">31.32sp</dimen>
  <dimen name="sb_px_42">32.08sp</dimen>
  <dimen name="sb_px_43">32.85sp</dimen>
  <dimen name="sb_px_44">33.61sp</dimen>
  <dimen name="sb_px_45">34.38sp</dimen>
  <dimen name="sb_px_46">35.14sp</dimen>
  <dimen name="sb_px_47">35.90sp</dimen>
  <dimen name="sb_px_48">36.67sp</dimen>
  <dimen name="sb_px_49">37.43sp</dimen>
  <dimen name="sb_px_50">38.19sp</dimen>
  <dimen name="sb_px_51">38.96sp</dimen>
  <dimen name="sb_px_52">39.72sp</dimen>
  <dimen name="sb_px_53">40.49sp</dimen>
  <dimen name="sb_px_54">41.25sp</dimen>
  <dimen name="sb_px_55">42.01sp</dimen>
  <dimen name="sb_px_56">42.78sp</dimen>
  <dimen name="sb_px_57">43.54sp</dimen>
  <dimen name="sb_px_58">44.31sp</dimen>
  <dimen name="sb_px_59">45.07sp</dimen>
  <dimen name="sb_px_60">45.83sp</dimen>
  <dimen name="sb_px_61">46.60sp</dimen>
  <dimen name="sb_px_62">47.36sp</dimen>
  <dimen name="sb_px_63">48.13sp</dimen>
  <dimen name="sb_px_64">48.89sp</dimen>
  <dimen name="sb_px_65">49.65sp</dimen>
  <dimen name="sb_px_66">50.42sp</dimen>
  <dimen name="sb_px_67">51.18sp</dimen>
  <dimen name="sb_px_68">51.94sp</dimen>
  <dimen name="sb_px_69">52.71sp</dimen>
  <dimen name="sb_px_70">53.47sp</dimen>
  <dimen name="sb_px_71">54.24sp</dimen>
  <dimen name="sb_px_72">55.00sp</dimen>
  <dimen name="sb_px_73">55.76sp</dimen>
  <dimen name="sb_px_74">56.53sp</dimen>
  <dimen name="sb_px_75">57.29sp</dimen>
  <dimen name="sb_px_76">58.06sp</dimen>
  <dimen name="sb_px_77">58.82sp</dimen>
  <dimen name="sb_px_78">59.58sp</dimen>
  <dimen name="sb_px_79">60.35sp</dimen>
  <dimen name="sb_px_80">61.11sp</dimen>
  <dimen name="sb_px_81">61.88sp</dimen>
  <dimen name="sb_px_82">62.64sp</dimen>
  <dimen name="sb_px_83">63.40sp</dimen>
  <dimen name="sb_px_84">64.17sp</dimen>
  <dimen name="sb_px_85">64.93sp</dimen>
  <dimen name="sb_px_86">65.69sp</dimen>
  <dimen name="sb_px_87">66.46sp</dimen>
  <dimen name="sb_px_88">67.22sp</dimen>
  <dimen name="sb_px_89">67.99sp</dimen>
  <dimen name="sb_px_90">68.75sp</dimen>
  <dimen name="sb_px_91">69.51sp</dimen>
  <dimen name="sb_px_92">70.28sp</dimen>
  <dimen name="sb_px_93">71.04sp</dimen>
  <dimen name="sb_px_94">71.81sp</dimen>
  <dimen name="sb_px_95">72.57sp</dimen>
  <dimen name="sb_px_96">73.33sp</dimen>
  <dimen name="sb_px_97">74.10sp</dimen>
  <dimen name="sb_px_98">74.86sp</dimen>
  <dimen name="sb_px_99">75.63sp</dimen>
  <dimen name="sb_px_100">76.39sp</dimen>
</resources>
