<?xml version="1.0" encoding="utf-8"?>
<resources xmlns:tools="http://schemas.android.com/tools" tools:ignore="MissingDefaultResource">
  <dimen name="base_dpi">590dp</dimen>
  <dimen name="qb_px_0">0.00dp</dimen>
  <dimen name="qb_px_1">0.82dp</dimen>
  <dimen name="qb_px_2">1.64dp</dimen>
  <dimen name="qb_px_3">2.46dp</dimen>
  <dimen name="qb_px_4">3.28dp</dimen>
  <dimen name="qb_px_5">4.10dp</dimen>
  <dimen name="qb_px_6">4.92dp</dimen>
  <dimen name="qb_px_7">5.74dp</dimen>
  <dimen name="qb_px_8">6.56dp</dimen>
  <dimen name="qb_px_9">7.38dp</dimen>
  <dimen name="qb_px_10">8.19dp</dimen>
  <dimen name="qb_px_11">9.01dp</dimen>
  <dimen name="qb_px_12">9.83dp</dimen>
  <dimen name="qb_px_13">10.65dp</dimen>
  <dimen name="qb_px_14">11.47dp</dimen>
  <dimen name="qb_px_15">12.29dp</dimen>
  <dimen name="qb_px_16">13.11dp</dimen>
  <dimen name="qb_px_17">13.93dp</dimen>
  <dimen name="qb_px_18">14.75dp</dimen>
  <dimen name="qb_px_19">15.57dp</dimen>
  <dimen name="qb_px_20">16.39dp</dimen>
  <dimen name="qb_px_21">17.21dp</dimen>
  <dimen name="qb_px_22">18.03dp</dimen>
  <dimen name="qb_px_23">18.85dp</dimen>
  <dimen name="qb_px_24">19.67dp</dimen>
  <dimen name="qb_px_25">20.49dp</dimen>
  <dimen name="qb_px_26">21.31dp</dimen>
  <dimen name="qb_px_27">22.13dp</dimen>
  <dimen name="qb_px_28">22.94dp</dimen>
  <dimen name="qb_px_29">23.76dp</dimen>
  <dimen name="qb_px_30">24.58dp</dimen>
  <dimen name="qb_px_31">25.40dp</dimen>
  <dimen name="qb_px_32">26.22dp</dimen>
  <dimen name="qb_px_33">27.04dp</dimen>
  <dimen name="qb_px_34">27.86dp</dimen>
  <dimen name="qb_px_35">28.68dp</dimen>
  <dimen name="qb_px_36">29.50dp</dimen>
  <dimen name="qb_px_37">30.32dp</dimen>
  <dimen name="qb_px_38">31.14dp</dimen>
  <dimen name="qb_px_39">31.96dp</dimen>
  <dimen name="qb_px_40">32.78dp</dimen>
  <dimen name="qb_px_41">33.60dp</dimen>
  <dimen name="qb_px_42">34.42dp</dimen>
  <dimen name="qb_px_43">35.24dp</dimen>
  <dimen name="qb_px_44">36.06dp</dimen>
  <dimen name="qb_px_45">36.88dp</dimen>
  <dimen name="qb_px_46">37.69dp</dimen>
  <dimen name="qb_px_47">38.51dp</dimen>
  <dimen name="qb_px_48">39.33dp</dimen>
  <dimen name="qb_px_49">40.15dp</dimen>
  <dimen name="qb_px_50">40.97dp</dimen>
  <dimen name="qb_px_51">41.79dp</dimen>
  <dimen name="qb_px_52">42.61dp</dimen>
  <dimen name="qb_px_53">43.43dp</dimen>
  <dimen name="qb_px_54">44.25dp</dimen>
  <dimen name="qb_px_55">45.07dp</dimen>
  <dimen name="qb_px_56">45.89dp</dimen>
  <dimen name="qb_px_57">46.71dp</dimen>
  <dimen name="qb_px_58">47.53dp</dimen>
  <dimen name="qb_px_59">48.35dp</dimen>
  <dimen name="qb_px_60">49.17dp</dimen>
  <dimen name="qb_px_61">49.99dp</dimen>
  <dimen name="qb_px_62">50.81dp</dimen>
  <dimen name="qb_px_63">51.63dp</dimen>
  <dimen name="qb_px_64">52.44dp</dimen>
  <dimen name="qb_px_65">53.26dp</dimen>
  <dimen name="qb_px_66">54.08dp</dimen>
  <dimen name="qb_px_67">54.90dp</dimen>
  <dimen name="qb_px_68">55.72dp</dimen>
  <dimen name="qb_px_69">56.54dp</dimen>
  <dimen name="qb_px_70">57.36dp</dimen>
  <dimen name="qb_px_71">58.18dp</dimen>
  <dimen name="qb_px_72">59.00dp</dimen>
  <dimen name="qb_px_73">59.82dp</dimen>
  <dimen name="qb_px_74">60.64dp</dimen>
  <dimen name="qb_px_75">61.46dp</dimen>
  <dimen name="qb_px_76">62.28dp</dimen>
  <dimen name="qb_px_77">63.10dp</dimen>
  <dimen name="qb_px_78">63.92dp</dimen>
  <dimen name="qb_px_79">64.74dp</dimen>
  <dimen name="qb_px_80">65.56dp</dimen>
  <dimen name="qb_px_81">66.38dp</dimen>
  <dimen name="qb_px_82">67.19dp</dimen>
  <dimen name="qb_px_83">68.01dp</dimen>
  <dimen name="qb_px_84">68.83dp</dimen>
  <dimen name="qb_px_85">69.65dp</dimen>
  <dimen name="qb_px_86">70.47dp</dimen>
  <dimen name="qb_px_87">71.29dp</dimen>
  <dimen name="qb_px_88">72.11dp</dimen>
  <dimen name="qb_px_89">72.93dp</dimen>
  <dimen name="qb_px_90">73.75dp</dimen>
  <dimen name="qb_px_91">74.57dp</dimen>
  <dimen name="qb_px_92">75.39dp</dimen>
  <dimen name="qb_px_93">76.21dp</dimen>
  <dimen name="qb_px_94">77.03dp</dimen>
  <dimen name="qb_px_95">77.85dp</dimen>
  <dimen name="qb_px_96">78.67dp</dimen>
  <dimen name="qb_px_97">79.49dp</dimen>
  <dimen name="qb_px_98">80.31dp</dimen>
  <dimen name="qb_px_99">81.13dp</dimen>
  <dimen name="qb_px_100">81.94dp</dimen>
  <dimen name="qb_px_101">82.76dp</dimen>
  <dimen name="qb_px_102">83.58dp</dimen>
  <dimen name="qb_px_103">84.40dp</dimen>
  <dimen name="qb_px_104">85.22dp</dimen>
  <dimen name="qb_px_105">86.04dp</dimen>
  <dimen name="qb_px_106">86.86dp</dimen>
  <dimen name="qb_px_107">87.68dp</dimen>
  <dimen name="qb_px_108">88.50dp</dimen>
  <dimen name="qb_px_109">89.32dp</dimen>
  <dimen name="qb_px_110">90.14dp</dimen>
  <dimen name="qb_px_111">90.96dp</dimen>
  <dimen name="qb_px_112">91.78dp</dimen>
  <dimen name="qb_px_113">92.60dp</dimen>
  <dimen name="qb_px_114">93.42dp</dimen>
  <dimen name="qb_px_115">94.24dp</dimen>
  <dimen name="qb_px_116">95.06dp</dimen>
  <dimen name="qb_px_117">95.88dp</dimen>
  <dimen name="qb_px_118">96.69dp</dimen>
  <dimen name="qb_px_119">97.51dp</dimen>
  <dimen name="qb_px_120">98.33dp</dimen>
  <dimen name="qb_px_121">99.15dp</dimen>
  <dimen name="qb_px_122">99.97dp</dimen>
  <dimen name="qb_px_123">100.79dp</dimen>
  <dimen name="qb_px_124">101.61dp</dimen>
  <dimen name="qb_px_125">102.43dp</dimen>
  <dimen name="qb_px_126">103.25dp</dimen>
  <dimen name="qb_px_127">104.07dp</dimen>
  <dimen name="qb_px_128">104.89dp</dimen>
  <dimen name="qb_px_129">105.71dp</dimen>
  <dimen name="qb_px_130">106.53dp</dimen>
  <dimen name="qb_px_131">107.35dp</dimen>
  <dimen name="qb_px_132">108.17dp</dimen>
  <dimen name="qb_px_133">108.99dp</dimen>
  <dimen name="qb_px_134">109.81dp</dimen>
  <dimen name="qb_px_135">110.63dp</dimen>
  <dimen name="qb_px_136">111.44dp</dimen>
  <dimen name="qb_px_137">112.26dp</dimen>
  <dimen name="qb_px_138">113.08dp</dimen>
  <dimen name="qb_px_139">113.90dp</dimen>
  <dimen name="qb_px_140">114.72dp</dimen>
  <dimen name="qb_px_141">115.54dp</dimen>
  <dimen name="qb_px_142">116.36dp</dimen>
  <dimen name="qb_px_143">117.18dp</dimen>
  <dimen name="qb_px_144">118.00dp</dimen>
  <dimen name="qb_px_145">118.82dp</dimen>
  <dimen name="qb_px_146">119.64dp</dimen>
  <dimen name="qb_px_147">120.46dp</dimen>
  <dimen name="qb_px_148">121.28dp</dimen>
  <dimen name="qb_px_149">122.10dp</dimen>
  <dimen name="qb_px_150">122.92dp</dimen>
  <dimen name="qb_px_151">123.74dp</dimen>
  <dimen name="qb_px_152">124.56dp</dimen>
  <dimen name="qb_px_153">125.38dp</dimen>
  <dimen name="qb_px_154">126.19dp</dimen>
  <dimen name="qb_px_155">127.01dp</dimen>
  <dimen name="qb_px_156">127.83dp</dimen>
  <dimen name="qb_px_157">128.65dp</dimen>
  <dimen name="qb_px_158">129.47dp</dimen>
  <dimen name="qb_px_159">130.29dp</dimen>
  <dimen name="qb_px_160">131.11dp</dimen>
  <dimen name="qb_px_161">131.93dp</dimen>
  <dimen name="qb_px_162">132.75dp</dimen>
  <dimen name="qb_px_163">133.57dp</dimen>
  <dimen name="qb_px_164">134.39dp</dimen>
  <dimen name="qb_px_165">135.21dp</dimen>
  <dimen name="qb_px_166">136.03dp</dimen>
  <dimen name="qb_px_167">136.85dp</dimen>
  <dimen name="qb_px_168">137.67dp</dimen>
  <dimen name="qb_px_169">138.49dp</dimen>
  <dimen name="qb_px_170">139.31dp</dimen>
  <dimen name="qb_px_171">140.13dp</dimen>
  <dimen name="qb_px_172">140.94dp</dimen>
  <dimen name="qb_px_173">141.76dp</dimen>
  <dimen name="qb_px_174">142.58dp</dimen>
  <dimen name="qb_px_175">143.40dp</dimen>
  <dimen name="qb_px_176">144.22dp</dimen>
  <dimen name="qb_px_177">145.04dp</dimen>
  <dimen name="qb_px_178">145.86dp</dimen>
  <dimen name="qb_px_179">146.68dp</dimen>
  <dimen name="qb_px_180">147.50dp</dimen>
  <dimen name="qb_px_181">148.32dp</dimen>
  <dimen name="qb_px_182">149.14dp</dimen>
  <dimen name="qb_px_183">149.96dp</dimen>
  <dimen name="qb_px_184">150.78dp</dimen>
  <dimen name="qb_px_185">151.60dp</dimen>
  <dimen name="qb_px_186">152.42dp</dimen>
  <dimen name="qb_px_187">153.24dp</dimen>
  <dimen name="qb_px_188">154.06dp</dimen>
  <dimen name="qb_px_189">154.88dp</dimen>
  <dimen name="qb_px_190">155.69dp</dimen>
  <dimen name="qb_px_191">156.51dp</dimen>
  <dimen name="qb_px_192">157.33dp</dimen>
  <dimen name="qb_px_193">158.15dp</dimen>
  <dimen name="qb_px_194">158.97dp</dimen>
  <dimen name="qb_px_195">159.79dp</dimen>
  <dimen name="qb_px_196">160.61dp</dimen>
  <dimen name="qb_px_197">161.43dp</dimen>
  <dimen name="qb_px_198">162.25dp</dimen>
  <dimen name="qb_px_199">163.07dp</dimen>
  <dimen name="qb_px_200">163.89dp</dimen>
  <dimen name="qb_px_201">164.71dp</dimen>
  <dimen name="qb_px_202">165.53dp</dimen>
  <dimen name="qb_px_203">166.35dp</dimen>
  <dimen name="qb_px_204">167.17dp</dimen>
  <dimen name="qb_px_205">167.99dp</dimen>
  <dimen name="qb_px_206">168.81dp</dimen>
  <dimen name="qb_px_207">169.63dp</dimen>
  <dimen name="qb_px_208">170.44dp</dimen>
  <dimen name="qb_px_209">171.26dp</dimen>
  <dimen name="qb_px_210">172.08dp</dimen>
  <dimen name="qb_px_211">172.90dp</dimen>
  <dimen name="qb_px_212">173.72dp</dimen>
  <dimen name="qb_px_213">174.54dp</dimen>
  <dimen name="qb_px_214">175.36dp</dimen>
  <dimen name="qb_px_215">176.18dp</dimen>
  <dimen name="qb_px_216">177.00dp</dimen>
  <dimen name="qb_px_217">177.82dp</dimen>
  <dimen name="qb_px_218">178.64dp</dimen>
  <dimen name="qb_px_219">179.46dp</dimen>
  <dimen name="qb_px_220">180.28dp</dimen>
  <dimen name="qb_px_221">181.10dp</dimen>
  <dimen name="qb_px_222">181.92dp</dimen>
  <dimen name="qb_px_223">182.74dp</dimen>
  <dimen name="qb_px_224">183.56dp</dimen>
  <dimen name="qb_px_225">184.38dp</dimen>
  <dimen name="qb_px_226">185.19dp</dimen>
  <dimen name="qb_px_227">186.01dp</dimen>
  <dimen name="qb_px_228">186.83dp</dimen>
  <dimen name="qb_px_229">187.65dp</dimen>
  <dimen name="qb_px_230">188.47dp</dimen>
  <dimen name="qb_px_231">189.29dp</dimen>
  <dimen name="qb_px_232">190.11dp</dimen>
  <dimen name="qb_px_233">190.93dp</dimen>
  <dimen name="qb_px_234">191.75dp</dimen>
  <dimen name="qb_px_235">192.57dp</dimen>
  <dimen name="qb_px_236">193.39dp</dimen>
  <dimen name="qb_px_237">194.21dp</dimen>
  <dimen name="qb_px_238">195.03dp</dimen>
  <dimen name="qb_px_239">195.85dp</dimen>
  <dimen name="qb_px_240">196.67dp</dimen>
  <dimen name="qb_px_241">197.49dp</dimen>
  <dimen name="qb_px_242">198.31dp</dimen>
  <dimen name="qb_px_243">199.13dp</dimen>
  <dimen name="qb_px_244">199.94dp</dimen>
  <dimen name="qb_px_245">200.76dp</dimen>
  <dimen name="qb_px_246">201.58dp</dimen>
  <dimen name="qb_px_247">202.40dp</dimen>
  <dimen name="qb_px_248">203.22dp</dimen>
  <dimen name="qb_px_249">204.04dp</dimen>
  <dimen name="qb_px_250">204.86dp</dimen>
  <dimen name="qb_px_251">205.68dp</dimen>
  <dimen name="qb_px_252">206.50dp</dimen>
  <dimen name="qb_px_253">207.32dp</dimen>
  <dimen name="qb_px_254">208.14dp</dimen>
  <dimen name="qb_px_255">208.96dp</dimen>
  <dimen name="qb_px_256">209.78dp</dimen>
  <dimen name="qb_px_257">210.60dp</dimen>
  <dimen name="qb_px_258">211.42dp</dimen>
  <dimen name="qb_px_259">212.24dp</dimen>
  <dimen name="qb_px_260">213.06dp</dimen>
  <dimen name="qb_px_261">213.88dp</dimen>
  <dimen name="qb_px_262">214.69dp</dimen>
  <dimen name="qb_px_263">215.51dp</dimen>
  <dimen name="qb_px_264">216.33dp</dimen>
  <dimen name="qb_px_265">217.15dp</dimen>
  <dimen name="qb_px_266">217.97dp</dimen>
  <dimen name="qb_px_267">218.79dp</dimen>
  <dimen name="qb_px_268">219.61dp</dimen>
  <dimen name="qb_px_269">220.43dp</dimen>
  <dimen name="qb_px_270">221.25dp</dimen>
  <dimen name="qb_px_271">222.07dp</dimen>
  <dimen name="qb_px_272">222.89dp</dimen>
  <dimen name="qb_px_273">223.71dp</dimen>
  <dimen name="qb_px_274">224.53dp</dimen>
  <dimen name="qb_px_275">225.35dp</dimen>
  <dimen name="qb_px_276">226.17dp</dimen>
  <dimen name="qb_px_277">226.99dp</dimen>
  <dimen name="qb_px_278">227.81dp</dimen>
  <dimen name="qb_px_279">228.63dp</dimen>
  <dimen name="qb_px_280">229.44dp</dimen>
  <dimen name="qb_px_281">230.26dp</dimen>
  <dimen name="qb_px_282">231.08dp</dimen>
  <dimen name="qb_px_283">231.90dp</dimen>
  <dimen name="qb_px_284">232.72dp</dimen>
  <dimen name="qb_px_285">233.54dp</dimen>
  <dimen name="qb_px_286">234.36dp</dimen>
  <dimen name="qb_px_287">235.18dp</dimen>
  <dimen name="qb_px_288">236.00dp</dimen>
  <dimen name="qb_px_289">236.82dp</dimen>
  <dimen name="qb_px_290">237.64dp</dimen>
  <dimen name="qb_px_291">238.46dp</dimen>
  <dimen name="qb_px_292">239.28dp</dimen>
  <dimen name="qb_px_293">240.10dp</dimen>
  <dimen name="qb_px_294">240.92dp</dimen>
  <dimen name="qb_px_295">241.74dp</dimen>
  <dimen name="qb_px_296">242.56dp</dimen>
  <dimen name="qb_px_297">243.38dp</dimen>
  <dimen name="qb_px_298">244.19dp</dimen>
  <dimen name="qb_px_299">245.01dp</dimen>
  <dimen name="qb_px_300">245.83dp</dimen>
  <dimen name="qb_px_301">246.65dp</dimen>
  <dimen name="qb_px_302">247.47dp</dimen>
  <dimen name="qb_px_303">248.29dp</dimen>
  <dimen name="qb_px_304">249.11dp</dimen>
  <dimen name="qb_px_305">249.93dp</dimen>
  <dimen name="qb_px_306">250.75dp</dimen>
  <dimen name="qb_px_307">251.57dp</dimen>
  <dimen name="qb_px_308">252.39dp</dimen>
  <dimen name="qb_px_309">253.21dp</dimen>
  <dimen name="qb_px_310">254.03dp</dimen>
  <dimen name="qb_px_311">254.85dp</dimen>
  <dimen name="qb_px_312">255.67dp</dimen>
  <dimen name="qb_px_313">256.49dp</dimen>
  <dimen name="qb_px_314">257.31dp</dimen>
  <dimen name="qb_px_315">258.13dp</dimen>
  <dimen name="qb_px_316">258.94dp</dimen>
  <dimen name="qb_px_317">259.76dp</dimen>
  <dimen name="qb_px_318">260.58dp</dimen>
  <dimen name="qb_px_319">261.40dp</dimen>
  <dimen name="qb_px_320">262.22dp</dimen>
  <dimen name="qb_px_321">263.04dp</dimen>
  <dimen name="qb_px_322">263.86dp</dimen>
  <dimen name="qb_px_323">264.68dp</dimen>
  <dimen name="qb_px_324">265.50dp</dimen>
  <dimen name="qb_px_325">266.32dp</dimen>
  <dimen name="qb_px_326">267.14dp</dimen>
  <dimen name="qb_px_327">267.96dp</dimen>
  <dimen name="qb_px_328">268.78dp</dimen>
  <dimen name="qb_px_329">269.60dp</dimen>
  <dimen name="qb_px_330">270.42dp</dimen>
  <dimen name="qb_px_331">271.24dp</dimen>
  <dimen name="qb_px_332">272.06dp</dimen>
  <dimen name="qb_px_333">272.88dp</dimen>
  <dimen name="qb_px_334">273.69dp</dimen>
  <dimen name="qb_px_335">274.51dp</dimen>
  <dimen name="qb_px_336">275.33dp</dimen>
  <dimen name="qb_px_337">276.15dp</dimen>
  <dimen name="qb_px_338">276.97dp</dimen>
  <dimen name="qb_px_339">277.79dp</dimen>
  <dimen name="qb_px_340">278.61dp</dimen>
  <dimen name="qb_px_341">279.43dp</dimen>
  <dimen name="qb_px_342">280.25dp</dimen>
  <dimen name="qb_px_343">281.07dp</dimen>
  <dimen name="qb_px_344">281.89dp</dimen>
  <dimen name="qb_px_345">282.71dp</dimen>
  <dimen name="qb_px_346">283.53dp</dimen>
  <dimen name="qb_px_347">284.35dp</dimen>
  <dimen name="qb_px_348">285.17dp</dimen>
  <dimen name="qb_px_349">285.99dp</dimen>
  <dimen name="qb_px_350">286.81dp</dimen>
  <dimen name="qb_px_351">287.63dp</dimen>
  <dimen name="qb_px_352">288.44dp</dimen>
  <dimen name="qb_px_353">289.26dp</dimen>
  <dimen name="qb_px_354">290.08dp</dimen>
  <dimen name="qb_px_355">290.90dp</dimen>
  <dimen name="qb_px_356">291.72dp</dimen>
  <dimen name="qb_px_357">292.54dp</dimen>
  <dimen name="qb_px_358">293.36dp</dimen>
  <dimen name="qb_px_359">294.18dp</dimen>
  <dimen name="qb_px_360">295.00dp</dimen>
  <dimen name="qb_px_361">295.82dp</dimen>
  <dimen name="qb_px_362">296.64dp</dimen>
  <dimen name="qb_px_363">297.46dp</dimen>
  <dimen name="qb_px_364">298.28dp</dimen>
  <dimen name="qb_px_365">299.10dp</dimen>
  <dimen name="qb_px_366">299.92dp</dimen>
  <dimen name="qb_px_367">300.74dp</dimen>
  <dimen name="qb_px_368">301.56dp</dimen>
  <dimen name="qb_px_369">302.38dp</dimen>
  <dimen name="qb_px_370">303.19dp</dimen>
  <dimen name="qb_px_371">304.01dp</dimen>
  <dimen name="qb_px_372">304.83dp</dimen>
  <dimen name="qb_px_373">305.65dp</dimen>
  <dimen name="qb_px_374">306.47dp</dimen>
  <dimen name="qb_px_375">307.29dp</dimen>
  <dimen name="qb_px_376">308.11dp</dimen>
  <dimen name="qb_px_377">308.93dp</dimen>
  <dimen name="qb_px_378">309.75dp</dimen>
  <dimen name="qb_px_379">310.57dp</dimen>
  <dimen name="qb_px_380">311.39dp</dimen>
  <dimen name="qb_px_381">312.21dp</dimen>
  <dimen name="qb_px_382">313.03dp</dimen>
  <dimen name="qb_px_383">313.85dp</dimen>
  <dimen name="qb_px_384">314.67dp</dimen>
  <dimen name="qb_px_385">315.49dp</dimen>
  <dimen name="qb_px_386">316.31dp</dimen>
  <dimen name="qb_px_387">317.13dp</dimen>
  <dimen name="qb_px_388">317.94dp</dimen>
  <dimen name="qb_px_389">318.76dp</dimen>
  <dimen name="qb_px_390">319.58dp</dimen>
  <dimen name="qb_px_391">320.40dp</dimen>
  <dimen name="qb_px_392">321.22dp</dimen>
  <dimen name="qb_px_393">322.04dp</dimen>
  <dimen name="qb_px_394">322.86dp</dimen>
  <dimen name="qb_px_395">323.68dp</dimen>
  <dimen name="qb_px_396">324.50dp</dimen>
  <dimen name="qb_px_397">325.32dp</dimen>
  <dimen name="qb_px_398">326.14dp</dimen>
  <dimen name="qb_px_399">326.96dp</dimen>
  <dimen name="qb_px_400">327.78dp</dimen>
  <dimen name="qb_px_401">328.60dp</dimen>
  <dimen name="qb_px_402">329.42dp</dimen>
  <dimen name="qb_px_403">330.24dp</dimen>
  <dimen name="qb_px_404">331.06dp</dimen>
  <dimen name="qb_px_405">331.88dp</dimen>
  <dimen name="qb_px_406">332.69dp</dimen>
  <dimen name="qb_px_407">333.51dp</dimen>
  <dimen name="qb_px_408">334.33dp</dimen>
  <dimen name="qb_px_409">335.15dp</dimen>
  <dimen name="qb_px_410">335.97dp</dimen>
  <dimen name="qb_px_411">336.79dp</dimen>
  <dimen name="qb_px_412">337.61dp</dimen>
  <dimen name="qb_px_413">338.43dp</dimen>
  <dimen name="qb_px_414">339.25dp</dimen>
  <dimen name="qb_px_415">340.07dp</dimen>
  <dimen name="qb_px_416">340.89dp</dimen>
  <dimen name="qb_px_417">341.71dp</dimen>
  <dimen name="qb_px_418">342.53dp</dimen>
  <dimen name="qb_px_419">343.35dp</dimen>
  <dimen name="qb_px_420">344.17dp</dimen>
  <dimen name="qb_px_421">344.99dp</dimen>
  <dimen name="qb_px_422">345.81dp</dimen>
  <dimen name="qb_px_423">346.63dp</dimen>
  <dimen name="qb_px_424">347.44dp</dimen>
  <dimen name="qb_px_425">348.26dp</dimen>
  <dimen name="qb_px_426">349.08dp</dimen>
  <dimen name="qb_px_427">349.90dp</dimen>
  <dimen name="qb_px_428">350.72dp</dimen>
  <dimen name="qb_px_429">351.54dp</dimen>
  <dimen name="qb_px_430">352.36dp</dimen>
  <dimen name="qb_px_431">353.18dp</dimen>
  <dimen name="qb_px_432">354.00dp</dimen>
  <dimen name="qb_px_433">354.82dp</dimen>
  <dimen name="qb_px_434">355.64dp</dimen>
  <dimen name="qb_px_435">356.46dp</dimen>
  <dimen name="qb_px_436">357.28dp</dimen>
  <dimen name="qb_px_437">358.10dp</dimen>
  <dimen name="qb_px_438">358.92dp</dimen>
  <dimen name="qb_px_439">359.74dp</dimen>
  <dimen name="qb_px_440">360.56dp</dimen>
  <dimen name="qb_px_441">361.38dp</dimen>
  <dimen name="qb_px_442">362.19dp</dimen>
  <dimen name="qb_px_443">363.01dp</dimen>
  <dimen name="qb_px_444">363.83dp</dimen>
  <dimen name="qb_px_445">364.65dp</dimen>
  <dimen name="qb_px_446">365.47dp</dimen>
  <dimen name="qb_px_447">366.29dp</dimen>
  <dimen name="qb_px_448">367.11dp</dimen>
  <dimen name="qb_px_449">367.93dp</dimen>
  <dimen name="qb_px_450">368.75dp</dimen>
  <dimen name="qb_px_451">369.57dp</dimen>
  <dimen name="qb_px_452">370.39dp</dimen>
  <dimen name="qb_px_453">371.21dp</dimen>
  <dimen name="qb_px_454">372.03dp</dimen>
  <dimen name="qb_px_455">372.85dp</dimen>
  <dimen name="qb_px_456">373.67dp</dimen>
  <dimen name="qb_px_457">374.49dp</dimen>
  <dimen name="qb_px_458">375.31dp</dimen>
  <dimen name="qb_px_459">376.13dp</dimen>
  <dimen name="qb_px_460">376.94dp</dimen>
  <dimen name="qb_px_461">377.76dp</dimen>
  <dimen name="qb_px_462">378.58dp</dimen>
  <dimen name="qb_px_463">379.40dp</dimen>
  <dimen name="qb_px_464">380.22dp</dimen>
  <dimen name="qb_px_465">381.04dp</dimen>
  <dimen name="qb_px_466">381.86dp</dimen>
  <dimen name="qb_px_467">382.68dp</dimen>
  <dimen name="qb_px_468">383.50dp</dimen>
  <dimen name="qb_px_469">384.32dp</dimen>
  <dimen name="qb_px_470">385.14dp</dimen>
  <dimen name="qb_px_471">385.96dp</dimen>
  <dimen name="qb_px_472">386.78dp</dimen>
  <dimen name="qb_px_473">387.60dp</dimen>
  <dimen name="qb_px_474">388.42dp</dimen>
  <dimen name="qb_px_475">389.24dp</dimen>
  <dimen name="qb_px_476">390.06dp</dimen>
  <dimen name="qb_px_477">390.88dp</dimen>
  <dimen name="qb_px_478">391.69dp</dimen>
  <dimen name="qb_px_479">392.51dp</dimen>
  <dimen name="qb_px_480">393.33dp</dimen>
  <dimen name="qb_px_481">394.15dp</dimen>
  <dimen name="qb_px_482">394.97dp</dimen>
  <dimen name="qb_px_483">395.79dp</dimen>
  <dimen name="qb_px_484">396.61dp</dimen>
  <dimen name="qb_px_485">397.43dp</dimen>
  <dimen name="qb_px_486">398.25dp</dimen>
  <dimen name="qb_px_487">399.07dp</dimen>
  <dimen name="qb_px_488">399.89dp</dimen>
  <dimen name="qb_px_489">400.71dp</dimen>
  <dimen name="qb_px_490">401.53dp</dimen>
  <dimen name="qb_px_491">402.35dp</dimen>
  <dimen name="qb_px_492">403.17dp</dimen>
  <dimen name="qb_px_493">403.99dp</dimen>
  <dimen name="qb_px_494">404.81dp</dimen>
  <dimen name="qb_px_495">405.63dp</dimen>
  <dimen name="qb_px_496">406.44dp</dimen>
  <dimen name="qb_px_497">407.26dp</dimen>
  <dimen name="qb_px_498">408.08dp</dimen>
  <dimen name="qb_px_499">408.90dp</dimen>
  <dimen name="qb_px_500">409.72dp</dimen>
  <dimen name="qb_px_501">410.54dp</dimen>
  <dimen name="qb_px_502">411.36dp</dimen>
  <dimen name="qb_px_503">412.18dp</dimen>
  <dimen name="qb_px_504">413.00dp</dimen>
  <dimen name="qb_px_505">413.82dp</dimen>
  <dimen name="qb_px_506">414.64dp</dimen>
  <dimen name="qb_px_507">415.46dp</dimen>
  <dimen name="qb_px_508">416.28dp</dimen>
  <dimen name="qb_px_509">417.10dp</dimen>
  <dimen name="qb_px_510">417.92dp</dimen>
  <dimen name="qb_px_511">418.74dp</dimen>
  <dimen name="qb_px_512">419.56dp</dimen>
  <dimen name="qb_px_513">420.38dp</dimen>
  <dimen name="qb_px_514">421.19dp</dimen>
  <dimen name="qb_px_515">422.01dp</dimen>
  <dimen name="qb_px_516">422.83dp</dimen>
  <dimen name="qb_px_517">423.65dp</dimen>
  <dimen name="qb_px_518">424.47dp</dimen>
  <dimen name="qb_px_519">425.29dp</dimen>
  <dimen name="qb_px_520">426.11dp</dimen>
  <dimen name="qb_px_521">426.93dp</dimen>
  <dimen name="qb_px_522">427.75dp</dimen>
  <dimen name="qb_px_523">428.57dp</dimen>
  <dimen name="qb_px_524">429.39dp</dimen>
  <dimen name="qb_px_525">430.21dp</dimen>
  <dimen name="qb_px_526">431.03dp</dimen>
  <dimen name="qb_px_527">431.85dp</dimen>
  <dimen name="qb_px_528">432.67dp</dimen>
  <dimen name="qb_px_529">433.49dp</dimen>
  <dimen name="qb_px_530">434.31dp</dimen>
  <dimen name="qb_px_531">435.13dp</dimen>
  <dimen name="qb_px_532">435.94dp</dimen>
  <dimen name="qb_px_533">436.76dp</dimen>
  <dimen name="qb_px_534">437.58dp</dimen>
  <dimen name="qb_px_535">438.40dp</dimen>
  <dimen name="qb_px_536">439.22dp</dimen>
  <dimen name="qb_px_537">440.04dp</dimen>
  <dimen name="qb_px_538">440.86dp</dimen>
  <dimen name="qb_px_539">441.68dp</dimen>
  <dimen name="qb_px_540">442.50dp</dimen>
  <dimen name="qb_px_541">443.32dp</dimen>
  <dimen name="qb_px_542">444.14dp</dimen>
  <dimen name="qb_px_543">444.96dp</dimen>
  <dimen name="qb_px_544">445.78dp</dimen>
  <dimen name="qb_px_545">446.60dp</dimen>
  <dimen name="qb_px_546">447.42dp</dimen>
  <dimen name="qb_px_547">448.24dp</dimen>
  <dimen name="qb_px_548">449.06dp</dimen>
  <dimen name="qb_px_549">449.88dp</dimen>
  <dimen name="qb_px_550">450.69dp</dimen>
  <dimen name="qb_px_551">451.51dp</dimen>
  <dimen name="qb_px_552">452.33dp</dimen>
  <dimen name="qb_px_553">453.15dp</dimen>
  <dimen name="qb_px_554">453.97dp</dimen>
  <dimen name="qb_px_555">454.79dp</dimen>
  <dimen name="qb_px_556">455.61dp</dimen>
  <dimen name="qb_px_557">456.43dp</dimen>
  <dimen name="qb_px_558">457.25dp</dimen>
  <dimen name="qb_px_559">458.07dp</dimen>
  <dimen name="qb_px_560">458.89dp</dimen>
  <dimen name="qb_px_561">459.71dp</dimen>
  <dimen name="qb_px_562">460.53dp</dimen>
  <dimen name="qb_px_563">461.35dp</dimen>
  <dimen name="qb_px_564">462.17dp</dimen>
  <dimen name="qb_px_565">462.99dp</dimen>
  <dimen name="qb_px_566">463.81dp</dimen>
  <dimen name="qb_px_567">464.63dp</dimen>
  <dimen name="qb_px_568">465.44dp</dimen>
  <dimen name="qb_px_569">466.26dp</dimen>
  <dimen name="qb_px_570">467.08dp</dimen>
  <dimen name="qb_px_571">467.90dp</dimen>
  <dimen name="qb_px_572">468.72dp</dimen>
  <dimen name="qb_px_573">469.54dp</dimen>
  <dimen name="qb_px_574">470.36dp</dimen>
  <dimen name="qb_px_575">471.18dp</dimen>
  <dimen name="qb_px_576">472.00dp</dimen>
  <dimen name="qb_px_577">472.82dp</dimen>
  <dimen name="qb_px_578">473.64dp</dimen>
  <dimen name="qb_px_579">474.46dp</dimen>
  <dimen name="qb_px_580">475.28dp</dimen>
  <dimen name="qb_px_581">476.10dp</dimen>
  <dimen name="qb_px_582">476.92dp</dimen>
  <dimen name="qb_px_583">477.74dp</dimen>
  <dimen name="qb_px_584">478.56dp</dimen>
  <dimen name="qb_px_585">479.38dp</dimen>
  <dimen name="qb_px_586">480.19dp</dimen>
  <dimen name="qb_px_587">481.01dp</dimen>
  <dimen name="qb_px_588">481.83dp</dimen>
  <dimen name="qb_px_589">482.65dp</dimen>
  <dimen name="qb_px_590">483.47dp</dimen>
  <dimen name="qb_px_591">484.29dp</dimen>
  <dimen name="qb_px_592">485.11dp</dimen>
  <dimen name="qb_px_593">485.93dp</dimen>
  <dimen name="qb_px_594">486.75dp</dimen>
  <dimen name="qb_px_595">487.57dp</dimen>
  <dimen name="qb_px_596">488.39dp</dimen>
  <dimen name="qb_px_597">489.21dp</dimen>
  <dimen name="qb_px_598">490.03dp</dimen>
  <dimen name="qb_px_599">490.85dp</dimen>
  <dimen name="qb_px_600">491.67dp</dimen>
  <dimen name="qb_px_1200">983.34dp</dimen>
  <dimen name="qb_px_601">492.49dp</dimen>
  <dimen name="qb_px_602">493.31dp</dimen>
  <dimen name="qb_px_603">494.13dp</dimen>
  <dimen name="qb_px_604">494.94dp</dimen>
  <dimen name="qb_px_605">495.76dp</dimen>
  <dimen name="qb_px_606">496.58dp</dimen>
  <dimen name="qb_px_607">497.40dp</dimen>
  <dimen name="qb_px_608">498.22dp</dimen>
  <dimen name="qb_px_609">499.04dp</dimen>
  <dimen name="qb_px_610">499.86dp</dimen>
  <dimen name="qb_px_611">500.68dp</dimen>
  <dimen name="qb_px_612">501.50dp</dimen>
  <dimen name="qb_px_613">502.32dp</dimen>
  <dimen name="qb_px_614">503.14dp</dimen>
  <dimen name="qb_px_615">503.96dp</dimen>
  <dimen name="qb_px_616">504.78dp</dimen>
  <dimen name="qb_px_617">505.60dp</dimen>
  <dimen name="qb_px_618">506.42dp</dimen>
  <dimen name="qb_px_619">507.24dp</dimen>
  <dimen name="qb_px_620">508.06dp</dimen>
  <dimen name="qb_px_621">508.88dp</dimen>
  <dimen name="qb_px_622">509.69dp</dimen>
  <dimen name="qb_px_623">510.51dp</dimen>
  <dimen name="qb_px_624">511.33dp</dimen>
  <dimen name="qb_px_625">512.15dp</dimen>
  <dimen name="qb_px_626">512.97dp</dimen>
  <dimen name="qb_px_627">513.79dp</dimen>
  <dimen name="qb_px_628">514.61dp</dimen>
  <dimen name="qb_px_629">515.43dp</dimen>
  <dimen name="qb_px_630">516.25dp</dimen>
  <dimen name="qb_px_631">517.07dp</dimen>
  <dimen name="qb_px_632">517.89dp</dimen>
  <dimen name="qb_px_633">518.71dp</dimen>
  <dimen name="qb_px_634">519.53dp</dimen>
  <dimen name="qb_px_635">520.35dp</dimen>
  <dimen name="qb_px_636">521.17dp</dimen>
  <dimen name="qb_px_637">521.99dp</dimen>
  <dimen name="qb_px_638">522.81dp</dimen>
  <dimen name="qb_px_639">523.63dp</dimen>
  <dimen name="qb_px_640">524.44dp</dimen>
  <dimen name="qb_px_641">525.26dp</dimen>
  <dimen name="qb_px_642">526.08dp</dimen>
  <dimen name="qb_px_643">526.90dp</dimen>
  <dimen name="qb_px_644">527.72dp</dimen>
  <dimen name="qb_px_645">528.54dp</dimen>
  <dimen name="qb_px_646">529.36dp</dimen>
  <dimen name="qb_px_647">530.18dp</dimen>
  <dimen name="qb_px_648">531.00dp</dimen>
  <dimen name="qb_px_649">531.82dp</dimen>
  <dimen name="qb_px_650">532.64dp</dimen>
  <dimen name="qb_px_651">533.46dp</dimen>
  <dimen name="qb_px_652">534.28dp</dimen>
  <dimen name="qb_px_653">535.10dp</dimen>
  <dimen name="qb_px_654">535.92dp</dimen>
  <dimen name="qb_px_655">536.74dp</dimen>
  <dimen name="qb_px_656">537.56dp</dimen>
  <dimen name="qb_px_657">538.38dp</dimen>
  <dimen name="qb_px_658">539.19dp</dimen>
  <dimen name="qb_px_659">540.01dp</dimen>
  <dimen name="qb_px_660">540.83dp</dimen>
  <dimen name="qb_px_661">541.65dp</dimen>
  <dimen name="qb_px_662">542.47dp</dimen>
  <dimen name="qb_px_663">543.29dp</dimen>
  <dimen name="qb_px_664">544.11dp</dimen>
  <dimen name="qb_px_665">544.93dp</dimen>
  <dimen name="qb_px_666">545.75dp</dimen>
  <dimen name="qb_px_667">546.57dp</dimen>
  <dimen name="qb_px_668">547.39dp</dimen>
  <dimen name="qb_px_669">548.21dp</dimen>
  <dimen name="qb_px_670">549.03dp</dimen>
  <dimen name="qb_px_671">549.85dp</dimen>
  <dimen name="qb_px_672">550.67dp</dimen>
  <dimen name="qb_px_673">551.49dp</dimen>
  <dimen name="qb_px_674">552.31dp</dimen>
  <dimen name="qb_px_675">553.13dp</dimen>
  <dimen name="qb_px_676">553.94dp</dimen>
  <dimen name="qb_px_677">554.76dp</dimen>
  <dimen name="qb_px_678">555.58dp</dimen>
  <dimen name="qb_px_679">556.40dp</dimen>
  <dimen name="qb_px_680">557.22dp</dimen>
  <dimen name="qb_px_681">558.04dp</dimen>
  <dimen name="qb_px_682">558.86dp</dimen>
  <dimen name="qb_px_683">559.68dp</dimen>
  <dimen name="qb_px_684">560.50dp</dimen>
  <dimen name="qb_px_685">561.32dp</dimen>
  <dimen name="qb_px_686">562.14dp</dimen>
  <dimen name="qb_px_687">562.96dp</dimen>
  <dimen name="qb_px_688">563.78dp</dimen>
  <dimen name="qb_px_689">564.60dp</dimen>
  <dimen name="qb_px_690">565.42dp</dimen>
  <dimen name="qb_px_691">566.24dp</dimen>
  <dimen name="qb_px_692">567.06dp</dimen>
  <dimen name="qb_px_693">567.88dp</dimen>
  <dimen name="qb_px_694">568.69dp</dimen>
  <dimen name="qb_px_695">569.51dp</dimen>
  <dimen name="qb_px_696">570.33dp</dimen>
  <dimen name="qb_px_697">571.15dp</dimen>
  <dimen name="qb_px_698">571.97dp</dimen>
  <dimen name="qb_px_699">572.79dp</dimen>
  <dimen name="qb_px_700">573.61dp</dimen>
  <dimen name="qb_px_701">574.43dp</dimen>
  <dimen name="qb_px_702">575.25dp</dimen>
  <dimen name="qb_px_703">576.07dp</dimen>
  <dimen name="qb_px_704">576.89dp</dimen>
  <dimen name="qb_px_705">577.71dp</dimen>
  <dimen name="qb_px_706">578.53dp</dimen>
  <dimen name="qb_px_707">579.35dp</dimen>
  <dimen name="qb_px_708">580.17dp</dimen>
  <dimen name="qb_px_709">580.99dp</dimen>
  <dimen name="qb_px_710">581.81dp</dimen>
  <dimen name="qb_px_711">582.63dp</dimen>
  <dimen name="qb_px_712">583.44dp</dimen>
  <dimen name="qb_px_713">584.26dp</dimen>
  <dimen name="qb_px_714">585.08dp</dimen>
  <dimen name="qb_px_715">585.90dp</dimen>
  <dimen name="qb_px_716">586.72dp</dimen>
  <dimen name="qb_px_717">587.54dp</dimen>
  <dimen name="qb_px_718">588.36dp</dimen>
  <dimen name="qb_px_719">589.18dp</dimen>
  <dimen name="qb_px_720">590.00dp</dimen>
  <dimen name="qb_px_1440">1180.00dp</dimen>
  <dimen name="qb_px_721">590.82dp</dimen>
  <dimen name="qb_px_722">591.64dp</dimen>
  <dimen name="qb_px_723">592.46dp</dimen>
  <dimen name="qb_px_724">593.28dp</dimen>
  <dimen name="qb_px_725">594.10dp</dimen>
  <dimen name="qb_px_726">594.92dp</dimen>
  <dimen name="qb_px_727">595.74dp</dimen>
  <dimen name="qb_px_728">596.56dp</dimen>
  <dimen name="qb_px_729">597.38dp</dimen>
  <dimen name="qb_px_730">598.19dp</dimen>
  <dimen name="qb_px_731">599.01dp</dimen>
  <dimen name="qb_px_732">599.83dp</dimen>
  <dimen name="qb_px_733">600.65dp</dimen>
  <dimen name="qb_px_734">601.47dp</dimen>
  <dimen name="qb_px_735">602.29dp</dimen>
  <dimen name="qb_px_736">603.11dp</dimen>
  <dimen name="qb_px_737">603.93dp</dimen>
  <dimen name="qb_px_738">604.75dp</dimen>
  <dimen name="qb_px_739">605.57dp</dimen>
  <dimen name="qb_px_740">606.39dp</dimen>
  <dimen name="qb_px_741">607.21dp</dimen>
  <dimen name="qb_px_742">608.03dp</dimen>
  <dimen name="qb_px_743">608.85dp</dimen>
  <dimen name="qb_px_744">609.67dp</dimen>
  <dimen name="qb_px_745">610.49dp</dimen>
  <dimen name="qb_px_746">611.31dp</dimen>
  <dimen name="qb_px_747">612.13dp</dimen>
  <dimen name="qb_px_748">612.94dp</dimen>
  <dimen name="qb_px_749">613.76dp</dimen>
  <dimen name="qb_px_750">614.58dp</dimen>
  <dimen name="qb_px_751">615.40dp</dimen>
  <dimen name="qb_px_752">616.22dp</dimen>
  <dimen name="qb_px_753">617.04dp</dimen>
  <dimen name="qb_px_754">617.86dp</dimen>
  <dimen name="qb_px_755">618.68dp</dimen>
  <dimen name="qb_px_756">619.50dp</dimen>
  <dimen name="qb_px_757">620.32dp</dimen>
  <dimen name="qb_px_758">621.14dp</dimen>
  <dimen name="qb_px_759">621.96dp</dimen>
  <dimen name="qb_px_760">622.78dp</dimen>
  <dimen name="qb_px_761">623.60dp</dimen>
  <dimen name="qb_px_762">624.42dp</dimen>
  <dimen name="qb_px_763">625.24dp</dimen>
  <dimen name="qb_px_764">626.06dp</dimen>
  <dimen name="qb_px_765">626.88dp</dimen>
  <dimen name="qb_px_766">627.69dp</dimen>
  <dimen name="qb_px_767">628.51dp</dimen>
  <dimen name="qb_px_768">629.33dp</dimen>
  <dimen name="qb_px_769">630.15dp</dimen>
  <dimen name="qb_px_770">630.97dp</dimen>
  <dimen name="qb_px_771">631.79dp</dimen>
  <dimen name="qb_px_772">632.61dp</dimen>
  <dimen name="qb_px_773">633.43dp</dimen>
  <dimen name="qb_px_774">634.25dp</dimen>
  <dimen name="qb_px_775">635.07dp</dimen>
  <dimen name="qb_px_776">635.89dp</dimen>
  <dimen name="qb_px_777">636.71dp</dimen>
  <dimen name="qb_px_778">637.53dp</dimen>
  <dimen name="qb_px_779">638.35dp</dimen>
  <dimen name="qb_px_780">639.17dp</dimen>
  <dimen name="qb_px_781">639.99dp</dimen>
  <dimen name="qb_px_782">640.81dp</dimen>
  <dimen name="qb_px_783">641.63dp</dimen>
  <dimen name="qb_px_784">642.44dp</dimen>
  <dimen name="qb_px_785">643.26dp</dimen>
  <dimen name="qb_px_786">644.08dp</dimen>
  <dimen name="qb_px_787">644.90dp</dimen>
  <dimen name="qb_px_788">645.72dp</dimen>
  <dimen name="qb_px_789">646.54dp</dimen>
  <dimen name="qb_px_790">647.36dp</dimen>
  <dimen name="qb_px_791">648.18dp</dimen>
  <dimen name="qb_px_792">649.00dp</dimen>
  <dimen name="qb_px_793">649.82dp</dimen>
  <dimen name="qb_px_794">650.64dp</dimen>
  <dimen name="qb_px_795">651.46dp</dimen>
  <dimen name="qb_px_796">652.28dp</dimen>
  <dimen name="qb_px_797">653.10dp</dimen>
  <dimen name="qb_px_798">653.92dp</dimen>
  <dimen name="qb_px_799">654.74dp</dimen>
  <dimen name="qb_px_800">655.56dp</dimen>
  <dimen name="qb_px_1600">1311.12dp</dimen>
  <dimen name="qb_px_2400">1966.68dp</dimen>
  <dimen name="qb_px_3200">2622.24dp</dimen>
  <dimen name="qb_px_801">656.38dp</dimen>
  <dimen name="qb_px_802">657.19dp</dimen>
  <dimen name="qb_px_803">658.01dp</dimen>
  <dimen name="qb_px_804">658.83dp</dimen>
  <dimen name="qb_px_805">659.65dp</dimen>
  <dimen name="qb_px_806">660.47dp</dimen>
  <dimen name="qb_px_807">661.29dp</dimen>
  <dimen name="qb_px_808">662.11dp</dimen>
  <dimen name="qb_px_809">662.93dp</dimen>
  <dimen name="qb_px_810">663.75dp</dimen>
  <dimen name="qb_px_811">664.57dp</dimen>
  <dimen name="qb_px_812">665.39dp</dimen>
  <dimen name="qb_px_813">666.21dp</dimen>
  <dimen name="qb_px_814">667.03dp</dimen>
  <dimen name="qb_px_815">667.85dp</dimen>
  <dimen name="qb_px_816">668.67dp</dimen>
  <dimen name="qb_px_817">669.49dp</dimen>
  <dimen name="qb_px_818">670.31dp</dimen>
  <dimen name="qb_px_819">671.13dp</dimen>
  <dimen name="qb_px_820">671.94dp</dimen>
  <dimen name="qb_px_821">672.76dp</dimen>
  <dimen name="qb_px_822">673.58dp</dimen>
  <dimen name="qb_px_823">674.40dp</dimen>
  <dimen name="qb_px_824">675.22dp</dimen>
  <dimen name="qb_px_825">676.04dp</dimen>
  <dimen name="qb_px_826">676.86dp</dimen>
  <dimen name="qb_px_827">677.68dp</dimen>
  <dimen name="qb_px_828">678.50dp</dimen>
  <dimen name="qb_px_829">679.32dp</dimen>
  <dimen name="qb_px_830">680.14dp</dimen>
  <dimen name="qb_px_831">680.96dp</dimen>
  <dimen name="qb_px_832">681.78dp</dimen>
  <dimen name="qb_px_833">682.60dp</dimen>
  <dimen name="qb_px_834">683.42dp</dimen>
  <dimen name="qb_px_835">684.24dp</dimen>
  <dimen name="qb_px_836">685.06dp</dimen>
  <dimen name="qb_px_837">685.88dp</dimen>
  <dimen name="qb_px_838">686.69dp</dimen>
  <dimen name="qb_px_839">687.51dp</dimen>
  <dimen name="qb_px_840">688.33dp</dimen>
  <dimen name="qb_px_841">689.15dp</dimen>
  <dimen name="qb_px_842">689.97dp</dimen>
  <dimen name="qb_px_843">690.79dp</dimen>
  <dimen name="qb_px_844">691.61dp</dimen>
  <dimen name="qb_px_845">692.43dp</dimen>
  <dimen name="qb_px_846">693.25dp</dimen>
  <dimen name="qb_px_847">694.07dp</dimen>
  <dimen name="qb_px_848">694.89dp</dimen>
  <dimen name="qb_px_849">695.71dp</dimen>
  <dimen name="qb_px_850">696.53dp</dimen>
  <dimen name="qb_px_851">697.35dp</dimen>
  <dimen name="qb_px_852">698.17dp</dimen>
  <dimen name="qb_px_853">698.99dp</dimen>
  <dimen name="qb_px_854">699.81dp</dimen>
  <dimen name="qb_px_855">700.63dp</dimen>
  <dimen name="qb_px_856">701.44dp</dimen>
  <dimen name="qb_px_857">702.26dp</dimen>
  <dimen name="qb_px_858">703.08dp</dimen>
  <dimen name="qb_px_859">703.90dp</dimen>
  <dimen name="qb_px_860">704.72dp</dimen>
  <dimen name="qb_px_861">705.54dp</dimen>
  <dimen name="qb_px_862">706.36dp</dimen>
  <dimen name="qb_px_863">707.18dp</dimen>
  <dimen name="qb_px_864">708.00dp</dimen>
  <dimen name="qb_px_865">708.82dp</dimen>
  <dimen name="qb_px_866">709.64dp</dimen>
  <dimen name="qb_px_867">710.46dp</dimen>
  <dimen name="qb_px_868">711.28dp</dimen>
  <dimen name="qb_px_869">712.10dp</dimen>
  <dimen name="qb_px_870">712.92dp</dimen>
  <dimen name="qb_px_871">713.74dp</dimen>
  <dimen name="qb_px_872">714.56dp</dimen>
  <dimen name="qb_px_873">715.38dp</dimen>
  <dimen name="qb_px_874">716.19dp</dimen>
  <dimen name="qb_px_875">717.01dp</dimen>
  <dimen name="qb_px_876">717.83dp</dimen>
  <dimen name="qb_px_877">718.65dp</dimen>
  <dimen name="qb_px_878">719.47dp</dimen>
  <dimen name="qb_px_879">720.29dp</dimen>
  <dimen name="qb_px_880">721.11dp</dimen>
  <dimen name="qb_px_881">721.93dp</dimen>
  <dimen name="qb_px_882">722.75dp</dimen>
  <dimen name="qb_px_883">723.57dp</dimen>
  <dimen name="qb_px_884">724.39dp</dimen>
  <dimen name="qb_px_885">725.21dp</dimen>
  <dimen name="qb_px_886">726.03dp</dimen>
  <dimen name="qb_px_887">726.85dp</dimen>
  <dimen name="qb_px_888">727.67dp</dimen>
  <dimen name="qb_px_889">728.49dp</dimen>
  <dimen name="qb_px_890">729.31dp</dimen>
  <dimen name="qb_px_891">730.13dp</dimen>
  <dimen name="qb_px_892">730.94dp</dimen>
  <dimen name="qb_px_893">731.76dp</dimen>
  <dimen name="qb_px_894">732.58dp</dimen>
  <dimen name="qb_px_895">733.40dp</dimen>
  <dimen name="qb_px_896">734.22dp</dimen>
  <dimen name="qb_px_897">735.04dp</dimen>
  <dimen name="qb_px_898">735.86dp</dimen>
  <dimen name="qb_px_899">736.68dp</dimen>
  <dimen name="qb_px_900">737.50dp</dimen>
  <dimen name="qb_px_901">738.32dp</dimen>
  <dimen name="qb_px_902">739.14dp</dimen>
  <dimen name="qb_px_903">739.96dp</dimen>
  <dimen name="qb_px_904">740.78dp</dimen>
  <dimen name="qb_px_905">741.60dp</dimen>
  <dimen name="qb_px_906">742.42dp</dimen>
  <dimen name="qb_px_907">743.24dp</dimen>
  <dimen name="qb_px_908">744.06dp</dimen>
  <dimen name="qb_px_909">744.88dp</dimen>
  <dimen name="qb_px_910">745.69dp</dimen>
  <dimen name="qb_px_911">746.51dp</dimen>
  <dimen name="qb_px_912">747.33dp</dimen>
  <dimen name="qb_px_913">748.15dp</dimen>
  <dimen name="qb_px_914">748.97dp</dimen>
  <dimen name="qb_px_915">749.79dp</dimen>
  <dimen name="qb_px_916">750.61dp</dimen>
  <dimen name="qb_px_917">751.43dp</dimen>
  <dimen name="qb_px_918">752.25dp</dimen>
  <dimen name="qb_px_919">753.07dp</dimen>
  <dimen name="qb_px_920">753.89dp</dimen>
  <dimen name="qb_px_921">754.71dp</dimen>
  <dimen name="qb_px_922">755.53dp</dimen>
  <dimen name="qb_px_923">756.35dp</dimen>
  <dimen name="qb_px_924">757.17dp</dimen>
  <dimen name="qb_px_925">757.99dp</dimen>
  <dimen name="qb_px_926">758.81dp</dimen>
  <dimen name="qb_px_927">759.63dp</dimen>
  <dimen name="qb_px_928">760.44dp</dimen>
  <dimen name="qb_px_929">761.26dp</dimen>
  <dimen name="qb_px_930">762.08dp</dimen>
  <dimen name="qb_px_931">762.90dp</dimen>
  <dimen name="qb_px_932">763.72dp</dimen>
  <dimen name="qb_px_933">764.54dp</dimen>
  <dimen name="qb_px_934">765.36dp</dimen>
  <dimen name="qb_px_935">766.18dp</dimen>
  <dimen name="qb_px_936">767.00dp</dimen>
  <dimen name="qb_px_937">767.82dp</dimen>
  <dimen name="qb_px_938">768.64dp</dimen>
  <dimen name="qb_px_939">769.46dp</dimen>
  <dimen name="qb_px_940">770.28dp</dimen>
  <dimen name="qb_px_941">771.10dp</dimen>
  <dimen name="qb_px_942">771.92dp</dimen>
  <dimen name="qb_px_943">772.74dp</dimen>
  <dimen name="qb_px_944">773.56dp</dimen>
  <dimen name="qb_px_945">774.38dp</dimen>
  <dimen name="qb_px_946">775.19dp</dimen>
  <dimen name="qb_px_947">776.01dp</dimen>
  <dimen name="qb_px_948">776.83dp</dimen>
  <dimen name="qb_px_949">777.65dp</dimen>
  <dimen name="qb_px_950">778.47dp</dimen>
  <dimen name="qb_px_951">779.29dp</dimen>
  <dimen name="qb_px_952">780.11dp</dimen>
  <dimen name="qb_px_953">780.93dp</dimen>
  <dimen name="qb_px_954">781.75dp</dimen>
  <dimen name="qb_px_955">782.57dp</dimen>
  <dimen name="qb_px_956">783.39dp</dimen>
  <dimen name="qb_px_957">784.21dp</dimen>
  <dimen name="qb_px_958">785.03dp</dimen>
  <dimen name="qb_px_959">785.85dp</dimen>
  <dimen name="qb_px_960">786.67dp</dimen>
  <dimen name="qb_px_961">787.49dp</dimen>
  <dimen name="qb_px_962">788.31dp</dimen>
  <dimen name="qb_px_963">789.13dp</dimen>
  <dimen name="qb_px_964">789.94dp</dimen>
  <dimen name="qb_px_965">790.76dp</dimen>
  <dimen name="qb_px_966">791.58dp</dimen>
  <dimen name="qb_px_967">792.40dp</dimen>
  <dimen name="qb_px_968">793.22dp</dimen>
  <dimen name="qb_px_969">794.04dp</dimen>
  <dimen name="qb_px_970">794.86dp</dimen>
  <dimen name="qb_px_971">795.68dp</dimen>
  <dimen name="qb_px_972">796.50dp</dimen>
  <dimen name="qb_px_973">797.32dp</dimen>
  <dimen name="qb_px_974">798.14dp</dimen>
  <dimen name="qb_px_975">798.96dp</dimen>
  <dimen name="qb_px_976">799.78dp</dimen>
  <dimen name="qb_px_977">800.60dp</dimen>
  <dimen name="qb_px_978">801.42dp</dimen>
  <dimen name="qb_px_979">802.24dp</dimen>
  <dimen name="qb_px_980">803.06dp</dimen>
  <dimen name="qb_px_981">803.88dp</dimen>
  <dimen name="qb_px_982">804.69dp</dimen>
  <dimen name="qb_px_983">805.51dp</dimen>
  <dimen name="qb_px_984">806.33dp</dimen>
  <dimen name="qb_px_985">807.15dp</dimen>
  <dimen name="qb_px_986">807.97dp</dimen>
  <dimen name="qb_px_987">808.79dp</dimen>
  <dimen name="qb_px_988">809.61dp</dimen>
  <dimen name="qb_px_989">810.43dp</dimen>
  <dimen name="qb_px_990">811.25dp</dimen>
  <dimen name="qb_px_991">812.07dp</dimen>
  <dimen name="qb_px_992">812.89dp</dimen>
  <dimen name="qb_px_993">813.71dp</dimen>
  <dimen name="qb_px_994">814.53dp</dimen>
  <dimen name="qb_px_995">815.35dp</dimen>
  <dimen name="qb_px_996">816.17dp</dimen>
  <dimen name="qb_px_997">816.99dp</dimen>
  <dimen name="qb_px_998">817.81dp</dimen>
  <dimen name="qb_px_999">818.63dp</dimen>
  <dimen name="qb_px_1000">819.44dp</dimen>
  <dimen name="qb_px_1001">820.26dp</dimen>
  <dimen name="qb_px_1002">821.08dp</dimen>
  <dimen name="qb_px_1003">821.90dp</dimen>
  <dimen name="qb_px_1004">822.72dp</dimen>
  <dimen name="qb_px_1005">823.54dp</dimen>
  <dimen name="qb_px_1006">824.36dp</dimen>
  <dimen name="qb_px_1007">825.18dp</dimen>
  <dimen name="qb_px_1008">826.00dp</dimen>
  <dimen name="qb_px_1009">826.82dp</dimen>
  <dimen name="qb_px_1010">827.64dp</dimen>
  <dimen name="qb_px_1011">828.46dp</dimen>
  <dimen name="qb_px_1012">829.28dp</dimen>
  <dimen name="qb_px_1013">830.10dp</dimen>
  <dimen name="qb_px_1014">830.92dp</dimen>
  <dimen name="qb_px_1015">831.74dp</dimen>
  <dimen name="qb_px_1016">832.56dp</dimen>
  <dimen name="qb_px_1017">833.38dp</dimen>
  <dimen name="qb_px_1018">834.19dp</dimen>
  <dimen name="qb_px_1019">835.01dp</dimen>
  <dimen name="qb_px_1020">835.83dp</dimen>
  <dimen name="qb_px_1021">836.65dp</dimen>
  <dimen name="qb_px_1022">837.47dp</dimen>
  <dimen name="qb_px_1023">838.29dp</dimen>
  <dimen name="qb_px_1024">839.11dp</dimen>
  <dimen name="qb_px_1025">839.93dp</dimen>
  <dimen name="qb_px_1026">840.75dp</dimen>
  <dimen name="qb_px_1027">841.57dp</dimen>
  <dimen name="qb_px_1028">842.39dp</dimen>
  <dimen name="qb_px_1029">843.21dp</dimen>
  <dimen name="qb_px_1030">844.03dp</dimen>
  <dimen name="qb_px_1031">844.85dp</dimen>
  <dimen name="qb_px_1032">845.67dp</dimen>
  <dimen name="qb_px_1033">846.49dp</dimen>
  <dimen name="qb_px_1034">847.31dp</dimen>
  <dimen name="qb_px_1035">848.13dp</dimen>
  <dimen name="qb_px_1036">848.94dp</dimen>
  <dimen name="qb_px_1037">849.76dp</dimen>
  <dimen name="qb_px_1038">850.58dp</dimen>
  <dimen name="qb_px_1039">851.40dp</dimen>
  <dimen name="qb_px_1040">852.22dp</dimen>
  <dimen name="qb_px_1041">853.04dp</dimen>
  <dimen name="qb_px_1042">853.86dp</dimen>
  <dimen name="qb_px_1043">854.68dp</dimen>
  <dimen name="qb_px_1044">855.50dp</dimen>
  <dimen name="qb_px_1045">856.32dp</dimen>
  <dimen name="qb_px_1046">857.14dp</dimen>
  <dimen name="qb_px_1047">857.96dp</dimen>
  <dimen name="qb_px_1048">858.78dp</dimen>
  <dimen name="qb_px_1049">859.60dp</dimen>
  <dimen name="qb_px_1050">860.42dp</dimen>
  <dimen name="qb_px_1051">861.24dp</dimen>
  <dimen name="qb_px_1052">862.06dp</dimen>
  <dimen name="qb_px_1053">862.88dp</dimen>
  <dimen name="qb_px_1054">863.69dp</dimen>
  <dimen name="qb_px_1055">864.51dp</dimen>
  <dimen name="qb_px_1056">865.33dp</dimen>
  <dimen name="qb_px_1057">866.15dp</dimen>
  <dimen name="qb_px_1058">866.97dp</dimen>
  <dimen name="qb_px_1059">867.79dp</dimen>
  <dimen name="qb_px_1060">868.61dp</dimen>
  <dimen name="qb_px_1061">869.43dp</dimen>
  <dimen name="qb_px_1062">870.25dp</dimen>
  <dimen name="qb_px_1063">871.07dp</dimen>
  <dimen name="qb_px_1064">871.89dp</dimen>
  <dimen name="qb_px_1065">872.71dp</dimen>
  <dimen name="qb_px_1066">873.53dp</dimen>
  <dimen name="qb_px_1067">874.35dp</dimen>
  <dimen name="qb_px_1068">875.17dp</dimen>
  <dimen name="qb_px_1069">875.99dp</dimen>
  <dimen name="qb_px_1070">876.81dp</dimen>
  <dimen name="qb_px_1071">877.63dp</dimen>
  <dimen name="qb_px_1072">878.44dp</dimen>
  <dimen name="qb_px_1073">879.26dp</dimen>
  <dimen name="qb_px_1074">880.08dp</dimen>
  <dimen name="qb_px_1075">880.90dp</dimen>
  <dimen name="qb_px_1076">881.72dp</dimen>
  <dimen name="qb_px_1077">882.54dp</dimen>
  <dimen name="qb_px_1078">883.36dp</dimen>
  <dimen name="qb_px_1079">884.18dp</dimen>
  <dimen name="qb_px_1080">885.00dp</dimen>
  <dimen name="sb_px_0">0.00sp</dimen>
  <dimen name="sb_px_1">0.82sp</dimen>
  <dimen name="sb_px_2">1.64sp</dimen>
  <dimen name="sb_px_3">2.46sp</dimen>
  <dimen name="sb_px_4">3.28sp</dimen>
  <dimen name="sb_px_5">4.10sp</dimen>
  <dimen name="sb_px_6">4.92sp</dimen>
  <dimen name="sb_px_7">5.74sp</dimen>
  <dimen name="sb_px_8">6.56sp</dimen>
  <dimen name="sb_px_9">7.38sp</dimen>
  <dimen name="sb_px_10">8.19sp</dimen>
  <dimen name="sb_px_11">9.01sp</dimen>
  <dimen name="sb_px_12">9.83sp</dimen>
  <dimen name="sb_px_13">10.65sp</dimen>
  <dimen name="sb_px_14">11.47sp</dimen>
  <dimen name="sb_px_15">12.29sp</dimen>
  <dimen name="sb_px_16">13.11sp</dimen>
  <dimen name="sb_px_17">13.93sp</dimen>
  <dimen name="sb_px_18">14.75sp</dimen>
  <dimen name="sb_px_19">15.57sp</dimen>
  <dimen name="sb_px_20">16.39sp</dimen>
  <dimen name="sb_px_21">17.21sp</dimen>
  <dimen name="sb_px_22">18.03sp</dimen>
  <dimen name="sb_px_23">18.85sp</dimen>
  <dimen name="sb_px_24">19.67sp</dimen>
  <dimen name="sb_px_25">20.49sp</dimen>
  <dimen name="sb_px_26">21.31sp</dimen>
  <dimen name="sb_px_27">22.13sp</dimen>
  <dimen name="sb_px_28">22.94sp</dimen>
  <dimen name="sb_px_29">23.76sp</dimen>
  <dimen name="sb_px_30">24.58sp</dimen>
  <dimen name="sb_px_31">25.40sp</dimen>
  <dimen name="sb_px_32">26.22sp</dimen>
  <dimen name="sb_px_33">27.04sp</dimen>
  <dimen name="sb_px_34">27.86sp</dimen>
  <dimen name="sb_px_35">28.68sp</dimen>
  <dimen name="sb_px_36">29.50sp</dimen>
  <dimen name="sb_px_37">30.32sp</dimen>
  <dimen name="sb_px_38">31.14sp</dimen>
  <dimen name="sb_px_39">31.96sp</dimen>
  <dimen name="sb_px_40">32.78sp</dimen>
  <dimen name="sb_px_41">33.60sp</dimen>
  <dimen name="sb_px_42">34.42sp</dimen>
  <dimen name="sb_px_43">35.24sp</dimen>
  <dimen name="sb_px_44">36.06sp</dimen>
  <dimen name="sb_px_45">36.88sp</dimen>
  <dimen name="sb_px_46">37.69sp</dimen>
  <dimen name="sb_px_47">38.51sp</dimen>
  <dimen name="sb_px_48">39.33sp</dimen>
  <dimen name="sb_px_49">40.15sp</dimen>
  <dimen name="sb_px_50">40.97sp</dimen>
  <dimen name="sb_px_51">41.79sp</dimen>
  <dimen name="sb_px_52">42.61sp</dimen>
  <dimen name="sb_px_53">43.43sp</dimen>
  <dimen name="sb_px_54">44.25sp</dimen>
  <dimen name="sb_px_55">45.07sp</dimen>
  <dimen name="sb_px_56">45.89sp</dimen>
  <dimen name="sb_px_57">46.71sp</dimen>
  <dimen name="sb_px_58">47.53sp</dimen>
  <dimen name="sb_px_59">48.35sp</dimen>
  <dimen name="sb_px_60">49.17sp</dimen>
  <dimen name="sb_px_61">49.99sp</dimen>
  <dimen name="sb_px_62">50.81sp</dimen>
  <dimen name="sb_px_63">51.63sp</dimen>
  <dimen name="sb_px_64">52.44sp</dimen>
  <dimen name="sb_px_65">53.26sp</dimen>
  <dimen name="sb_px_66">54.08sp</dimen>
  <dimen name="sb_px_67">54.90sp</dimen>
  <dimen name="sb_px_68">55.72sp</dimen>
  <dimen name="sb_px_69">56.54sp</dimen>
  <dimen name="sb_px_70">57.36sp</dimen>
  <dimen name="sb_px_71">58.18sp</dimen>
  <dimen name="sb_px_72">59.00sp</dimen>
  <dimen name="sb_px_73">59.82sp</dimen>
  <dimen name="sb_px_74">60.64sp</dimen>
  <dimen name="sb_px_75">61.46sp</dimen>
  <dimen name="sb_px_76">62.28sp</dimen>
  <dimen name="sb_px_77">63.10sp</dimen>
  <dimen name="sb_px_78">63.92sp</dimen>
  <dimen name="sb_px_79">64.74sp</dimen>
  <dimen name="sb_px_80">65.56sp</dimen>
  <dimen name="sb_px_81">66.38sp</dimen>
  <dimen name="sb_px_82">67.19sp</dimen>
  <dimen name="sb_px_83">68.01sp</dimen>
  <dimen name="sb_px_84">68.83sp</dimen>
  <dimen name="sb_px_85">69.65sp</dimen>
  <dimen name="sb_px_86">70.47sp</dimen>
  <dimen name="sb_px_87">71.29sp</dimen>
  <dimen name="sb_px_88">72.11sp</dimen>
  <dimen name="sb_px_89">72.93sp</dimen>
  <dimen name="sb_px_90">73.75sp</dimen>
  <dimen name="sb_px_91">74.57sp</dimen>
  <dimen name="sb_px_92">75.39sp</dimen>
  <dimen name="sb_px_93">76.21sp</dimen>
  <dimen name="sb_px_94">77.03sp</dimen>
  <dimen name="sb_px_95">77.85sp</dimen>
  <dimen name="sb_px_96">78.67sp</dimen>
  <dimen name="sb_px_97">79.49sp</dimen>
  <dimen name="sb_px_98">80.31sp</dimen>
  <dimen name="sb_px_99">81.13sp</dimen>
  <dimen name="sb_px_100">81.94sp</dimen>
</resources>
