<?xml version="1.0" encoding="utf-8"?>
<resources xmlns:tools="http://schemas.android.com/tools" tools:ignore="MissingDefaultResource">
  <dimen name="base_dpi">570dp</dimen>
  <dimen name="qb_px_0">0.00dp</dimen>
  <dimen name="qb_px_1">0.79dp</dimen>
  <dimen name="qb_px_2">1.58dp</dimen>
  <dimen name="qb_px_3">2.38dp</dimen>
  <dimen name="qb_px_4">3.17dp</dimen>
  <dimen name="qb_px_5">3.96dp</dimen>
  <dimen name="qb_px_6">4.75dp</dimen>
  <dimen name="qb_px_7">5.54dp</dimen>
  <dimen name="qb_px_8">6.33dp</dimen>
  <dimen name="qb_px_9">7.13dp</dimen>
  <dimen name="qb_px_10">7.92dp</dimen>
  <dimen name="qb_px_11">8.71dp</dimen>
  <dimen name="qb_px_12">9.50dp</dimen>
  <dimen name="qb_px_13">10.29dp</dimen>
  <dimen name="qb_px_14">11.08dp</dimen>
  <dimen name="qb_px_15">11.88dp</dimen>
  <dimen name="qb_px_16">12.67dp</dimen>
  <dimen name="qb_px_17">13.46dp</dimen>
  <dimen name="qb_px_18">14.25dp</dimen>
  <dimen name="qb_px_19">15.04dp</dimen>
  <dimen name="qb_px_20">15.83dp</dimen>
  <dimen name="qb_px_21">16.63dp</dimen>
  <dimen name="qb_px_22">17.42dp</dimen>
  <dimen name="qb_px_23">18.21dp</dimen>
  <dimen name="qb_px_24">19.00dp</dimen>
  <dimen name="qb_px_25">19.79dp</dimen>
  <dimen name="qb_px_26">20.58dp</dimen>
  <dimen name="qb_px_27">21.38dp</dimen>
  <dimen name="qb_px_28">22.17dp</dimen>
  <dimen name="qb_px_29">22.96dp</dimen>
  <dimen name="qb_px_30">23.75dp</dimen>
  <dimen name="qb_px_31">24.54dp</dimen>
  <dimen name="qb_px_32">25.33dp</dimen>
  <dimen name="qb_px_33">26.13dp</dimen>
  <dimen name="qb_px_34">26.92dp</dimen>
  <dimen name="qb_px_35">27.71dp</dimen>
  <dimen name="qb_px_36">28.50dp</dimen>
  <dimen name="qb_px_37">29.29dp</dimen>
  <dimen name="qb_px_38">30.08dp</dimen>
  <dimen name="qb_px_39">30.88dp</dimen>
  <dimen name="qb_px_40">31.67dp</dimen>
  <dimen name="qb_px_41">32.46dp</dimen>
  <dimen name="qb_px_42">33.25dp</dimen>
  <dimen name="qb_px_43">34.04dp</dimen>
  <dimen name="qb_px_44">34.83dp</dimen>
  <dimen name="qb_px_45">35.63dp</dimen>
  <dimen name="qb_px_46">36.42dp</dimen>
  <dimen name="qb_px_47">37.21dp</dimen>
  <dimen name="qb_px_48">38.00dp</dimen>
  <dimen name="qb_px_49">38.79dp</dimen>
  <dimen name="qb_px_50">39.58dp</dimen>
  <dimen name="qb_px_51">40.38dp</dimen>
  <dimen name="qb_px_52">41.17dp</dimen>
  <dimen name="qb_px_53">41.96dp</dimen>
  <dimen name="qb_px_54">42.75dp</dimen>
  <dimen name="qb_px_55">43.54dp</dimen>
  <dimen name="qb_px_56">44.33dp</dimen>
  <dimen name="qb_px_57">45.13dp</dimen>
  <dimen name="qb_px_58">45.92dp</dimen>
  <dimen name="qb_px_59">46.71dp</dimen>
  <dimen name="qb_px_60">47.50dp</dimen>
  <dimen name="qb_px_61">48.29dp</dimen>
  <dimen name="qb_px_62">49.08dp</dimen>
  <dimen name="qb_px_63">49.88dp</dimen>
  <dimen name="qb_px_64">50.67dp</dimen>
  <dimen name="qb_px_65">51.46dp</dimen>
  <dimen name="qb_px_66">52.25dp</dimen>
  <dimen name="qb_px_67">53.04dp</dimen>
  <dimen name="qb_px_68">53.83dp</dimen>
  <dimen name="qb_px_69">54.63dp</dimen>
  <dimen name="qb_px_70">55.42dp</dimen>
  <dimen name="qb_px_71">56.21dp</dimen>
  <dimen name="qb_px_72">57.00dp</dimen>
  <dimen name="qb_px_73">57.79dp</dimen>
  <dimen name="qb_px_74">58.58dp</dimen>
  <dimen name="qb_px_75">59.38dp</dimen>
  <dimen name="qb_px_76">60.17dp</dimen>
  <dimen name="qb_px_77">60.96dp</dimen>
  <dimen name="qb_px_78">61.75dp</dimen>
  <dimen name="qb_px_79">62.54dp</dimen>
  <dimen name="qb_px_80">63.33dp</dimen>
  <dimen name="qb_px_81">64.13dp</dimen>
  <dimen name="qb_px_82">64.92dp</dimen>
  <dimen name="qb_px_83">65.71dp</dimen>
  <dimen name="qb_px_84">66.50dp</dimen>
  <dimen name="qb_px_85">67.29dp</dimen>
  <dimen name="qb_px_86">68.08dp</dimen>
  <dimen name="qb_px_87">68.88dp</dimen>
  <dimen name="qb_px_88">69.67dp</dimen>
  <dimen name="qb_px_89">70.46dp</dimen>
  <dimen name="qb_px_90">71.25dp</dimen>
  <dimen name="qb_px_91">72.04dp</dimen>
  <dimen name="qb_px_92">72.83dp</dimen>
  <dimen name="qb_px_93">73.63dp</dimen>
  <dimen name="qb_px_94">74.42dp</dimen>
  <dimen name="qb_px_95">75.21dp</dimen>
  <dimen name="qb_px_96">76.00dp</dimen>
  <dimen name="qb_px_97">76.79dp</dimen>
  <dimen name="qb_px_98">77.58dp</dimen>
  <dimen name="qb_px_99">78.38dp</dimen>
  <dimen name="qb_px_100">79.17dp</dimen>
  <dimen name="qb_px_101">79.96dp</dimen>
  <dimen name="qb_px_102">80.75dp</dimen>
  <dimen name="qb_px_103">81.54dp</dimen>
  <dimen name="qb_px_104">82.33dp</dimen>
  <dimen name="qb_px_105">83.13dp</dimen>
  <dimen name="qb_px_106">83.92dp</dimen>
  <dimen name="qb_px_107">84.71dp</dimen>
  <dimen name="qb_px_108">85.50dp</dimen>
  <dimen name="qb_px_109">86.29dp</dimen>
  <dimen name="qb_px_110">87.08dp</dimen>
  <dimen name="qb_px_111">87.88dp</dimen>
  <dimen name="qb_px_112">88.67dp</dimen>
  <dimen name="qb_px_113">89.46dp</dimen>
  <dimen name="qb_px_114">90.25dp</dimen>
  <dimen name="qb_px_115">91.04dp</dimen>
  <dimen name="qb_px_116">91.83dp</dimen>
  <dimen name="qb_px_117">92.63dp</dimen>
  <dimen name="qb_px_118">93.42dp</dimen>
  <dimen name="qb_px_119">94.21dp</dimen>
  <dimen name="qb_px_120">95.00dp</dimen>
  <dimen name="qb_px_121">95.79dp</dimen>
  <dimen name="qb_px_122">96.58dp</dimen>
  <dimen name="qb_px_123">97.38dp</dimen>
  <dimen name="qb_px_124">98.17dp</dimen>
  <dimen name="qb_px_125">98.96dp</dimen>
  <dimen name="qb_px_126">99.75dp</dimen>
  <dimen name="qb_px_127">100.54dp</dimen>
  <dimen name="qb_px_128">101.33dp</dimen>
  <dimen name="qb_px_129">102.12dp</dimen>
  <dimen name="qb_px_130">102.92dp</dimen>
  <dimen name="qb_px_131">103.71dp</dimen>
  <dimen name="qb_px_132">104.50dp</dimen>
  <dimen name="qb_px_133">105.29dp</dimen>
  <dimen name="qb_px_134">106.08dp</dimen>
  <dimen name="qb_px_135">106.88dp</dimen>
  <dimen name="qb_px_136">107.67dp</dimen>
  <dimen name="qb_px_137">108.46dp</dimen>
  <dimen name="qb_px_138">109.25dp</dimen>
  <dimen name="qb_px_139">110.04dp</dimen>
  <dimen name="qb_px_140">110.83dp</dimen>
  <dimen name="qb_px_141">111.63dp</dimen>
  <dimen name="qb_px_142">112.42dp</dimen>
  <dimen name="qb_px_143">113.21dp</dimen>
  <dimen name="qb_px_144">114.00dp</dimen>
  <dimen name="qb_px_145">114.79dp</dimen>
  <dimen name="qb_px_146">115.58dp</dimen>
  <dimen name="qb_px_147">116.38dp</dimen>
  <dimen name="qb_px_148">117.17dp</dimen>
  <dimen name="qb_px_149">117.96dp</dimen>
  <dimen name="qb_px_150">118.75dp</dimen>
  <dimen name="qb_px_151">119.54dp</dimen>
  <dimen name="qb_px_152">120.33dp</dimen>
  <dimen name="qb_px_153">121.13dp</dimen>
  <dimen name="qb_px_154">121.92dp</dimen>
  <dimen name="qb_px_155">122.71dp</dimen>
  <dimen name="qb_px_156">123.50dp</dimen>
  <dimen name="qb_px_157">124.29dp</dimen>
  <dimen name="qb_px_158">125.08dp</dimen>
  <dimen name="qb_px_159">125.88dp</dimen>
  <dimen name="qb_px_160">126.67dp</dimen>
  <dimen name="qb_px_161">127.46dp</dimen>
  <dimen name="qb_px_162">128.25dp</dimen>
  <dimen name="qb_px_163">129.04dp</dimen>
  <dimen name="qb_px_164">129.83dp</dimen>
  <dimen name="qb_px_165">130.63dp</dimen>
  <dimen name="qb_px_166">131.42dp</dimen>
  <dimen name="qb_px_167">132.21dp</dimen>
  <dimen name="qb_px_168">133.00dp</dimen>
  <dimen name="qb_px_169">133.79dp</dimen>
  <dimen name="qb_px_170">134.58dp</dimen>
  <dimen name="qb_px_171">135.38dp</dimen>
  <dimen name="qb_px_172">136.17dp</dimen>
  <dimen name="qb_px_173">136.96dp</dimen>
  <dimen name="qb_px_174">137.75dp</dimen>
  <dimen name="qb_px_175">138.54dp</dimen>
  <dimen name="qb_px_176">139.33dp</dimen>
  <dimen name="qb_px_177">140.13dp</dimen>
  <dimen name="qb_px_178">140.92dp</dimen>
  <dimen name="qb_px_179">141.71dp</dimen>
  <dimen name="qb_px_180">142.50dp</dimen>
  <dimen name="qb_px_181">143.29dp</dimen>
  <dimen name="qb_px_182">144.08dp</dimen>
  <dimen name="qb_px_183">144.88dp</dimen>
  <dimen name="qb_px_184">145.67dp</dimen>
  <dimen name="qb_px_185">146.46dp</dimen>
  <dimen name="qb_px_186">147.25dp</dimen>
  <dimen name="qb_px_187">148.04dp</dimen>
  <dimen name="qb_px_188">148.83dp</dimen>
  <dimen name="qb_px_189">149.63dp</dimen>
  <dimen name="qb_px_190">150.42dp</dimen>
  <dimen name="qb_px_191">151.21dp</dimen>
  <dimen name="qb_px_192">152.00dp</dimen>
  <dimen name="qb_px_193">152.79dp</dimen>
  <dimen name="qb_px_194">153.58dp</dimen>
  <dimen name="qb_px_195">154.38dp</dimen>
  <dimen name="qb_px_196">155.17dp</dimen>
  <dimen name="qb_px_197">155.96dp</dimen>
  <dimen name="qb_px_198">156.75dp</dimen>
  <dimen name="qb_px_199">157.54dp</dimen>
  <dimen name="qb_px_200">158.33dp</dimen>
  <dimen name="qb_px_201">159.13dp</dimen>
  <dimen name="qb_px_202">159.92dp</dimen>
  <dimen name="qb_px_203">160.71dp</dimen>
  <dimen name="qb_px_204">161.50dp</dimen>
  <dimen name="qb_px_205">162.29dp</dimen>
  <dimen name="qb_px_206">163.08dp</dimen>
  <dimen name="qb_px_207">163.88dp</dimen>
  <dimen name="qb_px_208">164.67dp</dimen>
  <dimen name="qb_px_209">165.46dp</dimen>
  <dimen name="qb_px_210">166.25dp</dimen>
  <dimen name="qb_px_211">167.04dp</dimen>
  <dimen name="qb_px_212">167.83dp</dimen>
  <dimen name="qb_px_213">168.62dp</dimen>
  <dimen name="qb_px_214">169.42dp</dimen>
  <dimen name="qb_px_215">170.21dp</dimen>
  <dimen name="qb_px_216">171.00dp</dimen>
  <dimen name="qb_px_217">171.79dp</dimen>
  <dimen name="qb_px_218">172.58dp</dimen>
  <dimen name="qb_px_219">173.38dp</dimen>
  <dimen name="qb_px_220">174.17dp</dimen>
  <dimen name="qb_px_221">174.96dp</dimen>
  <dimen name="qb_px_222">175.75dp</dimen>
  <dimen name="qb_px_223">176.54dp</dimen>
  <dimen name="qb_px_224">177.33dp</dimen>
  <dimen name="qb_px_225">178.13dp</dimen>
  <dimen name="qb_px_226">178.92dp</dimen>
  <dimen name="qb_px_227">179.71dp</dimen>
  <dimen name="qb_px_228">180.50dp</dimen>
  <dimen name="qb_px_229">181.29dp</dimen>
  <dimen name="qb_px_230">182.08dp</dimen>
  <dimen name="qb_px_231">182.88dp</dimen>
  <dimen name="qb_px_232">183.67dp</dimen>
  <dimen name="qb_px_233">184.46dp</dimen>
  <dimen name="qb_px_234">185.25dp</dimen>
  <dimen name="qb_px_235">186.04dp</dimen>
  <dimen name="qb_px_236">186.83dp</dimen>
  <dimen name="qb_px_237">187.63dp</dimen>
  <dimen name="qb_px_238">188.42dp</dimen>
  <dimen name="qb_px_239">189.21dp</dimen>
  <dimen name="qb_px_240">190.00dp</dimen>
  <dimen name="qb_px_241">190.79dp</dimen>
  <dimen name="qb_px_242">191.58dp</dimen>
  <dimen name="qb_px_243">192.38dp</dimen>
  <dimen name="qb_px_244">193.17dp</dimen>
  <dimen name="qb_px_245">193.96dp</dimen>
  <dimen name="qb_px_246">194.75dp</dimen>
  <dimen name="qb_px_247">195.54dp</dimen>
  <dimen name="qb_px_248">196.33dp</dimen>
  <dimen name="qb_px_249">197.13dp</dimen>
  <dimen name="qb_px_250">197.92dp</dimen>
  <dimen name="qb_px_251">198.71dp</dimen>
  <dimen name="qb_px_252">199.50dp</dimen>
  <dimen name="qb_px_253">200.29dp</dimen>
  <dimen name="qb_px_254">201.08dp</dimen>
  <dimen name="qb_px_255">201.88dp</dimen>
  <dimen name="qb_px_256">202.67dp</dimen>
  <dimen name="qb_px_257">203.46dp</dimen>
  <dimen name="qb_px_258">204.25dp</dimen>
  <dimen name="qb_px_259">205.04dp</dimen>
  <dimen name="qb_px_260">205.83dp</dimen>
  <dimen name="qb_px_261">206.63dp</dimen>
  <dimen name="qb_px_262">207.42dp</dimen>
  <dimen name="qb_px_263">208.21dp</dimen>
  <dimen name="qb_px_264">209.00dp</dimen>
  <dimen name="qb_px_265">209.79dp</dimen>
  <dimen name="qb_px_266">210.58dp</dimen>
  <dimen name="qb_px_267">211.38dp</dimen>
  <dimen name="qb_px_268">212.17dp</dimen>
  <dimen name="qb_px_269">212.96dp</dimen>
  <dimen name="qb_px_270">213.75dp</dimen>
  <dimen name="qb_px_271">214.54dp</dimen>
  <dimen name="qb_px_272">215.33dp</dimen>
  <dimen name="qb_px_273">216.13dp</dimen>
  <dimen name="qb_px_274">216.92dp</dimen>
  <dimen name="qb_px_275">217.71dp</dimen>
  <dimen name="qb_px_276">218.50dp</dimen>
  <dimen name="qb_px_277">219.29dp</dimen>
  <dimen name="qb_px_278">220.08dp</dimen>
  <dimen name="qb_px_279">220.88dp</dimen>
  <dimen name="qb_px_280">221.67dp</dimen>
  <dimen name="qb_px_281">222.46dp</dimen>
  <dimen name="qb_px_282">223.25dp</dimen>
  <dimen name="qb_px_283">224.04dp</dimen>
  <dimen name="qb_px_284">224.83dp</dimen>
  <dimen name="qb_px_285">225.63dp</dimen>
  <dimen name="qb_px_286">226.42dp</dimen>
  <dimen name="qb_px_287">227.21dp</dimen>
  <dimen name="qb_px_288">228.00dp</dimen>
  <dimen name="qb_px_289">228.79dp</dimen>
  <dimen name="qb_px_290">229.58dp</dimen>
  <dimen name="qb_px_291">230.38dp</dimen>
  <dimen name="qb_px_292">231.17dp</dimen>
  <dimen name="qb_px_293">231.96dp</dimen>
  <dimen name="qb_px_294">232.75dp</dimen>
  <dimen name="qb_px_295">233.54dp</dimen>
  <dimen name="qb_px_296">234.33dp</dimen>
  <dimen name="qb_px_297">235.13dp</dimen>
  <dimen name="qb_px_298">235.92dp</dimen>
  <dimen name="qb_px_299">236.71dp</dimen>
  <dimen name="qb_px_300">237.50dp</dimen>
  <dimen name="qb_px_301">238.29dp</dimen>
  <dimen name="qb_px_302">239.08dp</dimen>
  <dimen name="qb_px_303">239.87dp</dimen>
  <dimen name="qb_px_304">240.67dp</dimen>
  <dimen name="qb_px_305">241.46dp</dimen>
  <dimen name="qb_px_306">242.25dp</dimen>
  <dimen name="qb_px_307">243.04dp</dimen>
  <dimen name="qb_px_308">243.83dp</dimen>
  <dimen name="qb_px_309">244.63dp</dimen>
  <dimen name="qb_px_310">245.42dp</dimen>
  <dimen name="qb_px_311">246.21dp</dimen>
  <dimen name="qb_px_312">247.00dp</dimen>
  <dimen name="qb_px_313">247.79dp</dimen>
  <dimen name="qb_px_314">248.58dp</dimen>
  <dimen name="qb_px_315">249.38dp</dimen>
  <dimen name="qb_px_316">250.17dp</dimen>
  <dimen name="qb_px_317">250.96dp</dimen>
  <dimen name="qb_px_318">251.75dp</dimen>
  <dimen name="qb_px_319">252.54dp</dimen>
  <dimen name="qb_px_320">253.33dp</dimen>
  <dimen name="qb_px_321">254.13dp</dimen>
  <dimen name="qb_px_322">254.92dp</dimen>
  <dimen name="qb_px_323">255.71dp</dimen>
  <dimen name="qb_px_324">256.50dp</dimen>
  <dimen name="qb_px_325">257.29dp</dimen>
  <dimen name="qb_px_326">258.08dp</dimen>
  <dimen name="qb_px_327">258.88dp</dimen>
  <dimen name="qb_px_328">259.67dp</dimen>
  <dimen name="qb_px_329">260.46dp</dimen>
  <dimen name="qb_px_330">261.25dp</dimen>
  <dimen name="qb_px_331">262.04dp</dimen>
  <dimen name="qb_px_332">262.83dp</dimen>
  <dimen name="qb_px_333">263.63dp</dimen>
  <dimen name="qb_px_334">264.42dp</dimen>
  <dimen name="qb_px_335">265.21dp</dimen>
  <dimen name="qb_px_336">266.00dp</dimen>
  <dimen name="qb_px_337">266.79dp</dimen>
  <dimen name="qb_px_338">267.58dp</dimen>
  <dimen name="qb_px_339">268.38dp</dimen>
  <dimen name="qb_px_340">269.17dp</dimen>
  <dimen name="qb_px_341">269.96dp</dimen>
  <dimen name="qb_px_342">270.75dp</dimen>
  <dimen name="qb_px_343">271.54dp</dimen>
  <dimen name="qb_px_344">272.33dp</dimen>
  <dimen name="qb_px_345">273.13dp</dimen>
  <dimen name="qb_px_346">273.92dp</dimen>
  <dimen name="qb_px_347">274.71dp</dimen>
  <dimen name="qb_px_348">275.50dp</dimen>
  <dimen name="qb_px_349">276.29dp</dimen>
  <dimen name="qb_px_350">277.08dp</dimen>
  <dimen name="qb_px_351">277.88dp</dimen>
  <dimen name="qb_px_352">278.67dp</dimen>
  <dimen name="qb_px_353">279.46dp</dimen>
  <dimen name="qb_px_354">280.25dp</dimen>
  <dimen name="qb_px_355">281.04dp</dimen>
  <dimen name="qb_px_356">281.83dp</dimen>
  <dimen name="qb_px_357">282.63dp</dimen>
  <dimen name="qb_px_358">283.42dp</dimen>
  <dimen name="qb_px_359">284.21dp</dimen>
  <dimen name="qb_px_360">285.00dp</dimen>
  <dimen name="qb_px_361">285.79dp</dimen>
  <dimen name="qb_px_362">286.58dp</dimen>
  <dimen name="qb_px_363">287.38dp</dimen>
  <dimen name="qb_px_364">288.17dp</dimen>
  <dimen name="qb_px_365">288.96dp</dimen>
  <dimen name="qb_px_366">289.75dp</dimen>
  <dimen name="qb_px_367">290.54dp</dimen>
  <dimen name="qb_px_368">291.33dp</dimen>
  <dimen name="qb_px_369">292.13dp</dimen>
  <dimen name="qb_px_370">292.92dp</dimen>
  <dimen name="qb_px_371">293.71dp</dimen>
  <dimen name="qb_px_372">294.50dp</dimen>
  <dimen name="qb_px_373">295.29dp</dimen>
  <dimen name="qb_px_374">296.08dp</dimen>
  <dimen name="qb_px_375">296.88dp</dimen>
  <dimen name="qb_px_376">297.67dp</dimen>
  <dimen name="qb_px_377">298.46dp</dimen>
  <dimen name="qb_px_378">299.25dp</dimen>
  <dimen name="qb_px_379">300.04dp</dimen>
  <dimen name="qb_px_380">300.83dp</dimen>
  <dimen name="qb_px_381">301.62dp</dimen>
  <dimen name="qb_px_382">302.42dp</dimen>
  <dimen name="qb_px_383">303.21dp</dimen>
  <dimen name="qb_px_384">304.00dp</dimen>
  <dimen name="qb_px_385">304.79dp</dimen>
  <dimen name="qb_px_386">305.58dp</dimen>
  <dimen name="qb_px_387">306.38dp</dimen>
  <dimen name="qb_px_388">307.17dp</dimen>
  <dimen name="qb_px_389">307.96dp</dimen>
  <dimen name="qb_px_390">308.75dp</dimen>
  <dimen name="qb_px_391">309.54dp</dimen>
  <dimen name="qb_px_392">310.33dp</dimen>
  <dimen name="qb_px_393">311.13dp</dimen>
  <dimen name="qb_px_394">311.92dp</dimen>
  <dimen name="qb_px_395">312.71dp</dimen>
  <dimen name="qb_px_396">313.50dp</dimen>
  <dimen name="qb_px_397">314.29dp</dimen>
  <dimen name="qb_px_398">315.08dp</dimen>
  <dimen name="qb_px_399">315.88dp</dimen>
  <dimen name="qb_px_400">316.67dp</dimen>
  <dimen name="qb_px_401">317.46dp</dimen>
  <dimen name="qb_px_402">318.25dp</dimen>
  <dimen name="qb_px_403">319.04dp</dimen>
  <dimen name="qb_px_404">319.83dp</dimen>
  <dimen name="qb_px_405">320.63dp</dimen>
  <dimen name="qb_px_406">321.42dp</dimen>
  <dimen name="qb_px_407">322.21dp</dimen>
  <dimen name="qb_px_408">323.00dp</dimen>
  <dimen name="qb_px_409">323.79dp</dimen>
  <dimen name="qb_px_410">324.58dp</dimen>
  <dimen name="qb_px_411">325.38dp</dimen>
  <dimen name="qb_px_412">326.17dp</dimen>
  <dimen name="qb_px_413">326.96dp</dimen>
  <dimen name="qb_px_414">327.75dp</dimen>
  <dimen name="qb_px_415">328.54dp</dimen>
  <dimen name="qb_px_416">329.33dp</dimen>
  <dimen name="qb_px_417">330.13dp</dimen>
  <dimen name="qb_px_418">330.92dp</dimen>
  <dimen name="qb_px_419">331.71dp</dimen>
  <dimen name="qb_px_420">332.50dp</dimen>
  <dimen name="qb_px_421">333.29dp</dimen>
  <dimen name="qb_px_422">334.08dp</dimen>
  <dimen name="qb_px_423">334.88dp</dimen>
  <dimen name="qb_px_424">335.67dp</dimen>
  <dimen name="qb_px_425">336.46dp</dimen>
  <dimen name="qb_px_426">337.25dp</dimen>
  <dimen name="qb_px_427">338.04dp</dimen>
  <dimen name="qb_px_428">338.83dp</dimen>
  <dimen name="qb_px_429">339.63dp</dimen>
  <dimen name="qb_px_430">340.42dp</dimen>
  <dimen name="qb_px_431">341.21dp</dimen>
  <dimen name="qb_px_432">342.00dp</dimen>
  <dimen name="qb_px_433">342.79dp</dimen>
  <dimen name="qb_px_434">343.58dp</dimen>
  <dimen name="qb_px_435">344.38dp</dimen>
  <dimen name="qb_px_436">345.17dp</dimen>
  <dimen name="qb_px_437">345.96dp</dimen>
  <dimen name="qb_px_438">346.75dp</dimen>
  <dimen name="qb_px_439">347.54dp</dimen>
  <dimen name="qb_px_440">348.33dp</dimen>
  <dimen name="qb_px_441">349.13dp</dimen>
  <dimen name="qb_px_442">349.92dp</dimen>
  <dimen name="qb_px_443">350.71dp</dimen>
  <dimen name="qb_px_444">351.50dp</dimen>
  <dimen name="qb_px_445">352.29dp</dimen>
  <dimen name="qb_px_446">353.08dp</dimen>
  <dimen name="qb_px_447">353.88dp</dimen>
  <dimen name="qb_px_448">354.67dp</dimen>
  <dimen name="qb_px_449">355.46dp</dimen>
  <dimen name="qb_px_450">356.25dp</dimen>
  <dimen name="qb_px_451">357.04dp</dimen>
  <dimen name="qb_px_452">357.83dp</dimen>
  <dimen name="qb_px_453">358.63dp</dimen>
  <dimen name="qb_px_454">359.42dp</dimen>
  <dimen name="qb_px_455">360.21dp</dimen>
  <dimen name="qb_px_456">361.00dp</dimen>
  <dimen name="qb_px_457">361.79dp</dimen>
  <dimen name="qb_px_458">362.58dp</dimen>
  <dimen name="qb_px_459">363.38dp</dimen>
  <dimen name="qb_px_460">364.17dp</dimen>
  <dimen name="qb_px_461">364.96dp</dimen>
  <dimen name="qb_px_462">365.75dp</dimen>
  <dimen name="qb_px_463">366.54dp</dimen>
  <dimen name="qb_px_464">367.33dp</dimen>
  <dimen name="qb_px_465">368.13dp</dimen>
  <dimen name="qb_px_466">368.92dp</dimen>
  <dimen name="qb_px_467">369.71dp</dimen>
  <dimen name="qb_px_468">370.50dp</dimen>
  <dimen name="qb_px_469">371.29dp</dimen>
  <dimen name="qb_px_470">372.08dp</dimen>
  <dimen name="qb_px_471">372.87dp</dimen>
  <dimen name="qb_px_472">373.67dp</dimen>
  <dimen name="qb_px_473">374.46dp</dimen>
  <dimen name="qb_px_474">375.25dp</dimen>
  <dimen name="qb_px_475">376.04dp</dimen>
  <dimen name="qb_px_476">376.83dp</dimen>
  <dimen name="qb_px_477">377.63dp</dimen>
  <dimen name="qb_px_478">378.42dp</dimen>
  <dimen name="qb_px_479">379.21dp</dimen>
  <dimen name="qb_px_480">380.00dp</dimen>
  <dimen name="qb_px_481">380.79dp</dimen>
  <dimen name="qb_px_482">381.58dp</dimen>
  <dimen name="qb_px_483">382.38dp</dimen>
  <dimen name="qb_px_484">383.17dp</dimen>
  <dimen name="qb_px_485">383.96dp</dimen>
  <dimen name="qb_px_486">384.75dp</dimen>
  <dimen name="qb_px_487">385.54dp</dimen>
  <dimen name="qb_px_488">386.33dp</dimen>
  <dimen name="qb_px_489">387.13dp</dimen>
  <dimen name="qb_px_490">387.92dp</dimen>
  <dimen name="qb_px_491">388.71dp</dimen>
  <dimen name="qb_px_492">389.50dp</dimen>
  <dimen name="qb_px_493">390.29dp</dimen>
  <dimen name="qb_px_494">391.08dp</dimen>
  <dimen name="qb_px_495">391.88dp</dimen>
  <dimen name="qb_px_496">392.67dp</dimen>
  <dimen name="qb_px_497">393.46dp</dimen>
  <dimen name="qb_px_498">394.25dp</dimen>
  <dimen name="qb_px_499">395.04dp</dimen>
  <dimen name="qb_px_500">395.83dp</dimen>
  <dimen name="qb_px_501">396.63dp</dimen>
  <dimen name="qb_px_502">397.42dp</dimen>
  <dimen name="qb_px_503">398.21dp</dimen>
  <dimen name="qb_px_504">399.00dp</dimen>
  <dimen name="qb_px_505">399.79dp</dimen>
  <dimen name="qb_px_506">400.58dp</dimen>
  <dimen name="qb_px_507">401.38dp</dimen>
  <dimen name="qb_px_508">402.17dp</dimen>
  <dimen name="qb_px_509">402.96dp</dimen>
  <dimen name="qb_px_510">403.75dp</dimen>
  <dimen name="qb_px_511">404.54dp</dimen>
  <dimen name="qb_px_512">405.33dp</dimen>
  <dimen name="qb_px_513">406.13dp</dimen>
  <dimen name="qb_px_514">406.92dp</dimen>
  <dimen name="qb_px_515">407.71dp</dimen>
  <dimen name="qb_px_516">408.50dp</dimen>
  <dimen name="qb_px_517">409.29dp</dimen>
  <dimen name="qb_px_518">410.08dp</dimen>
  <dimen name="qb_px_519">410.88dp</dimen>
  <dimen name="qb_px_520">411.67dp</dimen>
  <dimen name="qb_px_521">412.46dp</dimen>
  <dimen name="qb_px_522">413.25dp</dimen>
  <dimen name="qb_px_523">414.04dp</dimen>
  <dimen name="qb_px_524">414.83dp</dimen>
  <dimen name="qb_px_525">415.63dp</dimen>
  <dimen name="qb_px_526">416.42dp</dimen>
  <dimen name="qb_px_527">417.21dp</dimen>
  <dimen name="qb_px_528">418.00dp</dimen>
  <dimen name="qb_px_529">418.79dp</dimen>
  <dimen name="qb_px_530">419.58dp</dimen>
  <dimen name="qb_px_531">420.38dp</dimen>
  <dimen name="qb_px_532">421.17dp</dimen>
  <dimen name="qb_px_533">421.96dp</dimen>
  <dimen name="qb_px_534">422.75dp</dimen>
  <dimen name="qb_px_535">423.54dp</dimen>
  <dimen name="qb_px_536">424.33dp</dimen>
  <dimen name="qb_px_537">425.13dp</dimen>
  <dimen name="qb_px_538">425.92dp</dimen>
  <dimen name="qb_px_539">426.71dp</dimen>
  <dimen name="qb_px_540">427.50dp</dimen>
  <dimen name="qb_px_541">428.29dp</dimen>
  <dimen name="qb_px_542">429.08dp</dimen>
  <dimen name="qb_px_543">429.88dp</dimen>
  <dimen name="qb_px_544">430.67dp</dimen>
  <dimen name="qb_px_545">431.46dp</dimen>
  <dimen name="qb_px_546">432.25dp</dimen>
  <dimen name="qb_px_547">433.04dp</dimen>
  <dimen name="qb_px_548">433.83dp</dimen>
  <dimen name="qb_px_549">434.63dp</dimen>
  <dimen name="qb_px_550">435.42dp</dimen>
  <dimen name="qb_px_551">436.21dp</dimen>
  <dimen name="qb_px_552">437.00dp</dimen>
  <dimen name="qb_px_553">437.79dp</dimen>
  <dimen name="qb_px_554">438.58dp</dimen>
  <dimen name="qb_px_555">439.38dp</dimen>
  <dimen name="qb_px_556">440.17dp</dimen>
  <dimen name="qb_px_557">440.96dp</dimen>
  <dimen name="qb_px_558">441.75dp</dimen>
  <dimen name="qb_px_559">442.54dp</dimen>
  <dimen name="qb_px_560">443.33dp</dimen>
  <dimen name="qb_px_561">444.12dp</dimen>
  <dimen name="qb_px_562">444.92dp</dimen>
  <dimen name="qb_px_563">445.71dp</dimen>
  <dimen name="qb_px_564">446.50dp</dimen>
  <dimen name="qb_px_565">447.29dp</dimen>
  <dimen name="qb_px_566">448.08dp</dimen>
  <dimen name="qb_px_567">448.88dp</dimen>
  <dimen name="qb_px_568">449.67dp</dimen>
  <dimen name="qb_px_569">450.46dp</dimen>
  <dimen name="qb_px_570">451.25dp</dimen>
  <dimen name="qb_px_571">452.04dp</dimen>
  <dimen name="qb_px_572">452.83dp</dimen>
  <dimen name="qb_px_573">453.63dp</dimen>
  <dimen name="qb_px_574">454.42dp</dimen>
  <dimen name="qb_px_575">455.21dp</dimen>
  <dimen name="qb_px_576">456.00dp</dimen>
  <dimen name="qb_px_577">456.79dp</dimen>
  <dimen name="qb_px_578">457.58dp</dimen>
  <dimen name="qb_px_579">458.38dp</dimen>
  <dimen name="qb_px_580">459.17dp</dimen>
  <dimen name="qb_px_581">459.96dp</dimen>
  <dimen name="qb_px_582">460.75dp</dimen>
  <dimen name="qb_px_583">461.54dp</dimen>
  <dimen name="qb_px_584">462.33dp</dimen>
  <dimen name="qb_px_585">463.13dp</dimen>
  <dimen name="qb_px_586">463.92dp</dimen>
  <dimen name="qb_px_587">464.71dp</dimen>
  <dimen name="qb_px_588">465.50dp</dimen>
  <dimen name="qb_px_589">466.29dp</dimen>
  <dimen name="qb_px_590">467.08dp</dimen>
  <dimen name="qb_px_591">467.88dp</dimen>
  <dimen name="qb_px_592">468.67dp</dimen>
  <dimen name="qb_px_593">469.46dp</dimen>
  <dimen name="qb_px_594">470.25dp</dimen>
  <dimen name="qb_px_595">471.04dp</dimen>
  <dimen name="qb_px_596">471.83dp</dimen>
  <dimen name="qb_px_597">472.63dp</dimen>
  <dimen name="qb_px_598">473.42dp</dimen>
  <dimen name="qb_px_599">474.21dp</dimen>
  <dimen name="qb_px_600">475.00dp</dimen>
  <dimen name="qb_px_1200">950.00dp</dimen>
  <dimen name="qb_px_601">475.79dp</dimen>
  <dimen name="qb_px_602">476.58dp</dimen>
  <dimen name="qb_px_603">477.38dp</dimen>
  <dimen name="qb_px_604">478.17dp</dimen>
  <dimen name="qb_px_605">478.96dp</dimen>
  <dimen name="qb_px_606">479.75dp</dimen>
  <dimen name="qb_px_607">480.54dp</dimen>
  <dimen name="qb_px_608">481.33dp</dimen>
  <dimen name="qb_px_609">482.13dp</dimen>
  <dimen name="qb_px_610">482.92dp</dimen>
  <dimen name="qb_px_611">483.71dp</dimen>
  <dimen name="qb_px_612">484.50dp</dimen>
  <dimen name="qb_px_613">485.29dp</dimen>
  <dimen name="qb_px_614">486.08dp</dimen>
  <dimen name="qb_px_615">486.88dp</dimen>
  <dimen name="qb_px_616">487.67dp</dimen>
  <dimen name="qb_px_617">488.46dp</dimen>
  <dimen name="qb_px_618">489.25dp</dimen>
  <dimen name="qb_px_619">490.04dp</dimen>
  <dimen name="qb_px_620">490.83dp</dimen>
  <dimen name="qb_px_621">491.63dp</dimen>
  <dimen name="qb_px_622">492.42dp</dimen>
  <dimen name="qb_px_623">493.21dp</dimen>
  <dimen name="qb_px_624">494.00dp</dimen>
  <dimen name="qb_px_625">494.79dp</dimen>
  <dimen name="qb_px_626">495.58dp</dimen>
  <dimen name="qb_px_627">496.38dp</dimen>
  <dimen name="qb_px_628">497.17dp</dimen>
  <dimen name="qb_px_629">497.96dp</dimen>
  <dimen name="qb_px_630">498.75dp</dimen>
  <dimen name="qb_px_631">499.54dp</dimen>
  <dimen name="qb_px_632">500.33dp</dimen>
  <dimen name="qb_px_633">501.13dp</dimen>
  <dimen name="qb_px_634">501.92dp</dimen>
  <dimen name="qb_px_635">502.71dp</dimen>
  <dimen name="qb_px_636">503.50dp</dimen>
  <dimen name="qb_px_637">504.29dp</dimen>
  <dimen name="qb_px_638">505.08dp</dimen>
  <dimen name="qb_px_639">505.88dp</dimen>
  <dimen name="qb_px_640">506.67dp</dimen>
  <dimen name="qb_px_641">507.46dp</dimen>
  <dimen name="qb_px_642">508.25dp</dimen>
  <dimen name="qb_px_643">509.04dp</dimen>
  <dimen name="qb_px_644">509.83dp</dimen>
  <dimen name="qb_px_645">510.63dp</dimen>
  <dimen name="qb_px_646">511.42dp</dimen>
  <dimen name="qb_px_647">512.21dp</dimen>
  <dimen name="qb_px_648">513.00dp</dimen>
  <dimen name="qb_px_649">513.79dp</dimen>
  <dimen name="qb_px_650">514.58dp</dimen>
  <dimen name="qb_px_651">515.38dp</dimen>
  <dimen name="qb_px_652">516.17dp</dimen>
  <dimen name="qb_px_653">516.96dp</dimen>
  <dimen name="qb_px_654">517.75dp</dimen>
  <dimen name="qb_px_655">518.54dp</dimen>
  <dimen name="qb_px_656">519.33dp</dimen>
  <dimen name="qb_px_657">520.13dp</dimen>
  <dimen name="qb_px_658">520.92dp</dimen>
  <dimen name="qb_px_659">521.71dp</dimen>
  <dimen name="qb_px_660">522.50dp</dimen>
  <dimen name="qb_px_661">523.29dp</dimen>
  <dimen name="qb_px_662">524.08dp</dimen>
  <dimen name="qb_px_663">524.88dp</dimen>
  <dimen name="qb_px_664">525.67dp</dimen>
  <dimen name="qb_px_665">526.46dp</dimen>
  <dimen name="qb_px_666">527.25dp</dimen>
  <dimen name="qb_px_667">528.04dp</dimen>
  <dimen name="qb_px_668">528.83dp</dimen>
  <dimen name="qb_px_669">529.63dp</dimen>
  <dimen name="qb_px_670">530.42dp</dimen>
  <dimen name="qb_px_671">531.21dp</dimen>
  <dimen name="qb_px_672">532.00dp</dimen>
  <dimen name="qb_px_673">532.79dp</dimen>
  <dimen name="qb_px_674">533.58dp</dimen>
  <dimen name="qb_px_675">534.38dp</dimen>
  <dimen name="qb_px_676">535.17dp</dimen>
  <dimen name="qb_px_677">535.96dp</dimen>
  <dimen name="qb_px_678">536.75dp</dimen>
  <dimen name="qb_px_679">537.54dp</dimen>
  <dimen name="qb_px_680">538.33dp</dimen>
  <dimen name="qb_px_681">539.13dp</dimen>
  <dimen name="qb_px_682">539.92dp</dimen>
  <dimen name="qb_px_683">540.71dp</dimen>
  <dimen name="qb_px_684">541.50dp</dimen>
  <dimen name="qb_px_685">542.29dp</dimen>
  <dimen name="qb_px_686">543.08dp</dimen>
  <dimen name="qb_px_687">543.88dp</dimen>
  <dimen name="qb_px_688">544.67dp</dimen>
  <dimen name="qb_px_689">545.46dp</dimen>
  <dimen name="qb_px_690">546.25dp</dimen>
  <dimen name="qb_px_691">547.04dp</dimen>
  <dimen name="qb_px_692">547.83dp</dimen>
  <dimen name="qb_px_693">548.63dp</dimen>
  <dimen name="qb_px_694">549.42dp</dimen>
  <dimen name="qb_px_695">550.21dp</dimen>
  <dimen name="qb_px_696">551.00dp</dimen>
  <dimen name="qb_px_697">551.79dp</dimen>
  <dimen name="qb_px_698">552.58dp</dimen>
  <dimen name="qb_px_699">553.38dp</dimen>
  <dimen name="qb_px_700">554.17dp</dimen>
  <dimen name="qb_px_701">554.96dp</dimen>
  <dimen name="qb_px_702">555.75dp</dimen>
  <dimen name="qb_px_703">556.54dp</dimen>
  <dimen name="qb_px_704">557.33dp</dimen>
  <dimen name="qb_px_705">558.13dp</dimen>
  <dimen name="qb_px_706">558.92dp</dimen>
  <dimen name="qb_px_707">559.71dp</dimen>
  <dimen name="qb_px_708">560.50dp</dimen>
  <dimen name="qb_px_709">561.29dp</dimen>
  <dimen name="qb_px_710">562.08dp</dimen>
  <dimen name="qb_px_711">562.88dp</dimen>
  <dimen name="qb_px_712">563.67dp</dimen>
  <dimen name="qb_px_713">564.46dp</dimen>
  <dimen name="qb_px_714">565.25dp</dimen>
  <dimen name="qb_px_715">566.04dp</dimen>
  <dimen name="qb_px_716">566.83dp</dimen>
  <dimen name="qb_px_717">567.63dp</dimen>
  <dimen name="qb_px_718">568.42dp</dimen>
  <dimen name="qb_px_719">569.21dp</dimen>
  <dimen name="qb_px_720">570.00dp</dimen>
  <dimen name="qb_px_1440">1140.00dp</dimen>
  <dimen name="qb_px_721">570.79dp</dimen>
  <dimen name="qb_px_722">571.58dp</dimen>
  <dimen name="qb_px_723">572.38dp</dimen>
  <dimen name="qb_px_724">573.17dp</dimen>
  <dimen name="qb_px_725">573.96dp</dimen>
  <dimen name="qb_px_726">574.75dp</dimen>
  <dimen name="qb_px_727">575.54dp</dimen>
  <dimen name="qb_px_728">576.33dp</dimen>
  <dimen name="qb_px_729">577.13dp</dimen>
  <dimen name="qb_px_730">577.92dp</dimen>
  <dimen name="qb_px_731">578.71dp</dimen>
  <dimen name="qb_px_732">579.50dp</dimen>
  <dimen name="qb_px_733">580.29dp</dimen>
  <dimen name="qb_px_734">581.08dp</dimen>
  <dimen name="qb_px_735">581.88dp</dimen>
  <dimen name="qb_px_736">582.67dp</dimen>
  <dimen name="qb_px_737">583.46dp</dimen>
  <dimen name="qb_px_738">584.25dp</dimen>
  <dimen name="qb_px_739">585.04dp</dimen>
  <dimen name="qb_px_740">585.83dp</dimen>
  <dimen name="qb_px_741">586.63dp</dimen>
  <dimen name="qb_px_742">587.42dp</dimen>
  <dimen name="qb_px_743">588.21dp</dimen>
  <dimen name="qb_px_744">589.00dp</dimen>
  <dimen name="qb_px_745">589.79dp</dimen>
  <dimen name="qb_px_746">590.58dp</dimen>
  <dimen name="qb_px_747">591.38dp</dimen>
  <dimen name="qb_px_748">592.17dp</dimen>
  <dimen name="qb_px_749">592.96dp</dimen>
  <dimen name="qb_px_750">593.75dp</dimen>
  <dimen name="qb_px_751">594.54dp</dimen>
  <dimen name="qb_px_752">595.33dp</dimen>
  <dimen name="qb_px_753">596.13dp</dimen>
  <dimen name="qb_px_754">596.92dp</dimen>
  <dimen name="qb_px_755">597.71dp</dimen>
  <dimen name="qb_px_756">598.50dp</dimen>
  <dimen name="qb_px_757">599.29dp</dimen>
  <dimen name="qb_px_758">600.08dp</dimen>
  <dimen name="qb_px_759">600.88dp</dimen>
  <dimen name="qb_px_760">601.67dp</dimen>
  <dimen name="qb_px_761">602.46dp</dimen>
  <dimen name="qb_px_762">603.25dp</dimen>
  <dimen name="qb_px_763">604.04dp</dimen>
  <dimen name="qb_px_764">604.83dp</dimen>
  <dimen name="qb_px_765">605.63dp</dimen>
  <dimen name="qb_px_766">606.42dp</dimen>
  <dimen name="qb_px_767">607.21dp</dimen>
  <dimen name="qb_px_768">608.00dp</dimen>
  <dimen name="qb_px_769">608.79dp</dimen>
  <dimen name="qb_px_770">609.58dp</dimen>
  <dimen name="qb_px_771">610.38dp</dimen>
  <dimen name="qb_px_772">611.17dp</dimen>
  <dimen name="qb_px_773">611.96dp</dimen>
  <dimen name="qb_px_774">612.75dp</dimen>
  <dimen name="qb_px_775">613.54dp</dimen>
  <dimen name="qb_px_776">614.33dp</dimen>
  <dimen name="qb_px_777">615.13dp</dimen>
  <dimen name="qb_px_778">615.92dp</dimen>
  <dimen name="qb_px_779">616.71dp</dimen>
  <dimen name="qb_px_780">617.50dp</dimen>
  <dimen name="qb_px_781">618.29dp</dimen>
  <dimen name="qb_px_782">619.08dp</dimen>
  <dimen name="qb_px_783">619.88dp</dimen>
  <dimen name="qb_px_784">620.67dp</dimen>
  <dimen name="qb_px_785">621.46dp</dimen>
  <dimen name="qb_px_786">622.25dp</dimen>
  <dimen name="qb_px_787">623.04dp</dimen>
  <dimen name="qb_px_788">623.83dp</dimen>
  <dimen name="qb_px_789">624.63dp</dimen>
  <dimen name="qb_px_790">625.42dp</dimen>
  <dimen name="qb_px_791">626.21dp</dimen>
  <dimen name="qb_px_792">627.00dp</dimen>
  <dimen name="qb_px_793">627.79dp</dimen>
  <dimen name="qb_px_794">628.58dp</dimen>
  <dimen name="qb_px_795">629.38dp</dimen>
  <dimen name="qb_px_796">630.17dp</dimen>
  <dimen name="qb_px_797">630.96dp</dimen>
  <dimen name="qb_px_798">631.75dp</dimen>
  <dimen name="qb_px_799">632.54dp</dimen>
  <dimen name="qb_px_800">633.33dp</dimen>
  <dimen name="qb_px_1600">1266.66dp</dimen>
  <dimen name="qb_px_2400">1899.99dp</dimen>
  <dimen name="qb_px_3200">2533.32dp</dimen>
  <dimen name="qb_px_801">634.13dp</dimen>
  <dimen name="qb_px_802">634.92dp</dimen>
  <dimen name="qb_px_803">635.71dp</dimen>
  <dimen name="qb_px_804">636.50dp</dimen>
  <dimen name="qb_px_805">637.29dp</dimen>
  <dimen name="qb_px_806">638.08dp</dimen>
  <dimen name="qb_px_807">638.87dp</dimen>
  <dimen name="qb_px_808">639.67dp</dimen>
  <dimen name="qb_px_809">640.46dp</dimen>
  <dimen name="qb_px_810">641.25dp</dimen>
  <dimen name="qb_px_811">642.04dp</dimen>
  <dimen name="qb_px_812">642.83dp</dimen>
  <dimen name="qb_px_813">643.63dp</dimen>
  <dimen name="qb_px_814">644.42dp</dimen>
  <dimen name="qb_px_815">645.21dp</dimen>
  <dimen name="qb_px_816">646.00dp</dimen>
  <dimen name="qb_px_817">646.79dp</dimen>
  <dimen name="qb_px_818">647.58dp</dimen>
  <dimen name="qb_px_819">648.38dp</dimen>
  <dimen name="qb_px_820">649.17dp</dimen>
  <dimen name="qb_px_821">649.96dp</dimen>
  <dimen name="qb_px_822">650.75dp</dimen>
  <dimen name="qb_px_823">651.54dp</dimen>
  <dimen name="qb_px_824">652.33dp</dimen>
  <dimen name="qb_px_825">653.13dp</dimen>
  <dimen name="qb_px_826">653.92dp</dimen>
  <dimen name="qb_px_827">654.71dp</dimen>
  <dimen name="qb_px_828">655.50dp</dimen>
  <dimen name="qb_px_829">656.29dp</dimen>
  <dimen name="qb_px_830">657.08dp</dimen>
  <dimen name="qb_px_831">657.88dp</dimen>
  <dimen name="qb_px_832">658.67dp</dimen>
  <dimen name="qb_px_833">659.46dp</dimen>
  <dimen name="qb_px_834">660.25dp</dimen>
  <dimen name="qb_px_835">661.04dp</dimen>
  <dimen name="qb_px_836">661.83dp</dimen>
  <dimen name="qb_px_837">662.63dp</dimen>
  <dimen name="qb_px_838">663.42dp</dimen>
  <dimen name="qb_px_839">664.21dp</dimen>
  <dimen name="qb_px_840">665.00dp</dimen>
  <dimen name="qb_px_841">665.79dp</dimen>
  <dimen name="qb_px_842">666.58dp</dimen>
  <dimen name="qb_px_843">667.38dp</dimen>
  <dimen name="qb_px_844">668.17dp</dimen>
  <dimen name="qb_px_845">668.96dp</dimen>
  <dimen name="qb_px_846">669.75dp</dimen>
  <dimen name="qb_px_847">670.54dp</dimen>
  <dimen name="qb_px_848">671.33dp</dimen>
  <dimen name="qb_px_849">672.13dp</dimen>
  <dimen name="qb_px_850">672.92dp</dimen>
  <dimen name="qb_px_851">673.71dp</dimen>
  <dimen name="qb_px_852">674.50dp</dimen>
  <dimen name="qb_px_853">675.29dp</dimen>
  <dimen name="qb_px_854">676.08dp</dimen>
  <dimen name="qb_px_855">676.88dp</dimen>
  <dimen name="qb_px_856">677.67dp</dimen>
  <dimen name="qb_px_857">678.46dp</dimen>
  <dimen name="qb_px_858">679.25dp</dimen>
  <dimen name="qb_px_859">680.04dp</dimen>
  <dimen name="qb_px_860">680.83dp</dimen>
  <dimen name="qb_px_861">681.63dp</dimen>
  <dimen name="qb_px_862">682.42dp</dimen>
  <dimen name="qb_px_863">683.21dp</dimen>
  <dimen name="qb_px_864">684.00dp</dimen>
  <dimen name="qb_px_865">684.79dp</dimen>
  <dimen name="qb_px_866">685.58dp</dimen>
  <dimen name="qb_px_867">686.38dp</dimen>
  <dimen name="qb_px_868">687.17dp</dimen>
  <dimen name="qb_px_869">687.96dp</dimen>
  <dimen name="qb_px_870">688.75dp</dimen>
  <dimen name="qb_px_871">689.54dp</dimen>
  <dimen name="qb_px_872">690.33dp</dimen>
  <dimen name="qb_px_873">691.13dp</dimen>
  <dimen name="qb_px_874">691.92dp</dimen>
  <dimen name="qb_px_875">692.71dp</dimen>
  <dimen name="qb_px_876">693.50dp</dimen>
  <dimen name="qb_px_877">694.29dp</dimen>
  <dimen name="qb_px_878">695.08dp</dimen>
  <dimen name="qb_px_879">695.88dp</dimen>
  <dimen name="qb_px_880">696.67dp</dimen>
  <dimen name="qb_px_881">697.46dp</dimen>
  <dimen name="qb_px_882">698.25dp</dimen>
  <dimen name="qb_px_883">699.04dp</dimen>
  <dimen name="qb_px_884">699.83dp</dimen>
  <dimen name="qb_px_885">700.63dp</dimen>
  <dimen name="qb_px_886">701.42dp</dimen>
  <dimen name="qb_px_887">702.21dp</dimen>
  <dimen name="qb_px_888">703.00dp</dimen>
  <dimen name="qb_px_889">703.79dp</dimen>
  <dimen name="qb_px_890">704.58dp</dimen>
  <dimen name="qb_px_891">705.38dp</dimen>
  <dimen name="qb_px_892">706.17dp</dimen>
  <dimen name="qb_px_893">706.96dp</dimen>
  <dimen name="qb_px_894">707.75dp</dimen>
  <dimen name="qb_px_895">708.54dp</dimen>
  <dimen name="qb_px_896">709.33dp</dimen>
  <dimen name="qb_px_897">710.12dp</dimen>
  <dimen name="qb_px_898">710.92dp</dimen>
  <dimen name="qb_px_899">711.71dp</dimen>
  <dimen name="qb_px_900">712.50dp</dimen>
  <dimen name="qb_px_901">713.29dp</dimen>
  <dimen name="qb_px_902">714.08dp</dimen>
  <dimen name="qb_px_903">714.88dp</dimen>
  <dimen name="qb_px_904">715.67dp</dimen>
  <dimen name="qb_px_905">716.46dp</dimen>
  <dimen name="qb_px_906">717.25dp</dimen>
  <dimen name="qb_px_907">718.04dp</dimen>
  <dimen name="qb_px_908">718.83dp</dimen>
  <dimen name="qb_px_909">719.63dp</dimen>
  <dimen name="qb_px_910">720.42dp</dimen>
  <dimen name="qb_px_911">721.21dp</dimen>
  <dimen name="qb_px_912">722.00dp</dimen>
  <dimen name="qb_px_913">722.79dp</dimen>
  <dimen name="qb_px_914">723.58dp</dimen>
  <dimen name="qb_px_915">724.38dp</dimen>
  <dimen name="qb_px_916">725.17dp</dimen>
  <dimen name="qb_px_917">725.96dp</dimen>
  <dimen name="qb_px_918">726.75dp</dimen>
  <dimen name="qb_px_919">727.54dp</dimen>
  <dimen name="qb_px_920">728.33dp</dimen>
  <dimen name="qb_px_921">729.13dp</dimen>
  <dimen name="qb_px_922">729.92dp</dimen>
  <dimen name="qb_px_923">730.71dp</dimen>
  <dimen name="qb_px_924">731.50dp</dimen>
  <dimen name="qb_px_925">732.29dp</dimen>
  <dimen name="qb_px_926">733.08dp</dimen>
  <dimen name="qb_px_927">733.88dp</dimen>
  <dimen name="qb_px_928">734.67dp</dimen>
  <dimen name="qb_px_929">735.46dp</dimen>
  <dimen name="qb_px_930">736.25dp</dimen>
  <dimen name="qb_px_931">737.04dp</dimen>
  <dimen name="qb_px_932">737.83dp</dimen>
  <dimen name="qb_px_933">738.63dp</dimen>
  <dimen name="qb_px_934">739.42dp</dimen>
  <dimen name="qb_px_935">740.21dp</dimen>
  <dimen name="qb_px_936">741.00dp</dimen>
  <dimen name="qb_px_937">741.79dp</dimen>
  <dimen name="qb_px_938">742.58dp</dimen>
  <dimen name="qb_px_939">743.38dp</dimen>
  <dimen name="qb_px_940">744.17dp</dimen>
  <dimen name="qb_px_941">744.96dp</dimen>
  <dimen name="qb_px_942">745.75dp</dimen>
  <dimen name="qb_px_943">746.54dp</dimen>
  <dimen name="qb_px_944">747.33dp</dimen>
  <dimen name="qb_px_945">748.13dp</dimen>
  <dimen name="qb_px_946">748.92dp</dimen>
  <dimen name="qb_px_947">749.71dp</dimen>
  <dimen name="qb_px_948">750.50dp</dimen>
  <dimen name="qb_px_949">751.29dp</dimen>
  <dimen name="qb_px_950">752.08dp</dimen>
  <dimen name="qb_px_951">752.88dp</dimen>
  <dimen name="qb_px_952">753.67dp</dimen>
  <dimen name="qb_px_953">754.46dp</dimen>
  <dimen name="qb_px_954">755.25dp</dimen>
  <dimen name="qb_px_955">756.04dp</dimen>
  <dimen name="qb_px_956">756.83dp</dimen>
  <dimen name="qb_px_957">757.63dp</dimen>
  <dimen name="qb_px_958">758.42dp</dimen>
  <dimen name="qb_px_959">759.21dp</dimen>
  <dimen name="qb_px_960">760.00dp</dimen>
  <dimen name="qb_px_961">760.79dp</dimen>
  <dimen name="qb_px_962">761.58dp</dimen>
  <dimen name="qb_px_963">762.38dp</dimen>
  <dimen name="qb_px_964">763.17dp</dimen>
  <dimen name="qb_px_965">763.96dp</dimen>
  <dimen name="qb_px_966">764.75dp</dimen>
  <dimen name="qb_px_967">765.54dp</dimen>
  <dimen name="qb_px_968">766.33dp</dimen>
  <dimen name="qb_px_969">767.13dp</dimen>
  <dimen name="qb_px_970">767.92dp</dimen>
  <dimen name="qb_px_971">768.71dp</dimen>
  <dimen name="qb_px_972">769.50dp</dimen>
  <dimen name="qb_px_973">770.29dp</dimen>
  <dimen name="qb_px_974">771.08dp</dimen>
  <dimen name="qb_px_975">771.88dp</dimen>
  <dimen name="qb_px_976">772.67dp</dimen>
  <dimen name="qb_px_977">773.46dp</dimen>
  <dimen name="qb_px_978">774.25dp</dimen>
  <dimen name="qb_px_979">775.04dp</dimen>
  <dimen name="qb_px_980">775.83dp</dimen>
  <dimen name="qb_px_981">776.63dp</dimen>
  <dimen name="qb_px_982">777.42dp</dimen>
  <dimen name="qb_px_983">778.21dp</dimen>
  <dimen name="qb_px_984">779.00dp</dimen>
  <dimen name="qb_px_985">779.79dp</dimen>
  <dimen name="qb_px_986">780.58dp</dimen>
  <dimen name="qb_px_987">781.37dp</dimen>
  <dimen name="qb_px_988">782.17dp</dimen>
  <dimen name="qb_px_989">782.96dp</dimen>
  <dimen name="qb_px_990">783.75dp</dimen>
  <dimen name="qb_px_991">784.54dp</dimen>
  <dimen name="qb_px_992">785.33dp</dimen>
  <dimen name="qb_px_993">786.13dp</dimen>
  <dimen name="qb_px_994">786.92dp</dimen>
  <dimen name="qb_px_995">787.71dp</dimen>
  <dimen name="qb_px_996">788.50dp</dimen>
  <dimen name="qb_px_997">789.29dp</dimen>
  <dimen name="qb_px_998">790.08dp</dimen>
  <dimen name="qb_px_999">790.88dp</dimen>
  <dimen name="qb_px_1000">791.67dp</dimen>
  <dimen name="qb_px_1001">792.46dp</dimen>
  <dimen name="qb_px_1002">793.25dp</dimen>
  <dimen name="qb_px_1003">794.04dp</dimen>
  <dimen name="qb_px_1004">794.83dp</dimen>
  <dimen name="qb_px_1005">795.63dp</dimen>
  <dimen name="qb_px_1006">796.42dp</dimen>
  <dimen name="qb_px_1007">797.21dp</dimen>
  <dimen name="qb_px_1008">798.00dp</dimen>
  <dimen name="qb_px_1009">798.79dp</dimen>
  <dimen name="qb_px_1010">799.58dp</dimen>
  <dimen name="qb_px_1011">800.38dp</dimen>
  <dimen name="qb_px_1012">801.17dp</dimen>
  <dimen name="qb_px_1013">801.96dp</dimen>
  <dimen name="qb_px_1014">802.75dp</dimen>
  <dimen name="qb_px_1015">803.54dp</dimen>
  <dimen name="qb_px_1016">804.33dp</dimen>
  <dimen name="qb_px_1017">805.13dp</dimen>
  <dimen name="qb_px_1018">805.92dp</dimen>
  <dimen name="qb_px_1019">806.71dp</dimen>
  <dimen name="qb_px_1020">807.50dp</dimen>
  <dimen name="qb_px_1021">808.29dp</dimen>
  <dimen name="qb_px_1022">809.08dp</dimen>
  <dimen name="qb_px_1023">809.88dp</dimen>
  <dimen name="qb_px_1024">810.67dp</dimen>
  <dimen name="qb_px_1025">811.46dp</dimen>
  <dimen name="qb_px_1026">812.25dp</dimen>
  <dimen name="qb_px_1027">813.04dp</dimen>
  <dimen name="qb_px_1028">813.83dp</dimen>
  <dimen name="qb_px_1029">814.63dp</dimen>
  <dimen name="qb_px_1030">815.42dp</dimen>
  <dimen name="qb_px_1031">816.21dp</dimen>
  <dimen name="qb_px_1032">817.00dp</dimen>
  <dimen name="qb_px_1033">817.79dp</dimen>
  <dimen name="qb_px_1034">818.58dp</dimen>
  <dimen name="qb_px_1035">819.38dp</dimen>
  <dimen name="qb_px_1036">820.17dp</dimen>
  <dimen name="qb_px_1037">820.96dp</dimen>
  <dimen name="qb_px_1038">821.75dp</dimen>
  <dimen name="qb_px_1039">822.54dp</dimen>
  <dimen name="qb_px_1040">823.33dp</dimen>
  <dimen name="qb_px_1041">824.13dp</dimen>
  <dimen name="qb_px_1042">824.92dp</dimen>
  <dimen name="qb_px_1043">825.71dp</dimen>
  <dimen name="qb_px_1044">826.50dp</dimen>
  <dimen name="qb_px_1045">827.29dp</dimen>
  <dimen name="qb_px_1046">828.08dp</dimen>
  <dimen name="qb_px_1047">828.88dp</dimen>
  <dimen name="qb_px_1048">829.67dp</dimen>
  <dimen name="qb_px_1049">830.46dp</dimen>
  <dimen name="qb_px_1050">831.25dp</dimen>
  <dimen name="qb_px_1051">832.04dp</dimen>
  <dimen name="qb_px_1052">832.83dp</dimen>
  <dimen name="qb_px_1053">833.63dp</dimen>
  <dimen name="qb_px_1054">834.42dp</dimen>
  <dimen name="qb_px_1055">835.21dp</dimen>
  <dimen name="qb_px_1056">836.00dp</dimen>
  <dimen name="qb_px_1057">836.79dp</dimen>
  <dimen name="qb_px_1058">837.58dp</dimen>
  <dimen name="qb_px_1059">838.38dp</dimen>
  <dimen name="qb_px_1060">839.17dp</dimen>
  <dimen name="qb_px_1061">839.96dp</dimen>
  <dimen name="qb_px_1062">840.75dp</dimen>
  <dimen name="qb_px_1063">841.54dp</dimen>
  <dimen name="qb_px_1064">842.33dp</dimen>
  <dimen name="qb_px_1065">843.13dp</dimen>
  <dimen name="qb_px_1066">843.92dp</dimen>
  <dimen name="qb_px_1067">844.71dp</dimen>
  <dimen name="qb_px_1068">845.50dp</dimen>
  <dimen name="qb_px_1069">846.29dp</dimen>
  <dimen name="qb_px_1070">847.08dp</dimen>
  <dimen name="qb_px_1071">847.88dp</dimen>
  <dimen name="qb_px_1072">848.67dp</dimen>
  <dimen name="qb_px_1073">849.46dp</dimen>
  <dimen name="qb_px_1074">850.25dp</dimen>
  <dimen name="qb_px_1075">851.04dp</dimen>
  <dimen name="qb_px_1076">851.83dp</dimen>
  <dimen name="qb_px_1077">852.62dp</dimen>
  <dimen name="qb_px_1078">853.42dp</dimen>
  <dimen name="qb_px_1079">854.21dp</dimen>
  <dimen name="qb_px_1080">855.00dp</dimen>
  <dimen name="sb_px_0">0.00sp</dimen>
  <dimen name="sb_px_1">0.79sp</dimen>
  <dimen name="sb_px_2">1.58sp</dimen>
  <dimen name="sb_px_3">2.38sp</dimen>
  <dimen name="sb_px_4">3.17sp</dimen>
  <dimen name="sb_px_5">3.96sp</dimen>
  <dimen name="sb_px_6">4.75sp</dimen>
  <dimen name="sb_px_7">5.54sp</dimen>
  <dimen name="sb_px_8">6.33sp</dimen>
  <dimen name="sb_px_9">7.13sp</dimen>
  <dimen name="sb_px_10">7.92sp</dimen>
  <dimen name="sb_px_11">8.71sp</dimen>
  <dimen name="sb_px_12">9.50sp</dimen>
  <dimen name="sb_px_13">10.29sp</dimen>
  <dimen name="sb_px_14">11.08sp</dimen>
  <dimen name="sb_px_15">11.88sp</dimen>
  <dimen name="sb_px_16">12.67sp</dimen>
  <dimen name="sb_px_17">13.46sp</dimen>
  <dimen name="sb_px_18">14.25sp</dimen>
  <dimen name="sb_px_19">15.04sp</dimen>
  <dimen name="sb_px_20">15.83sp</dimen>
  <dimen name="sb_px_21">16.63sp</dimen>
  <dimen name="sb_px_22">17.42sp</dimen>
  <dimen name="sb_px_23">18.21sp</dimen>
  <dimen name="sb_px_24">19.00sp</dimen>
  <dimen name="sb_px_25">19.79sp</dimen>
  <dimen name="sb_px_26">20.58sp</dimen>
  <dimen name="sb_px_27">21.38sp</dimen>
  <dimen name="sb_px_28">22.17sp</dimen>
  <dimen name="sb_px_29">22.96sp</dimen>
  <dimen name="sb_px_30">23.75sp</dimen>
  <dimen name="sb_px_31">24.54sp</dimen>
  <dimen name="sb_px_32">25.33sp</dimen>
  <dimen name="sb_px_33">26.13sp</dimen>
  <dimen name="sb_px_34">26.92sp</dimen>
  <dimen name="sb_px_35">27.71sp</dimen>
  <dimen name="sb_px_36">28.50sp</dimen>
  <dimen name="sb_px_37">29.29sp</dimen>
  <dimen name="sb_px_38">30.08sp</dimen>
  <dimen name="sb_px_39">30.88sp</dimen>
  <dimen name="sb_px_40">31.67sp</dimen>
  <dimen name="sb_px_41">32.46sp</dimen>
  <dimen name="sb_px_42">33.25sp</dimen>
  <dimen name="sb_px_43">34.04sp</dimen>
  <dimen name="sb_px_44">34.83sp</dimen>
  <dimen name="sb_px_45">35.63sp</dimen>
  <dimen name="sb_px_46">36.42sp</dimen>
  <dimen name="sb_px_47">37.21sp</dimen>
  <dimen name="sb_px_48">38.00sp</dimen>
  <dimen name="sb_px_49">38.79sp</dimen>
  <dimen name="sb_px_50">39.58sp</dimen>
  <dimen name="sb_px_51">40.38sp</dimen>
  <dimen name="sb_px_52">41.17sp</dimen>
  <dimen name="sb_px_53">41.96sp</dimen>
  <dimen name="sb_px_54">42.75sp</dimen>
  <dimen name="sb_px_55">43.54sp</dimen>
  <dimen name="sb_px_56">44.33sp</dimen>
  <dimen name="sb_px_57">45.13sp</dimen>
  <dimen name="sb_px_58">45.92sp</dimen>
  <dimen name="sb_px_59">46.71sp</dimen>
  <dimen name="sb_px_60">47.50sp</dimen>
  <dimen name="sb_px_61">48.29sp</dimen>
  <dimen name="sb_px_62">49.08sp</dimen>
  <dimen name="sb_px_63">49.88sp</dimen>
  <dimen name="sb_px_64">50.67sp</dimen>
  <dimen name="sb_px_65">51.46sp</dimen>
  <dimen name="sb_px_66">52.25sp</dimen>
  <dimen name="sb_px_67">53.04sp</dimen>
  <dimen name="sb_px_68">53.83sp</dimen>
  <dimen name="sb_px_69">54.63sp</dimen>
  <dimen name="sb_px_70">55.42sp</dimen>
  <dimen name="sb_px_71">56.21sp</dimen>
  <dimen name="sb_px_72">57.00sp</dimen>
  <dimen name="sb_px_73">57.79sp</dimen>
  <dimen name="sb_px_74">58.58sp</dimen>
  <dimen name="sb_px_75">59.38sp</dimen>
  <dimen name="sb_px_76">60.17sp</dimen>
  <dimen name="sb_px_77">60.96sp</dimen>
  <dimen name="sb_px_78">61.75sp</dimen>
  <dimen name="sb_px_79">62.54sp</dimen>
  <dimen name="sb_px_80">63.33sp</dimen>
  <dimen name="sb_px_81">64.13sp</dimen>
  <dimen name="sb_px_82">64.92sp</dimen>
  <dimen name="sb_px_83">65.71sp</dimen>
  <dimen name="sb_px_84">66.50sp</dimen>
  <dimen name="sb_px_85">67.29sp</dimen>
  <dimen name="sb_px_86">68.08sp</dimen>
  <dimen name="sb_px_87">68.88sp</dimen>
  <dimen name="sb_px_88">69.67sp</dimen>
  <dimen name="sb_px_89">70.46sp</dimen>
  <dimen name="sb_px_90">71.25sp</dimen>
  <dimen name="sb_px_91">72.04sp</dimen>
  <dimen name="sb_px_92">72.83sp</dimen>
  <dimen name="sb_px_93">73.63sp</dimen>
  <dimen name="sb_px_94">74.42sp</dimen>
  <dimen name="sb_px_95">75.21sp</dimen>
  <dimen name="sb_px_96">76.00sp</dimen>
  <dimen name="sb_px_97">76.79sp</dimen>
  <dimen name="sb_px_98">77.58sp</dimen>
  <dimen name="sb_px_99">78.38sp</dimen>
  <dimen name="sb_px_100">79.17sp</dimen>
</resources>
