<?xml version="1.0" encoding="utf-8"?>
<resources xmlns:tools="http://schemas.android.com/tools" tools:ignore="MissingDefaultResource">
  <dimen name="base_dpi">300dp</dimen>
  <dimen name="qb_px_0">0.00dp</dimen>
  <dimen name="qb_px_1">0.42dp</dimen>
  <dimen name="qb_px_2">0.83dp</dimen>
  <dimen name="qb_px_3">1.25dp</dimen>
  <dimen name="qb_px_4">1.67dp</dimen>
  <dimen name="qb_px_5">2.08dp</dimen>
  <dimen name="qb_px_6">2.50dp</dimen>
  <dimen name="qb_px_7">2.92dp</dimen>
  <dimen name="qb_px_8">3.33dp</dimen>
  <dimen name="qb_px_9">3.75dp</dimen>
  <dimen name="qb_px_10">4.17dp</dimen>
  <dimen name="qb_px_11">4.58dp</dimen>
  <dimen name="qb_px_12">5.00dp</dimen>
  <dimen name="qb_px_13">5.42dp</dimen>
  <dimen name="qb_px_14">5.83dp</dimen>
  <dimen name="qb_px_15">6.25dp</dimen>
  <dimen name="qb_px_16">6.67dp</dimen>
  <dimen name="qb_px_17">7.08dp</dimen>
  <dimen name="qb_px_18">7.50dp</dimen>
  <dimen name="qb_px_19">7.92dp</dimen>
  <dimen name="qb_px_20">8.33dp</dimen>
  <dimen name="qb_px_21">8.75dp</dimen>
  <dimen name="qb_px_22">9.17dp</dimen>
  <dimen name="qb_px_23">9.58dp</dimen>
  <dimen name="qb_px_24">10.00dp</dimen>
  <dimen name="qb_px_25">10.42dp</dimen>
  <dimen name="qb_px_26">10.83dp</dimen>
  <dimen name="qb_px_27">11.25dp</dimen>
  <dimen name="qb_px_28">11.67dp</dimen>
  <dimen name="qb_px_29">12.08dp</dimen>
  <dimen name="qb_px_30">12.50dp</dimen>
  <dimen name="qb_px_31">12.92dp</dimen>
  <dimen name="qb_px_32">13.33dp</dimen>
  <dimen name="qb_px_33">13.75dp</dimen>
  <dimen name="qb_px_34">14.17dp</dimen>
  <dimen name="qb_px_35">14.58dp</dimen>
  <dimen name="qb_px_36">15.00dp</dimen>
  <dimen name="qb_px_37">15.42dp</dimen>
  <dimen name="qb_px_38">15.83dp</dimen>
  <dimen name="qb_px_39">16.25dp</dimen>
  <dimen name="qb_px_40">16.67dp</dimen>
  <dimen name="qb_px_41">17.08dp</dimen>
  <dimen name="qb_px_42">17.50dp</dimen>
  <dimen name="qb_px_43">17.92dp</dimen>
  <dimen name="qb_px_44">18.33dp</dimen>
  <dimen name="qb_px_45">18.75dp</dimen>
  <dimen name="qb_px_46">19.17dp</dimen>
  <dimen name="qb_px_47">19.58dp</dimen>
  <dimen name="qb_px_48">20.00dp</dimen>
  <dimen name="qb_px_49">20.42dp</dimen>
  <dimen name="qb_px_50">20.83dp</dimen>
  <dimen name="qb_px_51">21.25dp</dimen>
  <dimen name="qb_px_52">21.67dp</dimen>
  <dimen name="qb_px_53">22.08dp</dimen>
  <dimen name="qb_px_54">22.50dp</dimen>
  <dimen name="qb_px_55">22.92dp</dimen>
  <dimen name="qb_px_56">23.33dp</dimen>
  <dimen name="qb_px_57">23.75dp</dimen>
  <dimen name="qb_px_58">24.17dp</dimen>
  <dimen name="qb_px_59">24.58dp</dimen>
  <dimen name="qb_px_60">25.00dp</dimen>
  <dimen name="qb_px_61">25.42dp</dimen>
  <dimen name="qb_px_62">25.83dp</dimen>
  <dimen name="qb_px_63">26.25dp</dimen>
  <dimen name="qb_px_64">26.67dp</dimen>
  <dimen name="qb_px_65">27.08dp</dimen>
  <dimen name="qb_px_66">27.50dp</dimen>
  <dimen name="qb_px_67">27.92dp</dimen>
  <dimen name="qb_px_68">28.33dp</dimen>
  <dimen name="qb_px_69">28.75dp</dimen>
  <dimen name="qb_px_70">29.17dp</dimen>
  <dimen name="qb_px_71">29.58dp</dimen>
  <dimen name="qb_px_72">30.00dp</dimen>
  <dimen name="qb_px_73">30.42dp</dimen>
  <dimen name="qb_px_74">30.83dp</dimen>
  <dimen name="qb_px_75">31.25dp</dimen>
  <dimen name="qb_px_76">31.67dp</dimen>
  <dimen name="qb_px_77">32.08dp</dimen>
  <dimen name="qb_px_78">32.50dp</dimen>
  <dimen name="qb_px_79">32.92dp</dimen>
  <dimen name="qb_px_80">33.33dp</dimen>
  <dimen name="qb_px_81">33.75dp</dimen>
  <dimen name="qb_px_82">34.17dp</dimen>
  <dimen name="qb_px_83">34.58dp</dimen>
  <dimen name="qb_px_84">35.00dp</dimen>
  <dimen name="qb_px_85">35.42dp</dimen>
  <dimen name="qb_px_86">35.83dp</dimen>
  <dimen name="qb_px_87">36.25dp</dimen>
  <dimen name="qb_px_88">36.67dp</dimen>
  <dimen name="qb_px_89">37.08dp</dimen>
  <dimen name="qb_px_90">37.50dp</dimen>
  <dimen name="qb_px_91">37.92dp</dimen>
  <dimen name="qb_px_92">38.33dp</dimen>
  <dimen name="qb_px_93">38.75dp</dimen>
  <dimen name="qb_px_94">39.17dp</dimen>
  <dimen name="qb_px_95">39.58dp</dimen>
  <dimen name="qb_px_96">40.00dp</dimen>
  <dimen name="qb_px_97">40.42dp</dimen>
  <dimen name="qb_px_98">40.83dp</dimen>
  <dimen name="qb_px_99">41.25dp</dimen>
  <dimen name="qb_px_100">41.67dp</dimen>
  <dimen name="qb_px_101">42.08dp</dimen>
  <dimen name="qb_px_102">42.50dp</dimen>
  <dimen name="qb_px_103">42.92dp</dimen>
  <dimen name="qb_px_104">43.33dp</dimen>
  <dimen name="qb_px_105">43.75dp</dimen>
  <dimen name="qb_px_106">44.17dp</dimen>
  <dimen name="qb_px_107">44.58dp</dimen>
  <dimen name="qb_px_108">45.00dp</dimen>
  <dimen name="qb_px_109">45.42dp</dimen>
  <dimen name="qb_px_110">45.83dp</dimen>
  <dimen name="qb_px_111">46.25dp</dimen>
  <dimen name="qb_px_112">46.67dp</dimen>
  <dimen name="qb_px_113">47.08dp</dimen>
  <dimen name="qb_px_114">47.50dp</dimen>
  <dimen name="qb_px_115">47.92dp</dimen>
  <dimen name="qb_px_116">48.33dp</dimen>
  <dimen name="qb_px_117">48.75dp</dimen>
  <dimen name="qb_px_118">49.17dp</dimen>
  <dimen name="qb_px_119">49.58dp</dimen>
  <dimen name="qb_px_120">50.00dp</dimen>
  <dimen name="qb_px_121">50.42dp</dimen>
  <dimen name="qb_px_122">50.83dp</dimen>
  <dimen name="qb_px_123">51.25dp</dimen>
  <dimen name="qb_px_124">51.67dp</dimen>
  <dimen name="qb_px_125">52.08dp</dimen>
  <dimen name="qb_px_126">52.50dp</dimen>
  <dimen name="qb_px_127">52.92dp</dimen>
  <dimen name="qb_px_128">53.33dp</dimen>
  <dimen name="qb_px_129">53.75dp</dimen>
  <dimen name="qb_px_130">54.17dp</dimen>
  <dimen name="qb_px_131">54.58dp</dimen>
  <dimen name="qb_px_132">55.00dp</dimen>
  <dimen name="qb_px_133">55.42dp</dimen>
  <dimen name="qb_px_134">55.83dp</dimen>
  <dimen name="qb_px_135">56.25dp</dimen>
  <dimen name="qb_px_136">56.67dp</dimen>
  <dimen name="qb_px_137">57.08dp</dimen>
  <dimen name="qb_px_138">57.50dp</dimen>
  <dimen name="qb_px_139">57.92dp</dimen>
  <dimen name="qb_px_140">58.33dp</dimen>
  <dimen name="qb_px_141">58.75dp</dimen>
  <dimen name="qb_px_142">59.17dp</dimen>
  <dimen name="qb_px_143">59.58dp</dimen>
  <dimen name="qb_px_144">60.00dp</dimen>
  <dimen name="qb_px_145">60.42dp</dimen>
  <dimen name="qb_px_146">60.83dp</dimen>
  <dimen name="qb_px_147">61.25dp</dimen>
  <dimen name="qb_px_148">61.67dp</dimen>
  <dimen name="qb_px_149">62.08dp</dimen>
  <dimen name="qb_px_150">62.50dp</dimen>
  <dimen name="qb_px_151">62.92dp</dimen>
  <dimen name="qb_px_152">63.33dp</dimen>
  <dimen name="qb_px_153">63.75dp</dimen>
  <dimen name="qb_px_154">64.17dp</dimen>
  <dimen name="qb_px_155">64.58dp</dimen>
  <dimen name="qb_px_156">65.00dp</dimen>
  <dimen name="qb_px_157">65.42dp</dimen>
  <dimen name="qb_px_158">65.83dp</dimen>
  <dimen name="qb_px_159">66.25dp</dimen>
  <dimen name="qb_px_160">66.67dp</dimen>
  <dimen name="qb_px_161">67.08dp</dimen>
  <dimen name="qb_px_162">67.50dp</dimen>
  <dimen name="qb_px_163">67.92dp</dimen>
  <dimen name="qb_px_164">68.33dp</dimen>
  <dimen name="qb_px_165">68.75dp</dimen>
  <dimen name="qb_px_166">69.17dp</dimen>
  <dimen name="qb_px_167">69.58dp</dimen>
  <dimen name="qb_px_168">70.00dp</dimen>
  <dimen name="qb_px_169">70.42dp</dimen>
  <dimen name="qb_px_170">70.83dp</dimen>
  <dimen name="qb_px_171">71.25dp</dimen>
  <dimen name="qb_px_172">71.67dp</dimen>
  <dimen name="qb_px_173">72.08dp</dimen>
  <dimen name="qb_px_174">72.50dp</dimen>
  <dimen name="qb_px_175">72.92dp</dimen>
  <dimen name="qb_px_176">73.33dp</dimen>
  <dimen name="qb_px_177">73.75dp</dimen>
  <dimen name="qb_px_178">74.17dp</dimen>
  <dimen name="qb_px_179">74.58dp</dimen>
  <dimen name="qb_px_180">75.00dp</dimen>
  <dimen name="qb_px_181">75.42dp</dimen>
  <dimen name="qb_px_182">75.83dp</dimen>
  <dimen name="qb_px_183">76.25dp</dimen>
  <dimen name="qb_px_184">76.67dp</dimen>
  <dimen name="qb_px_185">77.08dp</dimen>
  <dimen name="qb_px_186">77.50dp</dimen>
  <dimen name="qb_px_187">77.92dp</dimen>
  <dimen name="qb_px_188">78.33dp</dimen>
  <dimen name="qb_px_189">78.75dp</dimen>
  <dimen name="qb_px_190">79.17dp</dimen>
  <dimen name="qb_px_191">79.58dp</dimen>
  <dimen name="qb_px_192">80.00dp</dimen>
  <dimen name="qb_px_193">80.42dp</dimen>
  <dimen name="qb_px_194">80.83dp</dimen>
  <dimen name="qb_px_195">81.25dp</dimen>
  <dimen name="qb_px_196">81.67dp</dimen>
  <dimen name="qb_px_197">82.08dp</dimen>
  <dimen name="qb_px_198">82.50dp</dimen>
  <dimen name="qb_px_199">82.92dp</dimen>
  <dimen name="qb_px_200">83.33dp</dimen>
  <dimen name="qb_px_201">83.75dp</dimen>
  <dimen name="qb_px_202">84.17dp</dimen>
  <dimen name="qb_px_203">84.58dp</dimen>
  <dimen name="qb_px_204">85.00dp</dimen>
  <dimen name="qb_px_205">85.42dp</dimen>
  <dimen name="qb_px_206">85.83dp</dimen>
  <dimen name="qb_px_207">86.25dp</dimen>
  <dimen name="qb_px_208">86.67dp</dimen>
  <dimen name="qb_px_209">87.08dp</dimen>
  <dimen name="qb_px_210">87.50dp</dimen>
  <dimen name="qb_px_211">87.92dp</dimen>
  <dimen name="qb_px_212">88.33dp</dimen>
  <dimen name="qb_px_213">88.75dp</dimen>
  <dimen name="qb_px_214">89.17dp</dimen>
  <dimen name="qb_px_215">89.58dp</dimen>
  <dimen name="qb_px_216">90.00dp</dimen>
  <dimen name="qb_px_217">90.42dp</dimen>
  <dimen name="qb_px_218">90.83dp</dimen>
  <dimen name="qb_px_219">91.25dp</dimen>
  <dimen name="qb_px_220">91.67dp</dimen>
  <dimen name="qb_px_221">92.08dp</dimen>
  <dimen name="qb_px_222">92.50dp</dimen>
  <dimen name="qb_px_223">92.92dp</dimen>
  <dimen name="qb_px_224">93.33dp</dimen>
  <dimen name="qb_px_225">93.75dp</dimen>
  <dimen name="qb_px_226">94.17dp</dimen>
  <dimen name="qb_px_227">94.58dp</dimen>
  <dimen name="qb_px_228">95.00dp</dimen>
  <dimen name="qb_px_229">95.42dp</dimen>
  <dimen name="qb_px_230">95.83dp</dimen>
  <dimen name="qb_px_231">96.25dp</dimen>
  <dimen name="qb_px_232">96.67dp</dimen>
  <dimen name="qb_px_233">97.08dp</dimen>
  <dimen name="qb_px_234">97.50dp</dimen>
  <dimen name="qb_px_235">97.92dp</dimen>
  <dimen name="qb_px_236">98.33dp</dimen>
  <dimen name="qb_px_237">98.75dp</dimen>
  <dimen name="qb_px_238">99.17dp</dimen>
  <dimen name="qb_px_239">99.58dp</dimen>
  <dimen name="qb_px_240">100.00dp</dimen>
  <dimen name="qb_px_241">100.42dp</dimen>
  <dimen name="qb_px_242">100.83dp</dimen>
  <dimen name="qb_px_243">101.25dp</dimen>
  <dimen name="qb_px_244">101.67dp</dimen>
  <dimen name="qb_px_245">102.08dp</dimen>
  <dimen name="qb_px_246">102.50dp</dimen>
  <dimen name="qb_px_247">102.92dp</dimen>
  <dimen name="qb_px_248">103.33dp</dimen>
  <dimen name="qb_px_249">103.75dp</dimen>
  <dimen name="qb_px_250">104.17dp</dimen>
  <dimen name="qb_px_251">104.58dp</dimen>
  <dimen name="qb_px_252">105.00dp</dimen>
  <dimen name="qb_px_253">105.42dp</dimen>
  <dimen name="qb_px_254">105.83dp</dimen>
  <dimen name="qb_px_255">106.25dp</dimen>
  <dimen name="qb_px_256">106.67dp</dimen>
  <dimen name="qb_px_257">107.08dp</dimen>
  <dimen name="qb_px_258">107.50dp</dimen>
  <dimen name="qb_px_259">107.92dp</dimen>
  <dimen name="qb_px_260">108.33dp</dimen>
  <dimen name="qb_px_261">108.75dp</dimen>
  <dimen name="qb_px_262">109.17dp</dimen>
  <dimen name="qb_px_263">109.58dp</dimen>
  <dimen name="qb_px_264">110.00dp</dimen>
  <dimen name="qb_px_265">110.42dp</dimen>
  <dimen name="qb_px_266">110.83dp</dimen>
  <dimen name="qb_px_267">111.25dp</dimen>
  <dimen name="qb_px_268">111.67dp</dimen>
  <dimen name="qb_px_269">112.08dp</dimen>
  <dimen name="qb_px_270">112.50dp</dimen>
  <dimen name="qb_px_271">112.92dp</dimen>
  <dimen name="qb_px_272">113.33dp</dimen>
  <dimen name="qb_px_273">113.75dp</dimen>
  <dimen name="qb_px_274">114.17dp</dimen>
  <dimen name="qb_px_275">114.58dp</dimen>
  <dimen name="qb_px_276">115.00dp</dimen>
  <dimen name="qb_px_277">115.42dp</dimen>
  <dimen name="qb_px_278">115.83dp</dimen>
  <dimen name="qb_px_279">116.25dp</dimen>
  <dimen name="qb_px_280">116.67dp</dimen>
  <dimen name="qb_px_281">117.08dp</dimen>
  <dimen name="qb_px_282">117.50dp</dimen>
  <dimen name="qb_px_283">117.92dp</dimen>
  <dimen name="qb_px_284">118.33dp</dimen>
  <dimen name="qb_px_285">118.75dp</dimen>
  <dimen name="qb_px_286">119.17dp</dimen>
  <dimen name="qb_px_287">119.58dp</dimen>
  <dimen name="qb_px_288">120.00dp</dimen>
  <dimen name="qb_px_289">120.42dp</dimen>
  <dimen name="qb_px_290">120.83dp</dimen>
  <dimen name="qb_px_291">121.25dp</dimen>
  <dimen name="qb_px_292">121.67dp</dimen>
  <dimen name="qb_px_293">122.08dp</dimen>
  <dimen name="qb_px_294">122.50dp</dimen>
  <dimen name="qb_px_295">122.92dp</dimen>
  <dimen name="qb_px_296">123.33dp</dimen>
  <dimen name="qb_px_297">123.75dp</dimen>
  <dimen name="qb_px_298">124.17dp</dimen>
  <dimen name="qb_px_299">124.58dp</dimen>
  <dimen name="qb_px_300">125.00dp</dimen>
  <dimen name="qb_px_301">125.42dp</dimen>
  <dimen name="qb_px_302">125.83dp</dimen>
  <dimen name="qb_px_303">126.25dp</dimen>
  <dimen name="qb_px_304">126.67dp</dimen>
  <dimen name="qb_px_305">127.08dp</dimen>
  <dimen name="qb_px_306">127.50dp</dimen>
  <dimen name="qb_px_307">127.92dp</dimen>
  <dimen name="qb_px_308">128.33dp</dimen>
  <dimen name="qb_px_309">128.75dp</dimen>
  <dimen name="qb_px_310">129.17dp</dimen>
  <dimen name="qb_px_311">129.58dp</dimen>
  <dimen name="qb_px_312">130.00dp</dimen>
  <dimen name="qb_px_313">130.42dp</dimen>
  <dimen name="qb_px_314">130.83dp</dimen>
  <dimen name="qb_px_315">131.25dp</dimen>
  <dimen name="qb_px_316">131.67dp</dimen>
  <dimen name="qb_px_317">132.08dp</dimen>
  <dimen name="qb_px_318">132.50dp</dimen>
  <dimen name="qb_px_319">132.92dp</dimen>
  <dimen name="qb_px_320">133.33dp</dimen>
  <dimen name="qb_px_321">133.75dp</dimen>
  <dimen name="qb_px_322">134.17dp</dimen>
  <dimen name="qb_px_323">134.58dp</dimen>
  <dimen name="qb_px_324">135.00dp</dimen>
  <dimen name="qb_px_325">135.42dp</dimen>
  <dimen name="qb_px_326">135.83dp</dimen>
  <dimen name="qb_px_327">136.25dp</dimen>
  <dimen name="qb_px_328">136.67dp</dimen>
  <dimen name="qb_px_329">137.08dp</dimen>
  <dimen name="qb_px_330">137.50dp</dimen>
  <dimen name="qb_px_331">137.92dp</dimen>
  <dimen name="qb_px_332">138.33dp</dimen>
  <dimen name="qb_px_333">138.75dp</dimen>
  <dimen name="qb_px_334">139.17dp</dimen>
  <dimen name="qb_px_335">139.58dp</dimen>
  <dimen name="qb_px_336">140.00dp</dimen>
  <dimen name="qb_px_337">140.42dp</dimen>
  <dimen name="qb_px_338">140.83dp</dimen>
  <dimen name="qb_px_339">141.25dp</dimen>
  <dimen name="qb_px_340">141.67dp</dimen>
  <dimen name="qb_px_341">142.08dp</dimen>
  <dimen name="qb_px_342">142.50dp</dimen>
  <dimen name="qb_px_343">142.92dp</dimen>
  <dimen name="qb_px_344">143.33dp</dimen>
  <dimen name="qb_px_345">143.75dp</dimen>
  <dimen name="qb_px_346">144.17dp</dimen>
  <dimen name="qb_px_347">144.58dp</dimen>
  <dimen name="qb_px_348">145.00dp</dimen>
  <dimen name="qb_px_349">145.42dp</dimen>
  <dimen name="qb_px_350">145.83dp</dimen>
  <dimen name="qb_px_351">146.25dp</dimen>
  <dimen name="qb_px_352">146.67dp</dimen>
  <dimen name="qb_px_353">147.08dp</dimen>
  <dimen name="qb_px_354">147.50dp</dimen>
  <dimen name="qb_px_355">147.92dp</dimen>
  <dimen name="qb_px_356">148.33dp</dimen>
  <dimen name="qb_px_357">148.75dp</dimen>
  <dimen name="qb_px_358">149.17dp</dimen>
  <dimen name="qb_px_359">149.58dp</dimen>
  <dimen name="qb_px_360">150.00dp</dimen>
  <dimen name="qb_px_361">150.42dp</dimen>
  <dimen name="qb_px_362">150.83dp</dimen>
  <dimen name="qb_px_363">151.25dp</dimen>
  <dimen name="qb_px_364">151.67dp</dimen>
  <dimen name="qb_px_365">152.08dp</dimen>
  <dimen name="qb_px_366">152.50dp</dimen>
  <dimen name="qb_px_367">152.92dp</dimen>
  <dimen name="qb_px_368">153.33dp</dimen>
  <dimen name="qb_px_369">153.75dp</dimen>
  <dimen name="qb_px_370">154.17dp</dimen>
  <dimen name="qb_px_371">154.58dp</dimen>
  <dimen name="qb_px_372">155.00dp</dimen>
  <dimen name="qb_px_373">155.42dp</dimen>
  <dimen name="qb_px_374">155.83dp</dimen>
  <dimen name="qb_px_375">156.25dp</dimen>
  <dimen name="qb_px_376">156.67dp</dimen>
  <dimen name="qb_px_377">157.08dp</dimen>
  <dimen name="qb_px_378">157.50dp</dimen>
  <dimen name="qb_px_379">157.92dp</dimen>
  <dimen name="qb_px_380">158.33dp</dimen>
  <dimen name="qb_px_381">158.75dp</dimen>
  <dimen name="qb_px_382">159.17dp</dimen>
  <dimen name="qb_px_383">159.58dp</dimen>
  <dimen name="qb_px_384">160.00dp</dimen>
  <dimen name="qb_px_385">160.42dp</dimen>
  <dimen name="qb_px_386">160.83dp</dimen>
  <dimen name="qb_px_387">161.25dp</dimen>
  <dimen name="qb_px_388">161.67dp</dimen>
  <dimen name="qb_px_389">162.08dp</dimen>
  <dimen name="qb_px_390">162.50dp</dimen>
  <dimen name="qb_px_391">162.92dp</dimen>
  <dimen name="qb_px_392">163.33dp</dimen>
  <dimen name="qb_px_393">163.75dp</dimen>
  <dimen name="qb_px_394">164.17dp</dimen>
  <dimen name="qb_px_395">164.58dp</dimen>
  <dimen name="qb_px_396">165.00dp</dimen>
  <dimen name="qb_px_397">165.42dp</dimen>
  <dimen name="qb_px_398">165.83dp</dimen>
  <dimen name="qb_px_399">166.25dp</dimen>
  <dimen name="qb_px_400">166.67dp</dimen>
  <dimen name="qb_px_401">167.08dp</dimen>
  <dimen name="qb_px_402">167.50dp</dimen>
  <dimen name="qb_px_403">167.92dp</dimen>
  <dimen name="qb_px_404">168.33dp</dimen>
  <dimen name="qb_px_405">168.75dp</dimen>
  <dimen name="qb_px_406">169.17dp</dimen>
  <dimen name="qb_px_407">169.58dp</dimen>
  <dimen name="qb_px_408">170.00dp</dimen>
  <dimen name="qb_px_409">170.42dp</dimen>
  <dimen name="qb_px_410">170.83dp</dimen>
  <dimen name="qb_px_411">171.25dp</dimen>
  <dimen name="qb_px_412">171.67dp</dimen>
  <dimen name="qb_px_413">172.08dp</dimen>
  <dimen name="qb_px_414">172.50dp</dimen>
  <dimen name="qb_px_415">172.92dp</dimen>
  <dimen name="qb_px_416">173.33dp</dimen>
  <dimen name="qb_px_417">173.75dp</dimen>
  <dimen name="qb_px_418">174.17dp</dimen>
  <dimen name="qb_px_419">174.58dp</dimen>
  <dimen name="qb_px_420">175.00dp</dimen>
  <dimen name="qb_px_421">175.42dp</dimen>
  <dimen name="qb_px_422">175.83dp</dimen>
  <dimen name="qb_px_423">176.25dp</dimen>
  <dimen name="qb_px_424">176.67dp</dimen>
  <dimen name="qb_px_425">177.08dp</dimen>
  <dimen name="qb_px_426">177.50dp</dimen>
  <dimen name="qb_px_427">177.92dp</dimen>
  <dimen name="qb_px_428">178.33dp</dimen>
  <dimen name="qb_px_429">178.75dp</dimen>
  <dimen name="qb_px_430">179.17dp</dimen>
  <dimen name="qb_px_431">179.58dp</dimen>
  <dimen name="qb_px_432">180.00dp</dimen>
  <dimen name="qb_px_433">180.42dp</dimen>
  <dimen name="qb_px_434">180.83dp</dimen>
  <dimen name="qb_px_435">181.25dp</dimen>
  <dimen name="qb_px_436">181.67dp</dimen>
  <dimen name="qb_px_437">182.08dp</dimen>
  <dimen name="qb_px_438">182.50dp</dimen>
  <dimen name="qb_px_439">182.92dp</dimen>
  <dimen name="qb_px_440">183.33dp</dimen>
  <dimen name="qb_px_441">183.75dp</dimen>
  <dimen name="qb_px_442">184.17dp</dimen>
  <dimen name="qb_px_443">184.58dp</dimen>
  <dimen name="qb_px_444">185.00dp</dimen>
  <dimen name="qb_px_445">185.42dp</dimen>
  <dimen name="qb_px_446">185.83dp</dimen>
  <dimen name="qb_px_447">186.25dp</dimen>
  <dimen name="qb_px_448">186.67dp</dimen>
  <dimen name="qb_px_449">187.08dp</dimen>
  <dimen name="qb_px_450">187.50dp</dimen>
  <dimen name="qb_px_451">187.92dp</dimen>
  <dimen name="qb_px_452">188.33dp</dimen>
  <dimen name="qb_px_453">188.75dp</dimen>
  <dimen name="qb_px_454">189.17dp</dimen>
  <dimen name="qb_px_455">189.58dp</dimen>
  <dimen name="qb_px_456">190.00dp</dimen>
  <dimen name="qb_px_457">190.42dp</dimen>
  <dimen name="qb_px_458">190.83dp</dimen>
  <dimen name="qb_px_459">191.25dp</dimen>
  <dimen name="qb_px_460">191.67dp</dimen>
  <dimen name="qb_px_461">192.08dp</dimen>
  <dimen name="qb_px_462">192.50dp</dimen>
  <dimen name="qb_px_463">192.92dp</dimen>
  <dimen name="qb_px_464">193.33dp</dimen>
  <dimen name="qb_px_465">193.75dp</dimen>
  <dimen name="qb_px_466">194.17dp</dimen>
  <dimen name="qb_px_467">194.58dp</dimen>
  <dimen name="qb_px_468">195.00dp</dimen>
  <dimen name="qb_px_469">195.42dp</dimen>
  <dimen name="qb_px_470">195.83dp</dimen>
  <dimen name="qb_px_471">196.25dp</dimen>
  <dimen name="qb_px_472">196.67dp</dimen>
  <dimen name="qb_px_473">197.08dp</dimen>
  <dimen name="qb_px_474">197.50dp</dimen>
  <dimen name="qb_px_475">197.92dp</dimen>
  <dimen name="qb_px_476">198.33dp</dimen>
  <dimen name="qb_px_477">198.75dp</dimen>
  <dimen name="qb_px_478">199.17dp</dimen>
  <dimen name="qb_px_479">199.58dp</dimen>
  <dimen name="qb_px_480">200.00dp</dimen>
  <dimen name="qb_px_481">200.42dp</dimen>
  <dimen name="qb_px_482">200.83dp</dimen>
  <dimen name="qb_px_483">201.25dp</dimen>
  <dimen name="qb_px_484">201.67dp</dimen>
  <dimen name="qb_px_485">202.08dp</dimen>
  <dimen name="qb_px_486">202.50dp</dimen>
  <dimen name="qb_px_487">202.92dp</dimen>
  <dimen name="qb_px_488">203.33dp</dimen>
  <dimen name="qb_px_489">203.75dp</dimen>
  <dimen name="qb_px_490">204.17dp</dimen>
  <dimen name="qb_px_491">204.58dp</dimen>
  <dimen name="qb_px_492">205.00dp</dimen>
  <dimen name="qb_px_493">205.42dp</dimen>
  <dimen name="qb_px_494">205.83dp</dimen>
  <dimen name="qb_px_495">206.25dp</dimen>
  <dimen name="qb_px_496">206.67dp</dimen>
  <dimen name="qb_px_497">207.08dp</dimen>
  <dimen name="qb_px_498">207.50dp</dimen>
  <dimen name="qb_px_499">207.92dp</dimen>
  <dimen name="qb_px_500">208.33dp</dimen>
  <dimen name="qb_px_501">208.75dp</dimen>
  <dimen name="qb_px_502">209.17dp</dimen>
  <dimen name="qb_px_503">209.58dp</dimen>
  <dimen name="qb_px_504">210.00dp</dimen>
  <dimen name="qb_px_505">210.42dp</dimen>
  <dimen name="qb_px_506">210.83dp</dimen>
  <dimen name="qb_px_507">211.25dp</dimen>
  <dimen name="qb_px_508">211.67dp</dimen>
  <dimen name="qb_px_509">212.08dp</dimen>
  <dimen name="qb_px_510">212.50dp</dimen>
  <dimen name="qb_px_511">212.92dp</dimen>
  <dimen name="qb_px_512">213.33dp</dimen>
  <dimen name="qb_px_513">213.75dp</dimen>
  <dimen name="qb_px_514">214.17dp</dimen>
  <dimen name="qb_px_515">214.58dp</dimen>
  <dimen name="qb_px_516">215.00dp</dimen>
  <dimen name="qb_px_517">215.42dp</dimen>
  <dimen name="qb_px_518">215.83dp</dimen>
  <dimen name="qb_px_519">216.25dp</dimen>
  <dimen name="qb_px_520">216.67dp</dimen>
  <dimen name="qb_px_521">217.08dp</dimen>
  <dimen name="qb_px_522">217.50dp</dimen>
  <dimen name="qb_px_523">217.92dp</dimen>
  <dimen name="qb_px_524">218.33dp</dimen>
  <dimen name="qb_px_525">218.75dp</dimen>
  <dimen name="qb_px_526">219.17dp</dimen>
  <dimen name="qb_px_527">219.58dp</dimen>
  <dimen name="qb_px_528">220.00dp</dimen>
  <dimen name="qb_px_529">220.42dp</dimen>
  <dimen name="qb_px_530">220.83dp</dimen>
  <dimen name="qb_px_531">221.25dp</dimen>
  <dimen name="qb_px_532">221.67dp</dimen>
  <dimen name="qb_px_533">222.08dp</dimen>
  <dimen name="qb_px_534">222.50dp</dimen>
  <dimen name="qb_px_535">222.92dp</dimen>
  <dimen name="qb_px_536">223.33dp</dimen>
  <dimen name="qb_px_537">223.75dp</dimen>
  <dimen name="qb_px_538">224.17dp</dimen>
  <dimen name="qb_px_539">224.58dp</dimen>
  <dimen name="qb_px_540">225.00dp</dimen>
  <dimen name="qb_px_541">225.42dp</dimen>
  <dimen name="qb_px_542">225.83dp</dimen>
  <dimen name="qb_px_543">226.25dp</dimen>
  <dimen name="qb_px_544">226.67dp</dimen>
  <dimen name="qb_px_545">227.08dp</dimen>
  <dimen name="qb_px_546">227.50dp</dimen>
  <dimen name="qb_px_547">227.92dp</dimen>
  <dimen name="qb_px_548">228.33dp</dimen>
  <dimen name="qb_px_549">228.75dp</dimen>
  <dimen name="qb_px_550">229.17dp</dimen>
  <dimen name="qb_px_551">229.58dp</dimen>
  <dimen name="qb_px_552">230.00dp</dimen>
  <dimen name="qb_px_553">230.42dp</dimen>
  <dimen name="qb_px_554">230.83dp</dimen>
  <dimen name="qb_px_555">231.25dp</dimen>
  <dimen name="qb_px_556">231.67dp</dimen>
  <dimen name="qb_px_557">232.08dp</dimen>
  <dimen name="qb_px_558">232.50dp</dimen>
  <dimen name="qb_px_559">232.92dp</dimen>
  <dimen name="qb_px_560">233.33dp</dimen>
  <dimen name="qb_px_561">233.75dp</dimen>
  <dimen name="qb_px_562">234.17dp</dimen>
  <dimen name="qb_px_563">234.58dp</dimen>
  <dimen name="qb_px_564">235.00dp</dimen>
  <dimen name="qb_px_565">235.42dp</dimen>
  <dimen name="qb_px_566">235.83dp</dimen>
  <dimen name="qb_px_567">236.25dp</dimen>
  <dimen name="qb_px_568">236.67dp</dimen>
  <dimen name="qb_px_569">237.08dp</dimen>
  <dimen name="qb_px_570">237.50dp</dimen>
  <dimen name="qb_px_571">237.92dp</dimen>
  <dimen name="qb_px_572">238.33dp</dimen>
  <dimen name="qb_px_573">238.75dp</dimen>
  <dimen name="qb_px_574">239.17dp</dimen>
  <dimen name="qb_px_575">239.58dp</dimen>
  <dimen name="qb_px_576">240.00dp</dimen>
  <dimen name="qb_px_577">240.42dp</dimen>
  <dimen name="qb_px_578">240.83dp</dimen>
  <dimen name="qb_px_579">241.25dp</dimen>
  <dimen name="qb_px_580">241.67dp</dimen>
  <dimen name="qb_px_581">242.08dp</dimen>
  <dimen name="qb_px_582">242.50dp</dimen>
  <dimen name="qb_px_583">242.92dp</dimen>
  <dimen name="qb_px_584">243.33dp</dimen>
  <dimen name="qb_px_585">243.75dp</dimen>
  <dimen name="qb_px_586">244.17dp</dimen>
  <dimen name="qb_px_587">244.58dp</dimen>
  <dimen name="qb_px_588">245.00dp</dimen>
  <dimen name="qb_px_589">245.42dp</dimen>
  <dimen name="qb_px_590">245.83dp</dimen>
  <dimen name="qb_px_591">246.25dp</dimen>
  <dimen name="qb_px_592">246.67dp</dimen>
  <dimen name="qb_px_593">247.08dp</dimen>
  <dimen name="qb_px_594">247.50dp</dimen>
  <dimen name="qb_px_595">247.92dp</dimen>
  <dimen name="qb_px_596">248.33dp</dimen>
  <dimen name="qb_px_597">248.75dp</dimen>
  <dimen name="qb_px_598">249.17dp</dimen>
  <dimen name="qb_px_599">249.58dp</dimen>
  <dimen name="qb_px_600">250.00dp</dimen>
  <dimen name="qb_px_1200">500.00dp</dimen>
  <dimen name="qb_px_601">250.42dp</dimen>
  <dimen name="qb_px_602">250.83dp</dimen>
  <dimen name="qb_px_603">251.25dp</dimen>
  <dimen name="qb_px_604">251.67dp</dimen>
  <dimen name="qb_px_605">252.08dp</dimen>
  <dimen name="qb_px_606">252.50dp</dimen>
  <dimen name="qb_px_607">252.92dp</dimen>
  <dimen name="qb_px_608">253.33dp</dimen>
  <dimen name="qb_px_609">253.75dp</dimen>
  <dimen name="qb_px_610">254.17dp</dimen>
  <dimen name="qb_px_611">254.58dp</dimen>
  <dimen name="qb_px_612">255.00dp</dimen>
  <dimen name="qb_px_613">255.42dp</dimen>
  <dimen name="qb_px_614">255.83dp</dimen>
  <dimen name="qb_px_615">256.25dp</dimen>
  <dimen name="qb_px_616">256.67dp</dimen>
  <dimen name="qb_px_617">257.08dp</dimen>
  <dimen name="qb_px_618">257.50dp</dimen>
  <dimen name="qb_px_619">257.92dp</dimen>
  <dimen name="qb_px_620">258.33dp</dimen>
  <dimen name="qb_px_621">258.75dp</dimen>
  <dimen name="qb_px_622">259.17dp</dimen>
  <dimen name="qb_px_623">259.58dp</dimen>
  <dimen name="qb_px_624">260.00dp</dimen>
  <dimen name="qb_px_625">260.42dp</dimen>
  <dimen name="qb_px_626">260.83dp</dimen>
  <dimen name="qb_px_627">261.25dp</dimen>
  <dimen name="qb_px_628">261.67dp</dimen>
  <dimen name="qb_px_629">262.08dp</dimen>
  <dimen name="qb_px_630">262.50dp</dimen>
  <dimen name="qb_px_631">262.92dp</dimen>
  <dimen name="qb_px_632">263.33dp</dimen>
  <dimen name="qb_px_633">263.75dp</dimen>
  <dimen name="qb_px_634">264.17dp</dimen>
  <dimen name="qb_px_635">264.58dp</dimen>
  <dimen name="qb_px_636">265.00dp</dimen>
  <dimen name="qb_px_637">265.42dp</dimen>
  <dimen name="qb_px_638">265.83dp</dimen>
  <dimen name="qb_px_639">266.25dp</dimen>
  <dimen name="qb_px_640">266.67dp</dimen>
  <dimen name="qb_px_641">267.08dp</dimen>
  <dimen name="qb_px_642">267.50dp</dimen>
  <dimen name="qb_px_643">267.92dp</dimen>
  <dimen name="qb_px_644">268.33dp</dimen>
  <dimen name="qb_px_645">268.75dp</dimen>
  <dimen name="qb_px_646">269.17dp</dimen>
  <dimen name="qb_px_647">269.58dp</dimen>
  <dimen name="qb_px_648">270.00dp</dimen>
  <dimen name="qb_px_649">270.42dp</dimen>
  <dimen name="qb_px_650">270.83dp</dimen>
  <dimen name="qb_px_651">271.25dp</dimen>
  <dimen name="qb_px_652">271.67dp</dimen>
  <dimen name="qb_px_653">272.08dp</dimen>
  <dimen name="qb_px_654">272.50dp</dimen>
  <dimen name="qb_px_655">272.92dp</dimen>
  <dimen name="qb_px_656">273.33dp</dimen>
  <dimen name="qb_px_657">273.75dp</dimen>
  <dimen name="qb_px_658">274.17dp</dimen>
  <dimen name="qb_px_659">274.58dp</dimen>
  <dimen name="qb_px_660">275.00dp</dimen>
  <dimen name="qb_px_661">275.42dp</dimen>
  <dimen name="qb_px_662">275.83dp</dimen>
  <dimen name="qb_px_663">276.25dp</dimen>
  <dimen name="qb_px_664">276.67dp</dimen>
  <dimen name="qb_px_665">277.08dp</dimen>
  <dimen name="qb_px_666">277.50dp</dimen>
  <dimen name="qb_px_667">277.92dp</dimen>
  <dimen name="qb_px_668">278.33dp</dimen>
  <dimen name="qb_px_669">278.75dp</dimen>
  <dimen name="qb_px_670">279.17dp</dimen>
  <dimen name="qb_px_671">279.58dp</dimen>
  <dimen name="qb_px_672">280.00dp</dimen>
  <dimen name="qb_px_673">280.42dp</dimen>
  <dimen name="qb_px_674">280.83dp</dimen>
  <dimen name="qb_px_675">281.25dp</dimen>
  <dimen name="qb_px_676">281.67dp</dimen>
  <dimen name="qb_px_677">282.08dp</dimen>
  <dimen name="qb_px_678">282.50dp</dimen>
  <dimen name="qb_px_679">282.92dp</dimen>
  <dimen name="qb_px_680">283.33dp</dimen>
  <dimen name="qb_px_681">283.75dp</dimen>
  <dimen name="qb_px_682">284.17dp</dimen>
  <dimen name="qb_px_683">284.58dp</dimen>
  <dimen name="qb_px_684">285.00dp</dimen>
  <dimen name="qb_px_685">285.42dp</dimen>
  <dimen name="qb_px_686">285.83dp</dimen>
  <dimen name="qb_px_687">286.25dp</dimen>
  <dimen name="qb_px_688">286.67dp</dimen>
  <dimen name="qb_px_689">287.08dp</dimen>
  <dimen name="qb_px_690">287.50dp</dimen>
  <dimen name="qb_px_691">287.92dp</dimen>
  <dimen name="qb_px_692">288.33dp</dimen>
  <dimen name="qb_px_693">288.75dp</dimen>
  <dimen name="qb_px_694">289.17dp</dimen>
  <dimen name="qb_px_695">289.58dp</dimen>
  <dimen name="qb_px_696">290.00dp</dimen>
  <dimen name="qb_px_697">290.42dp</dimen>
  <dimen name="qb_px_698">290.83dp</dimen>
  <dimen name="qb_px_699">291.25dp</dimen>
  <dimen name="qb_px_700">291.67dp</dimen>
  <dimen name="qb_px_701">292.08dp</dimen>
  <dimen name="qb_px_702">292.50dp</dimen>
  <dimen name="qb_px_703">292.92dp</dimen>
  <dimen name="qb_px_704">293.33dp</dimen>
  <dimen name="qb_px_705">293.75dp</dimen>
  <dimen name="qb_px_706">294.17dp</dimen>
  <dimen name="qb_px_707">294.58dp</dimen>
  <dimen name="qb_px_708">295.00dp</dimen>
  <dimen name="qb_px_709">295.42dp</dimen>
  <dimen name="qb_px_710">295.83dp</dimen>
  <dimen name="qb_px_711">296.25dp</dimen>
  <dimen name="qb_px_712">296.67dp</dimen>
  <dimen name="qb_px_713">297.08dp</dimen>
  <dimen name="qb_px_714">297.50dp</dimen>
  <dimen name="qb_px_715">297.92dp</dimen>
  <dimen name="qb_px_716">298.33dp</dimen>
  <dimen name="qb_px_717">298.75dp</dimen>
  <dimen name="qb_px_718">299.17dp</dimen>
  <dimen name="qb_px_719">299.58dp</dimen>
  <dimen name="qb_px_720">300.00dp</dimen>
  <dimen name="qb_px_1440">600.00dp</dimen>
  <dimen name="qb_px_721">300.42dp</dimen>
  <dimen name="qb_px_722">300.83dp</dimen>
  <dimen name="qb_px_723">301.25dp</dimen>
  <dimen name="qb_px_724">301.67dp</dimen>
  <dimen name="qb_px_725">302.08dp</dimen>
  <dimen name="qb_px_726">302.50dp</dimen>
  <dimen name="qb_px_727">302.92dp</dimen>
  <dimen name="qb_px_728">303.33dp</dimen>
  <dimen name="qb_px_729">303.75dp</dimen>
  <dimen name="qb_px_730">304.17dp</dimen>
  <dimen name="qb_px_731">304.58dp</dimen>
  <dimen name="qb_px_732">305.00dp</dimen>
  <dimen name="qb_px_733">305.42dp</dimen>
  <dimen name="qb_px_734">305.83dp</dimen>
  <dimen name="qb_px_735">306.25dp</dimen>
  <dimen name="qb_px_736">306.67dp</dimen>
  <dimen name="qb_px_737">307.08dp</dimen>
  <dimen name="qb_px_738">307.50dp</dimen>
  <dimen name="qb_px_739">307.92dp</dimen>
  <dimen name="qb_px_740">308.33dp</dimen>
  <dimen name="qb_px_741">308.75dp</dimen>
  <dimen name="qb_px_742">309.17dp</dimen>
  <dimen name="qb_px_743">309.58dp</dimen>
  <dimen name="qb_px_744">310.00dp</dimen>
  <dimen name="qb_px_745">310.42dp</dimen>
  <dimen name="qb_px_746">310.83dp</dimen>
  <dimen name="qb_px_747">311.25dp</dimen>
  <dimen name="qb_px_748">311.67dp</dimen>
  <dimen name="qb_px_749">312.08dp</dimen>
  <dimen name="qb_px_750">312.50dp</dimen>
  <dimen name="qb_px_751">312.92dp</dimen>
  <dimen name="qb_px_752">313.33dp</dimen>
  <dimen name="qb_px_753">313.75dp</dimen>
  <dimen name="qb_px_754">314.17dp</dimen>
  <dimen name="qb_px_755">314.58dp</dimen>
  <dimen name="qb_px_756">315.00dp</dimen>
  <dimen name="qb_px_757">315.42dp</dimen>
  <dimen name="qb_px_758">315.83dp</dimen>
  <dimen name="qb_px_759">316.25dp</dimen>
  <dimen name="qb_px_760">316.67dp</dimen>
  <dimen name="qb_px_761">317.08dp</dimen>
  <dimen name="qb_px_762">317.50dp</dimen>
  <dimen name="qb_px_763">317.92dp</dimen>
  <dimen name="qb_px_764">318.33dp</dimen>
  <dimen name="qb_px_765">318.75dp</dimen>
  <dimen name="qb_px_766">319.17dp</dimen>
  <dimen name="qb_px_767">319.58dp</dimen>
  <dimen name="qb_px_768">320.00dp</dimen>
  <dimen name="qb_px_769">320.42dp</dimen>
  <dimen name="qb_px_770">320.83dp</dimen>
  <dimen name="qb_px_771">321.25dp</dimen>
  <dimen name="qb_px_772">321.67dp</dimen>
  <dimen name="qb_px_773">322.08dp</dimen>
  <dimen name="qb_px_774">322.50dp</dimen>
  <dimen name="qb_px_775">322.92dp</dimen>
  <dimen name="qb_px_776">323.33dp</dimen>
  <dimen name="qb_px_777">323.75dp</dimen>
  <dimen name="qb_px_778">324.17dp</dimen>
  <dimen name="qb_px_779">324.58dp</dimen>
  <dimen name="qb_px_780">325.00dp</dimen>
  <dimen name="qb_px_781">325.42dp</dimen>
  <dimen name="qb_px_782">325.83dp</dimen>
  <dimen name="qb_px_783">326.25dp</dimen>
  <dimen name="qb_px_784">326.67dp</dimen>
  <dimen name="qb_px_785">327.08dp</dimen>
  <dimen name="qb_px_786">327.50dp</dimen>
  <dimen name="qb_px_787">327.92dp</dimen>
  <dimen name="qb_px_788">328.33dp</dimen>
  <dimen name="qb_px_789">328.75dp</dimen>
  <dimen name="qb_px_790">329.17dp</dimen>
  <dimen name="qb_px_791">329.58dp</dimen>
  <dimen name="qb_px_792">330.00dp</dimen>
  <dimen name="qb_px_793">330.42dp</dimen>
  <dimen name="qb_px_794">330.83dp</dimen>
  <dimen name="qb_px_795">331.25dp</dimen>
  <dimen name="qb_px_796">331.67dp</dimen>
  <dimen name="qb_px_797">332.08dp</dimen>
  <dimen name="qb_px_798">332.50dp</dimen>
  <dimen name="qb_px_799">332.92dp</dimen>
  <dimen name="qb_px_800">333.33dp</dimen>
  <dimen name="qb_px_1600">666.66dp</dimen>
  <dimen name="qb_px_2400">999.99dp</dimen>
  <dimen name="qb_px_3200">1333.32dp</dimen>
  <dimen name="qb_px_801">333.75dp</dimen>
  <dimen name="qb_px_802">334.17dp</dimen>
  <dimen name="qb_px_803">334.58dp</dimen>
  <dimen name="qb_px_804">335.00dp</dimen>
  <dimen name="qb_px_805">335.42dp</dimen>
  <dimen name="qb_px_806">335.83dp</dimen>
  <dimen name="qb_px_807">336.25dp</dimen>
  <dimen name="qb_px_808">336.67dp</dimen>
  <dimen name="qb_px_809">337.08dp</dimen>
  <dimen name="qb_px_810">337.50dp</dimen>
  <dimen name="qb_px_811">337.92dp</dimen>
  <dimen name="qb_px_812">338.33dp</dimen>
  <dimen name="qb_px_813">338.75dp</dimen>
  <dimen name="qb_px_814">339.17dp</dimen>
  <dimen name="qb_px_815">339.58dp</dimen>
  <dimen name="qb_px_816">340.00dp</dimen>
  <dimen name="qb_px_817">340.42dp</dimen>
  <dimen name="qb_px_818">340.83dp</dimen>
  <dimen name="qb_px_819">341.25dp</dimen>
  <dimen name="qb_px_820">341.67dp</dimen>
  <dimen name="qb_px_821">342.08dp</dimen>
  <dimen name="qb_px_822">342.50dp</dimen>
  <dimen name="qb_px_823">342.92dp</dimen>
  <dimen name="qb_px_824">343.33dp</dimen>
  <dimen name="qb_px_825">343.75dp</dimen>
  <dimen name="qb_px_826">344.17dp</dimen>
  <dimen name="qb_px_827">344.58dp</dimen>
  <dimen name="qb_px_828">345.00dp</dimen>
  <dimen name="qb_px_829">345.42dp</dimen>
  <dimen name="qb_px_830">345.83dp</dimen>
  <dimen name="qb_px_831">346.25dp</dimen>
  <dimen name="qb_px_832">346.67dp</dimen>
  <dimen name="qb_px_833">347.08dp</dimen>
  <dimen name="qb_px_834">347.50dp</dimen>
  <dimen name="qb_px_835">347.92dp</dimen>
  <dimen name="qb_px_836">348.33dp</dimen>
  <dimen name="qb_px_837">348.75dp</dimen>
  <dimen name="qb_px_838">349.17dp</dimen>
  <dimen name="qb_px_839">349.58dp</dimen>
  <dimen name="qb_px_840">350.00dp</dimen>
  <dimen name="qb_px_841">350.42dp</dimen>
  <dimen name="qb_px_842">350.83dp</dimen>
  <dimen name="qb_px_843">351.25dp</dimen>
  <dimen name="qb_px_844">351.67dp</dimen>
  <dimen name="qb_px_845">352.08dp</dimen>
  <dimen name="qb_px_846">352.50dp</dimen>
  <dimen name="qb_px_847">352.92dp</dimen>
  <dimen name="qb_px_848">353.33dp</dimen>
  <dimen name="qb_px_849">353.75dp</dimen>
  <dimen name="qb_px_850">354.17dp</dimen>
  <dimen name="qb_px_851">354.58dp</dimen>
  <dimen name="qb_px_852">355.00dp</dimen>
  <dimen name="qb_px_853">355.42dp</dimen>
  <dimen name="qb_px_854">355.83dp</dimen>
  <dimen name="qb_px_855">356.25dp</dimen>
  <dimen name="qb_px_856">356.67dp</dimen>
  <dimen name="qb_px_857">357.08dp</dimen>
  <dimen name="qb_px_858">357.50dp</dimen>
  <dimen name="qb_px_859">357.92dp</dimen>
  <dimen name="qb_px_860">358.33dp</dimen>
  <dimen name="qb_px_861">358.75dp</dimen>
  <dimen name="qb_px_862">359.17dp</dimen>
  <dimen name="qb_px_863">359.58dp</dimen>
  <dimen name="qb_px_864">360.00dp</dimen>
  <dimen name="qb_px_865">360.42dp</dimen>
  <dimen name="qb_px_866">360.83dp</dimen>
  <dimen name="qb_px_867">361.25dp</dimen>
  <dimen name="qb_px_868">361.67dp</dimen>
  <dimen name="qb_px_869">362.08dp</dimen>
  <dimen name="qb_px_870">362.50dp</dimen>
  <dimen name="qb_px_871">362.92dp</dimen>
  <dimen name="qb_px_872">363.33dp</dimen>
  <dimen name="qb_px_873">363.75dp</dimen>
  <dimen name="qb_px_874">364.17dp</dimen>
  <dimen name="qb_px_875">364.58dp</dimen>
  <dimen name="qb_px_876">365.00dp</dimen>
  <dimen name="qb_px_877">365.42dp</dimen>
  <dimen name="qb_px_878">365.83dp</dimen>
  <dimen name="qb_px_879">366.25dp</dimen>
  <dimen name="qb_px_880">366.67dp</dimen>
  <dimen name="qb_px_881">367.08dp</dimen>
  <dimen name="qb_px_882">367.50dp</dimen>
  <dimen name="qb_px_883">367.92dp</dimen>
  <dimen name="qb_px_884">368.33dp</dimen>
  <dimen name="qb_px_885">368.75dp</dimen>
  <dimen name="qb_px_886">369.17dp</dimen>
  <dimen name="qb_px_887">369.58dp</dimen>
  <dimen name="qb_px_888">370.00dp</dimen>
  <dimen name="qb_px_889">370.42dp</dimen>
  <dimen name="qb_px_890">370.83dp</dimen>
  <dimen name="qb_px_891">371.25dp</dimen>
  <dimen name="qb_px_892">371.67dp</dimen>
  <dimen name="qb_px_893">372.08dp</dimen>
  <dimen name="qb_px_894">372.50dp</dimen>
  <dimen name="qb_px_895">372.92dp</dimen>
  <dimen name="qb_px_896">373.33dp</dimen>
  <dimen name="qb_px_897">373.75dp</dimen>
  <dimen name="qb_px_898">374.17dp</dimen>
  <dimen name="qb_px_899">374.58dp</dimen>
  <dimen name="qb_px_900">375.00dp</dimen>
  <dimen name="qb_px_901">375.42dp</dimen>
  <dimen name="qb_px_902">375.83dp</dimen>
  <dimen name="qb_px_903">376.25dp</dimen>
  <dimen name="qb_px_904">376.67dp</dimen>
  <dimen name="qb_px_905">377.08dp</dimen>
  <dimen name="qb_px_906">377.50dp</dimen>
  <dimen name="qb_px_907">377.92dp</dimen>
  <dimen name="qb_px_908">378.33dp</dimen>
  <dimen name="qb_px_909">378.75dp</dimen>
  <dimen name="qb_px_910">379.17dp</dimen>
  <dimen name="qb_px_911">379.58dp</dimen>
  <dimen name="qb_px_912">380.00dp</dimen>
  <dimen name="qb_px_913">380.42dp</dimen>
  <dimen name="qb_px_914">380.83dp</dimen>
  <dimen name="qb_px_915">381.25dp</dimen>
  <dimen name="qb_px_916">381.67dp</dimen>
  <dimen name="qb_px_917">382.08dp</dimen>
  <dimen name="qb_px_918">382.50dp</dimen>
  <dimen name="qb_px_919">382.92dp</dimen>
  <dimen name="qb_px_920">383.33dp</dimen>
  <dimen name="qb_px_921">383.75dp</dimen>
  <dimen name="qb_px_922">384.17dp</dimen>
  <dimen name="qb_px_923">384.58dp</dimen>
  <dimen name="qb_px_924">385.00dp</dimen>
  <dimen name="qb_px_925">385.42dp</dimen>
  <dimen name="qb_px_926">385.83dp</dimen>
  <dimen name="qb_px_927">386.25dp</dimen>
  <dimen name="qb_px_928">386.67dp</dimen>
  <dimen name="qb_px_929">387.08dp</dimen>
  <dimen name="qb_px_930">387.50dp</dimen>
  <dimen name="qb_px_931">387.92dp</dimen>
  <dimen name="qb_px_932">388.33dp</dimen>
  <dimen name="qb_px_933">388.75dp</dimen>
  <dimen name="qb_px_934">389.17dp</dimen>
  <dimen name="qb_px_935">389.58dp</dimen>
  <dimen name="qb_px_936">390.00dp</dimen>
  <dimen name="qb_px_937">390.42dp</dimen>
  <dimen name="qb_px_938">390.83dp</dimen>
  <dimen name="qb_px_939">391.25dp</dimen>
  <dimen name="qb_px_940">391.67dp</dimen>
  <dimen name="qb_px_941">392.08dp</dimen>
  <dimen name="qb_px_942">392.50dp</dimen>
  <dimen name="qb_px_943">392.92dp</dimen>
  <dimen name="qb_px_944">393.33dp</dimen>
  <dimen name="qb_px_945">393.75dp</dimen>
  <dimen name="qb_px_946">394.17dp</dimen>
  <dimen name="qb_px_947">394.58dp</dimen>
  <dimen name="qb_px_948">395.00dp</dimen>
  <dimen name="qb_px_949">395.42dp</dimen>
  <dimen name="qb_px_950">395.83dp</dimen>
  <dimen name="qb_px_951">396.25dp</dimen>
  <dimen name="qb_px_952">396.67dp</dimen>
  <dimen name="qb_px_953">397.08dp</dimen>
  <dimen name="qb_px_954">397.50dp</dimen>
  <dimen name="qb_px_955">397.92dp</dimen>
  <dimen name="qb_px_956">398.33dp</dimen>
  <dimen name="qb_px_957">398.75dp</dimen>
  <dimen name="qb_px_958">399.17dp</dimen>
  <dimen name="qb_px_959">399.58dp</dimen>
  <dimen name="qb_px_960">400.00dp</dimen>
  <dimen name="qb_px_961">400.42dp</dimen>
  <dimen name="qb_px_962">400.83dp</dimen>
  <dimen name="qb_px_963">401.25dp</dimen>
  <dimen name="qb_px_964">401.67dp</dimen>
  <dimen name="qb_px_965">402.08dp</dimen>
  <dimen name="qb_px_966">402.50dp</dimen>
  <dimen name="qb_px_967">402.92dp</dimen>
  <dimen name="qb_px_968">403.33dp</dimen>
  <dimen name="qb_px_969">403.75dp</dimen>
  <dimen name="qb_px_970">404.17dp</dimen>
  <dimen name="qb_px_971">404.58dp</dimen>
  <dimen name="qb_px_972">405.00dp</dimen>
  <dimen name="qb_px_973">405.42dp</dimen>
  <dimen name="qb_px_974">405.83dp</dimen>
  <dimen name="qb_px_975">406.25dp</dimen>
  <dimen name="qb_px_976">406.67dp</dimen>
  <dimen name="qb_px_977">407.08dp</dimen>
  <dimen name="qb_px_978">407.50dp</dimen>
  <dimen name="qb_px_979">407.92dp</dimen>
  <dimen name="qb_px_980">408.33dp</dimen>
  <dimen name="qb_px_981">408.75dp</dimen>
  <dimen name="qb_px_982">409.17dp</dimen>
  <dimen name="qb_px_983">409.58dp</dimen>
  <dimen name="qb_px_984">410.00dp</dimen>
  <dimen name="qb_px_985">410.42dp</dimen>
  <dimen name="qb_px_986">410.83dp</dimen>
  <dimen name="qb_px_987">411.25dp</dimen>
  <dimen name="qb_px_988">411.67dp</dimen>
  <dimen name="qb_px_989">412.08dp</dimen>
  <dimen name="qb_px_990">412.50dp</dimen>
  <dimen name="qb_px_991">412.92dp</dimen>
  <dimen name="qb_px_992">413.33dp</dimen>
  <dimen name="qb_px_993">413.75dp</dimen>
  <dimen name="qb_px_994">414.17dp</dimen>
  <dimen name="qb_px_995">414.58dp</dimen>
  <dimen name="qb_px_996">415.00dp</dimen>
  <dimen name="qb_px_997">415.42dp</dimen>
  <dimen name="qb_px_998">415.83dp</dimen>
  <dimen name="qb_px_999">416.25dp</dimen>
  <dimen name="qb_px_1000">416.67dp</dimen>
  <dimen name="qb_px_1001">417.08dp</dimen>
  <dimen name="qb_px_1002">417.50dp</dimen>
  <dimen name="qb_px_1003">417.92dp</dimen>
  <dimen name="qb_px_1004">418.33dp</dimen>
  <dimen name="qb_px_1005">418.75dp</dimen>
  <dimen name="qb_px_1006">419.17dp</dimen>
  <dimen name="qb_px_1007">419.58dp</dimen>
  <dimen name="qb_px_1008">420.00dp</dimen>
  <dimen name="qb_px_1009">420.42dp</dimen>
  <dimen name="qb_px_1010">420.83dp</dimen>
  <dimen name="qb_px_1011">421.25dp</dimen>
  <dimen name="qb_px_1012">421.67dp</dimen>
  <dimen name="qb_px_1013">422.08dp</dimen>
  <dimen name="qb_px_1014">422.50dp</dimen>
  <dimen name="qb_px_1015">422.92dp</dimen>
  <dimen name="qb_px_1016">423.33dp</dimen>
  <dimen name="qb_px_1017">423.75dp</dimen>
  <dimen name="qb_px_1018">424.17dp</dimen>
  <dimen name="qb_px_1019">424.58dp</dimen>
  <dimen name="qb_px_1020">425.00dp</dimen>
  <dimen name="qb_px_1021">425.42dp</dimen>
  <dimen name="qb_px_1022">425.83dp</dimen>
  <dimen name="qb_px_1023">426.25dp</dimen>
  <dimen name="qb_px_1024">426.67dp</dimen>
  <dimen name="qb_px_1025">427.08dp</dimen>
  <dimen name="qb_px_1026">427.50dp</dimen>
  <dimen name="qb_px_1027">427.92dp</dimen>
  <dimen name="qb_px_1028">428.33dp</dimen>
  <dimen name="qb_px_1029">428.75dp</dimen>
  <dimen name="qb_px_1030">429.17dp</dimen>
  <dimen name="qb_px_1031">429.58dp</dimen>
  <dimen name="qb_px_1032">430.00dp</dimen>
  <dimen name="qb_px_1033">430.42dp</dimen>
  <dimen name="qb_px_1034">430.83dp</dimen>
  <dimen name="qb_px_1035">431.25dp</dimen>
  <dimen name="qb_px_1036">431.67dp</dimen>
  <dimen name="qb_px_1037">432.08dp</dimen>
  <dimen name="qb_px_1038">432.50dp</dimen>
  <dimen name="qb_px_1039">432.92dp</dimen>
  <dimen name="qb_px_1040">433.33dp</dimen>
  <dimen name="qb_px_1041">433.75dp</dimen>
  <dimen name="qb_px_1042">434.17dp</dimen>
  <dimen name="qb_px_1043">434.58dp</dimen>
  <dimen name="qb_px_1044">435.00dp</dimen>
  <dimen name="qb_px_1045">435.42dp</dimen>
  <dimen name="qb_px_1046">435.83dp</dimen>
  <dimen name="qb_px_1047">436.25dp</dimen>
  <dimen name="qb_px_1048">436.67dp</dimen>
  <dimen name="qb_px_1049">437.08dp</dimen>
  <dimen name="qb_px_1050">437.50dp</dimen>
  <dimen name="qb_px_1051">437.92dp</dimen>
  <dimen name="qb_px_1052">438.33dp</dimen>
  <dimen name="qb_px_1053">438.75dp</dimen>
  <dimen name="qb_px_1054">439.17dp</dimen>
  <dimen name="qb_px_1055">439.58dp</dimen>
  <dimen name="qb_px_1056">440.00dp</dimen>
  <dimen name="qb_px_1057">440.42dp</dimen>
  <dimen name="qb_px_1058">440.83dp</dimen>
  <dimen name="qb_px_1059">441.25dp</dimen>
  <dimen name="qb_px_1060">441.67dp</dimen>
  <dimen name="qb_px_1061">442.08dp</dimen>
  <dimen name="qb_px_1062">442.50dp</dimen>
  <dimen name="qb_px_1063">442.92dp</dimen>
  <dimen name="qb_px_1064">443.33dp</dimen>
  <dimen name="qb_px_1065">443.75dp</dimen>
  <dimen name="qb_px_1066">444.17dp</dimen>
  <dimen name="qb_px_1067">444.58dp</dimen>
  <dimen name="qb_px_1068">445.00dp</dimen>
  <dimen name="qb_px_1069">445.42dp</dimen>
  <dimen name="qb_px_1070">445.83dp</dimen>
  <dimen name="qb_px_1071">446.25dp</dimen>
  <dimen name="qb_px_1072">446.67dp</dimen>
  <dimen name="qb_px_1073">447.08dp</dimen>
  <dimen name="qb_px_1074">447.50dp</dimen>
  <dimen name="qb_px_1075">447.92dp</dimen>
  <dimen name="qb_px_1076">448.33dp</dimen>
  <dimen name="qb_px_1077">448.75dp</dimen>
  <dimen name="qb_px_1078">449.17dp</dimen>
  <dimen name="qb_px_1079">449.58dp</dimen>
  <dimen name="qb_px_1080">450.00dp</dimen>
  <dimen name="sb_px_0">0.00sp</dimen>
  <dimen name="sb_px_1">0.42sp</dimen>
  <dimen name="sb_px_2">0.83sp</dimen>
  <dimen name="sb_px_3">1.25sp</dimen>
  <dimen name="sb_px_4">1.67sp</dimen>
  <dimen name="sb_px_5">2.08sp</dimen>
  <dimen name="sb_px_6">2.50sp</dimen>
  <dimen name="sb_px_7">2.92sp</dimen>
  <dimen name="sb_px_8">3.33sp</dimen>
  <dimen name="sb_px_9">3.75sp</dimen>
  <dimen name="sb_px_10">4.17sp</dimen>
  <dimen name="sb_px_11">4.58sp</dimen>
  <dimen name="sb_px_12">5.00sp</dimen>
  <dimen name="sb_px_13">5.42sp</dimen>
  <dimen name="sb_px_14">5.83sp</dimen>
  <dimen name="sb_px_15">6.25sp</dimen>
  <dimen name="sb_px_16">6.67sp</dimen>
  <dimen name="sb_px_17">7.08sp</dimen>
  <dimen name="sb_px_18">7.50sp</dimen>
  <dimen name="sb_px_19">7.92sp</dimen>
  <dimen name="sb_px_20">8.33sp</dimen>
  <dimen name="sb_px_21">8.75sp</dimen>
  <dimen name="sb_px_22">9.17sp</dimen>
  <dimen name="sb_px_23">9.58sp</dimen>
  <dimen name="sb_px_24">10.00sp</dimen>
  <dimen name="sb_px_25">10.42sp</dimen>
  <dimen name="sb_px_26">10.83sp</dimen>
  <dimen name="sb_px_27">11.25sp</dimen>
  <dimen name="sb_px_28">11.67sp</dimen>
  <dimen name="sb_px_29">12.08sp</dimen>
  <dimen name="sb_px_30">12.50sp</dimen>
  <dimen name="sb_px_31">12.92sp</dimen>
  <dimen name="sb_px_32">13.33sp</dimen>
  <dimen name="sb_px_33">13.75sp</dimen>
  <dimen name="sb_px_34">14.17sp</dimen>
  <dimen name="sb_px_35">14.58sp</dimen>
  <dimen name="sb_px_36">15.00sp</dimen>
  <dimen name="sb_px_37">15.42sp</dimen>
  <dimen name="sb_px_38">15.83sp</dimen>
  <dimen name="sb_px_39">16.25sp</dimen>
  <dimen name="sb_px_40">16.67sp</dimen>
  <dimen name="sb_px_41">17.08sp</dimen>
  <dimen name="sb_px_42">17.50sp</dimen>
  <dimen name="sb_px_43">17.92sp</dimen>
  <dimen name="sb_px_44">18.33sp</dimen>
  <dimen name="sb_px_45">18.75sp</dimen>
  <dimen name="sb_px_46">19.17sp</dimen>
  <dimen name="sb_px_47">19.58sp</dimen>
  <dimen name="sb_px_48">20.00sp</dimen>
  <dimen name="sb_px_49">20.42sp</dimen>
  <dimen name="sb_px_50">20.83sp</dimen>
  <dimen name="sb_px_51">21.25sp</dimen>
  <dimen name="sb_px_52">21.67sp</dimen>
  <dimen name="sb_px_53">22.08sp</dimen>
  <dimen name="sb_px_54">22.50sp</dimen>
  <dimen name="sb_px_55">22.92sp</dimen>
  <dimen name="sb_px_56">23.33sp</dimen>
  <dimen name="sb_px_57">23.75sp</dimen>
  <dimen name="sb_px_58">24.17sp</dimen>
  <dimen name="sb_px_59">24.58sp</dimen>
  <dimen name="sb_px_60">25.00sp</dimen>
  <dimen name="sb_px_61">25.42sp</dimen>
  <dimen name="sb_px_62">25.83sp</dimen>
  <dimen name="sb_px_63">26.25sp</dimen>
  <dimen name="sb_px_64">26.67sp</dimen>
  <dimen name="sb_px_65">27.08sp</dimen>
  <dimen name="sb_px_66">27.50sp</dimen>
  <dimen name="sb_px_67">27.92sp</dimen>
  <dimen name="sb_px_68">28.33sp</dimen>
  <dimen name="sb_px_69">28.75sp</dimen>
  <dimen name="sb_px_70">29.17sp</dimen>
  <dimen name="sb_px_71">29.58sp</dimen>
  <dimen name="sb_px_72">30.00sp</dimen>
  <dimen name="sb_px_73">30.42sp</dimen>
  <dimen name="sb_px_74">30.83sp</dimen>
  <dimen name="sb_px_75">31.25sp</dimen>
  <dimen name="sb_px_76">31.67sp</dimen>
  <dimen name="sb_px_77">32.08sp</dimen>
  <dimen name="sb_px_78">32.50sp</dimen>
  <dimen name="sb_px_79">32.92sp</dimen>
  <dimen name="sb_px_80">33.33sp</dimen>
  <dimen name="sb_px_81">33.75sp</dimen>
  <dimen name="sb_px_82">34.17sp</dimen>
  <dimen name="sb_px_83">34.58sp</dimen>
  <dimen name="sb_px_84">35.00sp</dimen>
  <dimen name="sb_px_85">35.42sp</dimen>
  <dimen name="sb_px_86">35.83sp</dimen>
  <dimen name="sb_px_87">36.25sp</dimen>
  <dimen name="sb_px_88">36.67sp</dimen>
  <dimen name="sb_px_89">37.08sp</dimen>
  <dimen name="sb_px_90">37.50sp</dimen>
  <dimen name="sb_px_91">37.92sp</dimen>
  <dimen name="sb_px_92">38.33sp</dimen>
  <dimen name="sb_px_93">38.75sp</dimen>
  <dimen name="sb_px_94">39.17sp</dimen>
  <dimen name="sb_px_95">39.58sp</dimen>
  <dimen name="sb_px_96">40.00sp</dimen>
  <dimen name="sb_px_97">40.42sp</dimen>
  <dimen name="sb_px_98">40.83sp</dimen>
  <dimen name="sb_px_99">41.25sp</dimen>
  <dimen name="sb_px_100">41.67sp</dimen>
</resources>
