<?xml version="1.0" encoding="utf-8"?>
<resources xmlns:tools="http://schemas.android.com/tools" tools:ignore="MissingDefaultResource">
  <dimen name="base_dpi">310dp</dimen>
  <dimen name="qb_px_0">0.00dp</dimen>
  <dimen name="qb_px_1">0.43dp</dimen>
  <dimen name="qb_px_2">0.86dp</dimen>
  <dimen name="qb_px_3">1.29dp</dimen>
  <dimen name="qb_px_4">1.72dp</dimen>
  <dimen name="qb_px_5">2.15dp</dimen>
  <dimen name="qb_px_6">2.58dp</dimen>
  <dimen name="qb_px_7">3.01dp</dimen>
  <dimen name="qb_px_8">3.44dp</dimen>
  <dimen name="qb_px_9">3.88dp</dimen>
  <dimen name="qb_px_10">4.31dp</dimen>
  <dimen name="qb_px_11">4.74dp</dimen>
  <dimen name="qb_px_12">5.17dp</dimen>
  <dimen name="qb_px_13">5.60dp</dimen>
  <dimen name="qb_px_14">6.03dp</dimen>
  <dimen name="qb_px_15">6.46dp</dimen>
  <dimen name="qb_px_16">6.89dp</dimen>
  <dimen name="qb_px_17">7.32dp</dimen>
  <dimen name="qb_px_18">7.75dp</dimen>
  <dimen name="qb_px_19">8.18dp</dimen>
  <dimen name="qb_px_20">8.61dp</dimen>
  <dimen name="qb_px_21">9.04dp</dimen>
  <dimen name="qb_px_22">9.47dp</dimen>
  <dimen name="qb_px_23">9.90dp</dimen>
  <dimen name="qb_px_24">10.33dp</dimen>
  <dimen name="qb_px_25">10.76dp</dimen>
  <dimen name="qb_px_26">11.19dp</dimen>
  <dimen name="qb_px_27">11.63dp</dimen>
  <dimen name="qb_px_28">12.06dp</dimen>
  <dimen name="qb_px_29">12.49dp</dimen>
  <dimen name="qb_px_30">12.92dp</dimen>
  <dimen name="qb_px_31">13.35dp</dimen>
  <dimen name="qb_px_32">13.78dp</dimen>
  <dimen name="qb_px_33">14.21dp</dimen>
  <dimen name="qb_px_34">14.64dp</dimen>
  <dimen name="qb_px_35">15.07dp</dimen>
  <dimen name="qb_px_36">15.50dp</dimen>
  <dimen name="qb_px_37">15.93dp</dimen>
  <dimen name="qb_px_38">16.36dp</dimen>
  <dimen name="qb_px_39">16.79dp</dimen>
  <dimen name="qb_px_40">17.22dp</dimen>
  <dimen name="qb_px_41">17.65dp</dimen>
  <dimen name="qb_px_42">18.08dp</dimen>
  <dimen name="qb_px_43">18.51dp</dimen>
  <dimen name="qb_px_44">18.94dp</dimen>
  <dimen name="qb_px_45">19.38dp</dimen>
  <dimen name="qb_px_46">19.81dp</dimen>
  <dimen name="qb_px_47">20.24dp</dimen>
  <dimen name="qb_px_48">20.67dp</dimen>
  <dimen name="qb_px_49">21.10dp</dimen>
  <dimen name="qb_px_50">21.53dp</dimen>
  <dimen name="qb_px_51">21.96dp</dimen>
  <dimen name="qb_px_52">22.39dp</dimen>
  <dimen name="qb_px_53">22.82dp</dimen>
  <dimen name="qb_px_54">23.25dp</dimen>
  <dimen name="qb_px_55">23.68dp</dimen>
  <dimen name="qb_px_56">24.11dp</dimen>
  <dimen name="qb_px_57">24.54dp</dimen>
  <dimen name="qb_px_58">24.97dp</dimen>
  <dimen name="qb_px_59">25.40dp</dimen>
  <dimen name="qb_px_60">25.83dp</dimen>
  <dimen name="qb_px_61">26.26dp</dimen>
  <dimen name="qb_px_62">26.69dp</dimen>
  <dimen name="qb_px_63">27.13dp</dimen>
  <dimen name="qb_px_64">27.56dp</dimen>
  <dimen name="qb_px_65">27.99dp</dimen>
  <dimen name="qb_px_66">28.42dp</dimen>
  <dimen name="qb_px_67">28.85dp</dimen>
  <dimen name="qb_px_68">29.28dp</dimen>
  <dimen name="qb_px_69">29.71dp</dimen>
  <dimen name="qb_px_70">30.14dp</dimen>
  <dimen name="qb_px_71">30.57dp</dimen>
  <dimen name="qb_px_72">31.00dp</dimen>
  <dimen name="qb_px_73">31.43dp</dimen>
  <dimen name="qb_px_74">31.86dp</dimen>
  <dimen name="qb_px_75">32.29dp</dimen>
  <dimen name="qb_px_76">32.72dp</dimen>
  <dimen name="qb_px_77">33.15dp</dimen>
  <dimen name="qb_px_78">33.58dp</dimen>
  <dimen name="qb_px_79">34.01dp</dimen>
  <dimen name="qb_px_80">34.44dp</dimen>
  <dimen name="qb_px_81">34.88dp</dimen>
  <dimen name="qb_px_82">35.31dp</dimen>
  <dimen name="qb_px_83">35.74dp</dimen>
  <dimen name="qb_px_84">36.17dp</dimen>
  <dimen name="qb_px_85">36.60dp</dimen>
  <dimen name="qb_px_86">37.03dp</dimen>
  <dimen name="qb_px_87">37.46dp</dimen>
  <dimen name="qb_px_88">37.89dp</dimen>
  <dimen name="qb_px_89">38.32dp</dimen>
  <dimen name="qb_px_90">38.75dp</dimen>
  <dimen name="qb_px_91">39.18dp</dimen>
  <dimen name="qb_px_92">39.61dp</dimen>
  <dimen name="qb_px_93">40.04dp</dimen>
  <dimen name="qb_px_94">40.47dp</dimen>
  <dimen name="qb_px_95">40.90dp</dimen>
  <dimen name="qb_px_96">41.33dp</dimen>
  <dimen name="qb_px_97">41.76dp</dimen>
  <dimen name="qb_px_98">42.19dp</dimen>
  <dimen name="qb_px_99">42.63dp</dimen>
  <dimen name="qb_px_100">43.06dp</dimen>
  <dimen name="qb_px_101">43.49dp</dimen>
  <dimen name="qb_px_102">43.92dp</dimen>
  <dimen name="qb_px_103">44.35dp</dimen>
  <dimen name="qb_px_104">44.78dp</dimen>
  <dimen name="qb_px_105">45.21dp</dimen>
  <dimen name="qb_px_106">45.64dp</dimen>
  <dimen name="qb_px_107">46.07dp</dimen>
  <dimen name="qb_px_108">46.50dp</dimen>
  <dimen name="qb_px_109">46.93dp</dimen>
  <dimen name="qb_px_110">47.36dp</dimen>
  <dimen name="qb_px_111">47.79dp</dimen>
  <dimen name="qb_px_112">48.22dp</dimen>
  <dimen name="qb_px_113">48.65dp</dimen>
  <dimen name="qb_px_114">49.08dp</dimen>
  <dimen name="qb_px_115">49.51dp</dimen>
  <dimen name="qb_px_116">49.94dp</dimen>
  <dimen name="qb_px_117">50.38dp</dimen>
  <dimen name="qb_px_118">50.81dp</dimen>
  <dimen name="qb_px_119">51.24dp</dimen>
  <dimen name="qb_px_120">51.67dp</dimen>
  <dimen name="qb_px_121">52.10dp</dimen>
  <dimen name="qb_px_122">52.53dp</dimen>
  <dimen name="qb_px_123">52.96dp</dimen>
  <dimen name="qb_px_124">53.39dp</dimen>
  <dimen name="qb_px_125">53.82dp</dimen>
  <dimen name="qb_px_126">54.25dp</dimen>
  <dimen name="qb_px_127">54.68dp</dimen>
  <dimen name="qb_px_128">55.11dp</dimen>
  <dimen name="qb_px_129">55.54dp</dimen>
  <dimen name="qb_px_130">55.97dp</dimen>
  <dimen name="qb_px_131">56.40dp</dimen>
  <dimen name="qb_px_132">56.83dp</dimen>
  <dimen name="qb_px_133">57.26dp</dimen>
  <dimen name="qb_px_134">57.69dp</dimen>
  <dimen name="qb_px_135">58.13dp</dimen>
  <dimen name="qb_px_136">58.56dp</dimen>
  <dimen name="qb_px_137">58.99dp</dimen>
  <dimen name="qb_px_138">59.42dp</dimen>
  <dimen name="qb_px_139">59.85dp</dimen>
  <dimen name="qb_px_140">60.28dp</dimen>
  <dimen name="qb_px_141">60.71dp</dimen>
  <dimen name="qb_px_142">61.14dp</dimen>
  <dimen name="qb_px_143">61.57dp</dimen>
  <dimen name="qb_px_144">62.00dp</dimen>
  <dimen name="qb_px_145">62.43dp</dimen>
  <dimen name="qb_px_146">62.86dp</dimen>
  <dimen name="qb_px_147">63.29dp</dimen>
  <dimen name="qb_px_148">63.72dp</dimen>
  <dimen name="qb_px_149">64.15dp</dimen>
  <dimen name="qb_px_150">64.58dp</dimen>
  <dimen name="qb_px_151">65.01dp</dimen>
  <dimen name="qb_px_152">65.44dp</dimen>
  <dimen name="qb_px_153">65.88dp</dimen>
  <dimen name="qb_px_154">66.31dp</dimen>
  <dimen name="qb_px_155">66.74dp</dimen>
  <dimen name="qb_px_156">67.17dp</dimen>
  <dimen name="qb_px_157">67.60dp</dimen>
  <dimen name="qb_px_158">68.03dp</dimen>
  <dimen name="qb_px_159">68.46dp</dimen>
  <dimen name="qb_px_160">68.89dp</dimen>
  <dimen name="qb_px_161">69.32dp</dimen>
  <dimen name="qb_px_162">69.75dp</dimen>
  <dimen name="qb_px_163">70.18dp</dimen>
  <dimen name="qb_px_164">70.61dp</dimen>
  <dimen name="qb_px_165">71.04dp</dimen>
  <dimen name="qb_px_166">71.47dp</dimen>
  <dimen name="qb_px_167">71.90dp</dimen>
  <dimen name="qb_px_168">72.33dp</dimen>
  <dimen name="qb_px_169">72.76dp</dimen>
  <dimen name="qb_px_170">73.19dp</dimen>
  <dimen name="qb_px_171">73.63dp</dimen>
  <dimen name="qb_px_172">74.06dp</dimen>
  <dimen name="qb_px_173">74.49dp</dimen>
  <dimen name="qb_px_174">74.92dp</dimen>
  <dimen name="qb_px_175">75.35dp</dimen>
  <dimen name="qb_px_176">75.78dp</dimen>
  <dimen name="qb_px_177">76.21dp</dimen>
  <dimen name="qb_px_178">76.64dp</dimen>
  <dimen name="qb_px_179">77.07dp</dimen>
  <dimen name="qb_px_180">77.50dp</dimen>
  <dimen name="qb_px_181">77.93dp</dimen>
  <dimen name="qb_px_182">78.36dp</dimen>
  <dimen name="qb_px_183">78.79dp</dimen>
  <dimen name="qb_px_184">79.22dp</dimen>
  <dimen name="qb_px_185">79.65dp</dimen>
  <dimen name="qb_px_186">80.08dp</dimen>
  <dimen name="qb_px_187">80.51dp</dimen>
  <dimen name="qb_px_188">80.94dp</dimen>
  <dimen name="qb_px_189">81.38dp</dimen>
  <dimen name="qb_px_190">81.81dp</dimen>
  <dimen name="qb_px_191">82.24dp</dimen>
  <dimen name="qb_px_192">82.67dp</dimen>
  <dimen name="qb_px_193">83.10dp</dimen>
  <dimen name="qb_px_194">83.53dp</dimen>
  <dimen name="qb_px_195">83.96dp</dimen>
  <dimen name="qb_px_196">84.39dp</dimen>
  <dimen name="qb_px_197">84.82dp</dimen>
  <dimen name="qb_px_198">85.25dp</dimen>
  <dimen name="qb_px_199">85.68dp</dimen>
  <dimen name="qb_px_200">86.11dp</dimen>
  <dimen name="qb_px_201">86.54dp</dimen>
  <dimen name="qb_px_202">86.97dp</dimen>
  <dimen name="qb_px_203">87.40dp</dimen>
  <dimen name="qb_px_204">87.83dp</dimen>
  <dimen name="qb_px_205">88.26dp</dimen>
  <dimen name="qb_px_206">88.69dp</dimen>
  <dimen name="qb_px_207">89.13dp</dimen>
  <dimen name="qb_px_208">89.56dp</dimen>
  <dimen name="qb_px_209">89.99dp</dimen>
  <dimen name="qb_px_210">90.42dp</dimen>
  <dimen name="qb_px_211">90.85dp</dimen>
  <dimen name="qb_px_212">91.28dp</dimen>
  <dimen name="qb_px_213">91.71dp</dimen>
  <dimen name="qb_px_214">92.14dp</dimen>
  <dimen name="qb_px_215">92.57dp</dimen>
  <dimen name="qb_px_216">93.00dp</dimen>
  <dimen name="qb_px_217">93.43dp</dimen>
  <dimen name="qb_px_218">93.86dp</dimen>
  <dimen name="qb_px_219">94.29dp</dimen>
  <dimen name="qb_px_220">94.72dp</dimen>
  <dimen name="qb_px_221">95.15dp</dimen>
  <dimen name="qb_px_222">95.58dp</dimen>
  <dimen name="qb_px_223">96.01dp</dimen>
  <dimen name="qb_px_224">96.44dp</dimen>
  <dimen name="qb_px_225">96.88dp</dimen>
  <dimen name="qb_px_226">97.31dp</dimen>
  <dimen name="qb_px_227">97.74dp</dimen>
  <dimen name="qb_px_228">98.17dp</dimen>
  <dimen name="qb_px_229">98.60dp</dimen>
  <dimen name="qb_px_230">99.03dp</dimen>
  <dimen name="qb_px_231">99.46dp</dimen>
  <dimen name="qb_px_232">99.89dp</dimen>
  <dimen name="qb_px_233">100.32dp</dimen>
  <dimen name="qb_px_234">100.75dp</dimen>
  <dimen name="qb_px_235">101.18dp</dimen>
  <dimen name="qb_px_236">101.61dp</dimen>
  <dimen name="qb_px_237">102.04dp</dimen>
  <dimen name="qb_px_238">102.47dp</dimen>
  <dimen name="qb_px_239">102.90dp</dimen>
  <dimen name="qb_px_240">103.33dp</dimen>
  <dimen name="qb_px_241">103.76dp</dimen>
  <dimen name="qb_px_242">104.19dp</dimen>
  <dimen name="qb_px_243">104.63dp</dimen>
  <dimen name="qb_px_244">105.06dp</dimen>
  <dimen name="qb_px_245">105.49dp</dimen>
  <dimen name="qb_px_246">105.92dp</dimen>
  <dimen name="qb_px_247">106.35dp</dimen>
  <dimen name="qb_px_248">106.78dp</dimen>
  <dimen name="qb_px_249">107.21dp</dimen>
  <dimen name="qb_px_250">107.64dp</dimen>
  <dimen name="qb_px_251">108.07dp</dimen>
  <dimen name="qb_px_252">108.50dp</dimen>
  <dimen name="qb_px_253">108.93dp</dimen>
  <dimen name="qb_px_254">109.36dp</dimen>
  <dimen name="qb_px_255">109.79dp</dimen>
  <dimen name="qb_px_256">110.22dp</dimen>
  <dimen name="qb_px_257">110.65dp</dimen>
  <dimen name="qb_px_258">111.08dp</dimen>
  <dimen name="qb_px_259">111.51dp</dimen>
  <dimen name="qb_px_260">111.94dp</dimen>
  <dimen name="qb_px_261">112.38dp</dimen>
  <dimen name="qb_px_262">112.81dp</dimen>
  <dimen name="qb_px_263">113.24dp</dimen>
  <dimen name="qb_px_264">113.67dp</dimen>
  <dimen name="qb_px_265">114.10dp</dimen>
  <dimen name="qb_px_266">114.53dp</dimen>
  <dimen name="qb_px_267">114.96dp</dimen>
  <dimen name="qb_px_268">115.39dp</dimen>
  <dimen name="qb_px_269">115.82dp</dimen>
  <dimen name="qb_px_270">116.25dp</dimen>
  <dimen name="qb_px_271">116.68dp</dimen>
  <dimen name="qb_px_272">117.11dp</dimen>
  <dimen name="qb_px_273">117.54dp</dimen>
  <dimen name="qb_px_274">117.97dp</dimen>
  <dimen name="qb_px_275">118.40dp</dimen>
  <dimen name="qb_px_276">118.83dp</dimen>
  <dimen name="qb_px_277">119.26dp</dimen>
  <dimen name="qb_px_278">119.69dp</dimen>
  <dimen name="qb_px_279">120.13dp</dimen>
  <dimen name="qb_px_280">120.56dp</dimen>
  <dimen name="qb_px_281">120.99dp</dimen>
  <dimen name="qb_px_282">121.42dp</dimen>
  <dimen name="qb_px_283">121.85dp</dimen>
  <dimen name="qb_px_284">122.28dp</dimen>
  <dimen name="qb_px_285">122.71dp</dimen>
  <dimen name="qb_px_286">123.14dp</dimen>
  <dimen name="qb_px_287">123.57dp</dimen>
  <dimen name="qb_px_288">124.00dp</dimen>
  <dimen name="qb_px_289">124.43dp</dimen>
  <dimen name="qb_px_290">124.86dp</dimen>
  <dimen name="qb_px_291">125.29dp</dimen>
  <dimen name="qb_px_292">125.72dp</dimen>
  <dimen name="qb_px_293">126.15dp</dimen>
  <dimen name="qb_px_294">126.58dp</dimen>
  <dimen name="qb_px_295">127.01dp</dimen>
  <dimen name="qb_px_296">127.44dp</dimen>
  <dimen name="qb_px_297">127.88dp</dimen>
  <dimen name="qb_px_298">128.31dp</dimen>
  <dimen name="qb_px_299">128.74dp</dimen>
  <dimen name="qb_px_300">129.17dp</dimen>
  <dimen name="qb_px_301">129.60dp</dimen>
  <dimen name="qb_px_302">130.03dp</dimen>
  <dimen name="qb_px_303">130.46dp</dimen>
  <dimen name="qb_px_304">130.89dp</dimen>
  <dimen name="qb_px_305">131.32dp</dimen>
  <dimen name="qb_px_306">131.75dp</dimen>
  <dimen name="qb_px_307">132.18dp</dimen>
  <dimen name="qb_px_308">132.61dp</dimen>
  <dimen name="qb_px_309">133.04dp</dimen>
  <dimen name="qb_px_310">133.47dp</dimen>
  <dimen name="qb_px_311">133.90dp</dimen>
  <dimen name="qb_px_312">134.33dp</dimen>
  <dimen name="qb_px_313">134.76dp</dimen>
  <dimen name="qb_px_314">135.19dp</dimen>
  <dimen name="qb_px_315">135.63dp</dimen>
  <dimen name="qb_px_316">136.06dp</dimen>
  <dimen name="qb_px_317">136.49dp</dimen>
  <dimen name="qb_px_318">136.92dp</dimen>
  <dimen name="qb_px_319">137.35dp</dimen>
  <dimen name="qb_px_320">137.78dp</dimen>
  <dimen name="qb_px_321">138.21dp</dimen>
  <dimen name="qb_px_322">138.64dp</dimen>
  <dimen name="qb_px_323">139.07dp</dimen>
  <dimen name="qb_px_324">139.50dp</dimen>
  <dimen name="qb_px_325">139.93dp</dimen>
  <dimen name="qb_px_326">140.36dp</dimen>
  <dimen name="qb_px_327">140.79dp</dimen>
  <dimen name="qb_px_328">141.22dp</dimen>
  <dimen name="qb_px_329">141.65dp</dimen>
  <dimen name="qb_px_330">142.08dp</dimen>
  <dimen name="qb_px_331">142.51dp</dimen>
  <dimen name="qb_px_332">142.94dp</dimen>
  <dimen name="qb_px_333">143.38dp</dimen>
  <dimen name="qb_px_334">143.81dp</dimen>
  <dimen name="qb_px_335">144.24dp</dimen>
  <dimen name="qb_px_336">144.67dp</dimen>
  <dimen name="qb_px_337">145.10dp</dimen>
  <dimen name="qb_px_338">145.53dp</dimen>
  <dimen name="qb_px_339">145.96dp</dimen>
  <dimen name="qb_px_340">146.39dp</dimen>
  <dimen name="qb_px_341">146.82dp</dimen>
  <dimen name="qb_px_342">147.25dp</dimen>
  <dimen name="qb_px_343">147.68dp</dimen>
  <dimen name="qb_px_344">148.11dp</dimen>
  <dimen name="qb_px_345">148.54dp</dimen>
  <dimen name="qb_px_346">148.97dp</dimen>
  <dimen name="qb_px_347">149.40dp</dimen>
  <dimen name="qb_px_348">149.83dp</dimen>
  <dimen name="qb_px_349">150.26dp</dimen>
  <dimen name="qb_px_350">150.69dp</dimen>
  <dimen name="qb_px_351">151.13dp</dimen>
  <dimen name="qb_px_352">151.56dp</dimen>
  <dimen name="qb_px_353">151.99dp</dimen>
  <dimen name="qb_px_354">152.42dp</dimen>
  <dimen name="qb_px_355">152.85dp</dimen>
  <dimen name="qb_px_356">153.28dp</dimen>
  <dimen name="qb_px_357">153.71dp</dimen>
  <dimen name="qb_px_358">154.14dp</dimen>
  <dimen name="qb_px_359">154.57dp</dimen>
  <dimen name="qb_px_360">155.00dp</dimen>
  <dimen name="qb_px_361">155.43dp</dimen>
  <dimen name="qb_px_362">155.86dp</dimen>
  <dimen name="qb_px_363">156.29dp</dimen>
  <dimen name="qb_px_364">156.72dp</dimen>
  <dimen name="qb_px_365">157.15dp</dimen>
  <dimen name="qb_px_366">157.58dp</dimen>
  <dimen name="qb_px_367">158.01dp</dimen>
  <dimen name="qb_px_368">158.44dp</dimen>
  <dimen name="qb_px_369">158.88dp</dimen>
  <dimen name="qb_px_370">159.31dp</dimen>
  <dimen name="qb_px_371">159.74dp</dimen>
  <dimen name="qb_px_372">160.17dp</dimen>
  <dimen name="qb_px_373">160.60dp</dimen>
  <dimen name="qb_px_374">161.03dp</dimen>
  <dimen name="qb_px_375">161.46dp</dimen>
  <dimen name="qb_px_376">161.89dp</dimen>
  <dimen name="qb_px_377">162.32dp</dimen>
  <dimen name="qb_px_378">162.75dp</dimen>
  <dimen name="qb_px_379">163.18dp</dimen>
  <dimen name="qb_px_380">163.61dp</dimen>
  <dimen name="qb_px_381">164.04dp</dimen>
  <dimen name="qb_px_382">164.47dp</dimen>
  <dimen name="qb_px_383">164.90dp</dimen>
  <dimen name="qb_px_384">165.33dp</dimen>
  <dimen name="qb_px_385">165.76dp</dimen>
  <dimen name="qb_px_386">166.19dp</dimen>
  <dimen name="qb_px_387">166.63dp</dimen>
  <dimen name="qb_px_388">167.06dp</dimen>
  <dimen name="qb_px_389">167.49dp</dimen>
  <dimen name="qb_px_390">167.92dp</dimen>
  <dimen name="qb_px_391">168.35dp</dimen>
  <dimen name="qb_px_392">168.78dp</dimen>
  <dimen name="qb_px_393">169.21dp</dimen>
  <dimen name="qb_px_394">169.64dp</dimen>
  <dimen name="qb_px_395">170.07dp</dimen>
  <dimen name="qb_px_396">170.50dp</dimen>
  <dimen name="qb_px_397">170.93dp</dimen>
  <dimen name="qb_px_398">171.36dp</dimen>
  <dimen name="qb_px_399">171.79dp</dimen>
  <dimen name="qb_px_400">172.22dp</dimen>
  <dimen name="qb_px_401">172.65dp</dimen>
  <dimen name="qb_px_402">173.08dp</dimen>
  <dimen name="qb_px_403">173.51dp</dimen>
  <dimen name="qb_px_404">173.94dp</dimen>
  <dimen name="qb_px_405">174.38dp</dimen>
  <dimen name="qb_px_406">174.81dp</dimen>
  <dimen name="qb_px_407">175.24dp</dimen>
  <dimen name="qb_px_408">175.67dp</dimen>
  <dimen name="qb_px_409">176.10dp</dimen>
  <dimen name="qb_px_410">176.53dp</dimen>
  <dimen name="qb_px_411">176.96dp</dimen>
  <dimen name="qb_px_412">177.39dp</dimen>
  <dimen name="qb_px_413">177.82dp</dimen>
  <dimen name="qb_px_414">178.25dp</dimen>
  <dimen name="qb_px_415">178.68dp</dimen>
  <dimen name="qb_px_416">179.11dp</dimen>
  <dimen name="qb_px_417">179.54dp</dimen>
  <dimen name="qb_px_418">179.97dp</dimen>
  <dimen name="qb_px_419">180.40dp</dimen>
  <dimen name="qb_px_420">180.83dp</dimen>
  <dimen name="qb_px_421">181.26dp</dimen>
  <dimen name="qb_px_422">181.69dp</dimen>
  <dimen name="qb_px_423">182.13dp</dimen>
  <dimen name="qb_px_424">182.56dp</dimen>
  <dimen name="qb_px_425">182.99dp</dimen>
  <dimen name="qb_px_426">183.42dp</dimen>
  <dimen name="qb_px_427">183.85dp</dimen>
  <dimen name="qb_px_428">184.28dp</dimen>
  <dimen name="qb_px_429">184.71dp</dimen>
  <dimen name="qb_px_430">185.14dp</dimen>
  <dimen name="qb_px_431">185.57dp</dimen>
  <dimen name="qb_px_432">186.00dp</dimen>
  <dimen name="qb_px_433">186.43dp</dimen>
  <dimen name="qb_px_434">186.86dp</dimen>
  <dimen name="qb_px_435">187.29dp</dimen>
  <dimen name="qb_px_436">187.72dp</dimen>
  <dimen name="qb_px_437">188.15dp</dimen>
  <dimen name="qb_px_438">188.58dp</dimen>
  <dimen name="qb_px_439">189.01dp</dimen>
  <dimen name="qb_px_440">189.44dp</dimen>
  <dimen name="qb_px_441">189.88dp</dimen>
  <dimen name="qb_px_442">190.31dp</dimen>
  <dimen name="qb_px_443">190.74dp</dimen>
  <dimen name="qb_px_444">191.17dp</dimen>
  <dimen name="qb_px_445">191.60dp</dimen>
  <dimen name="qb_px_446">192.03dp</dimen>
  <dimen name="qb_px_447">192.46dp</dimen>
  <dimen name="qb_px_448">192.89dp</dimen>
  <dimen name="qb_px_449">193.32dp</dimen>
  <dimen name="qb_px_450">193.75dp</dimen>
  <dimen name="qb_px_451">194.18dp</dimen>
  <dimen name="qb_px_452">194.61dp</dimen>
  <dimen name="qb_px_453">195.04dp</dimen>
  <dimen name="qb_px_454">195.47dp</dimen>
  <dimen name="qb_px_455">195.90dp</dimen>
  <dimen name="qb_px_456">196.33dp</dimen>
  <dimen name="qb_px_457">196.76dp</dimen>
  <dimen name="qb_px_458">197.19dp</dimen>
  <dimen name="qb_px_459">197.63dp</dimen>
  <dimen name="qb_px_460">198.06dp</dimen>
  <dimen name="qb_px_461">198.49dp</dimen>
  <dimen name="qb_px_462">198.92dp</dimen>
  <dimen name="qb_px_463">199.35dp</dimen>
  <dimen name="qb_px_464">199.78dp</dimen>
  <dimen name="qb_px_465">200.21dp</dimen>
  <dimen name="qb_px_466">200.64dp</dimen>
  <dimen name="qb_px_467">201.07dp</dimen>
  <dimen name="qb_px_468">201.50dp</dimen>
  <dimen name="qb_px_469">201.93dp</dimen>
  <dimen name="qb_px_470">202.36dp</dimen>
  <dimen name="qb_px_471">202.79dp</dimen>
  <dimen name="qb_px_472">203.22dp</dimen>
  <dimen name="qb_px_473">203.65dp</dimen>
  <dimen name="qb_px_474">204.08dp</dimen>
  <dimen name="qb_px_475">204.51dp</dimen>
  <dimen name="qb_px_476">204.94dp</dimen>
  <dimen name="qb_px_477">205.38dp</dimen>
  <dimen name="qb_px_478">205.81dp</dimen>
  <dimen name="qb_px_479">206.24dp</dimen>
  <dimen name="qb_px_480">206.67dp</dimen>
  <dimen name="qb_px_481">207.10dp</dimen>
  <dimen name="qb_px_482">207.53dp</dimen>
  <dimen name="qb_px_483">207.96dp</dimen>
  <dimen name="qb_px_484">208.39dp</dimen>
  <dimen name="qb_px_485">208.82dp</dimen>
  <dimen name="qb_px_486">209.25dp</dimen>
  <dimen name="qb_px_487">209.68dp</dimen>
  <dimen name="qb_px_488">210.11dp</dimen>
  <dimen name="qb_px_489">210.54dp</dimen>
  <dimen name="qb_px_490">210.97dp</dimen>
  <dimen name="qb_px_491">211.40dp</dimen>
  <dimen name="qb_px_492">211.83dp</dimen>
  <dimen name="qb_px_493">212.26dp</dimen>
  <dimen name="qb_px_494">212.69dp</dimen>
  <dimen name="qb_px_495">213.13dp</dimen>
  <dimen name="qb_px_496">213.56dp</dimen>
  <dimen name="qb_px_497">213.99dp</dimen>
  <dimen name="qb_px_498">214.42dp</dimen>
  <dimen name="qb_px_499">214.85dp</dimen>
  <dimen name="qb_px_500">215.28dp</dimen>
  <dimen name="qb_px_501">215.71dp</dimen>
  <dimen name="qb_px_502">216.14dp</dimen>
  <dimen name="qb_px_503">216.57dp</dimen>
  <dimen name="qb_px_504">217.00dp</dimen>
  <dimen name="qb_px_505">217.43dp</dimen>
  <dimen name="qb_px_506">217.86dp</dimen>
  <dimen name="qb_px_507">218.29dp</dimen>
  <dimen name="qb_px_508">218.72dp</dimen>
  <dimen name="qb_px_509">219.15dp</dimen>
  <dimen name="qb_px_510">219.58dp</dimen>
  <dimen name="qb_px_511">220.01dp</dimen>
  <dimen name="qb_px_512">220.44dp</dimen>
  <dimen name="qb_px_513">220.88dp</dimen>
  <dimen name="qb_px_514">221.31dp</dimen>
  <dimen name="qb_px_515">221.74dp</dimen>
  <dimen name="qb_px_516">222.17dp</dimen>
  <dimen name="qb_px_517">222.60dp</dimen>
  <dimen name="qb_px_518">223.03dp</dimen>
  <dimen name="qb_px_519">223.46dp</dimen>
  <dimen name="qb_px_520">223.89dp</dimen>
  <dimen name="qb_px_521">224.32dp</dimen>
  <dimen name="qb_px_522">224.75dp</dimen>
  <dimen name="qb_px_523">225.18dp</dimen>
  <dimen name="qb_px_524">225.61dp</dimen>
  <dimen name="qb_px_525">226.04dp</dimen>
  <dimen name="qb_px_526">226.47dp</dimen>
  <dimen name="qb_px_527">226.90dp</dimen>
  <dimen name="qb_px_528">227.33dp</dimen>
  <dimen name="qb_px_529">227.76dp</dimen>
  <dimen name="qb_px_530">228.19dp</dimen>
  <dimen name="qb_px_531">228.63dp</dimen>
  <dimen name="qb_px_532">229.06dp</dimen>
  <dimen name="qb_px_533">229.49dp</dimen>
  <dimen name="qb_px_534">229.92dp</dimen>
  <dimen name="qb_px_535">230.35dp</dimen>
  <dimen name="qb_px_536">230.78dp</dimen>
  <dimen name="qb_px_537">231.21dp</dimen>
  <dimen name="qb_px_538">231.64dp</dimen>
  <dimen name="qb_px_539">232.07dp</dimen>
  <dimen name="qb_px_540">232.50dp</dimen>
  <dimen name="qb_px_541">232.93dp</dimen>
  <dimen name="qb_px_542">233.36dp</dimen>
  <dimen name="qb_px_543">233.79dp</dimen>
  <dimen name="qb_px_544">234.22dp</dimen>
  <dimen name="qb_px_545">234.65dp</dimen>
  <dimen name="qb_px_546">235.08dp</dimen>
  <dimen name="qb_px_547">235.51dp</dimen>
  <dimen name="qb_px_548">235.94dp</dimen>
  <dimen name="qb_px_549">236.38dp</dimen>
  <dimen name="qb_px_550">236.81dp</dimen>
  <dimen name="qb_px_551">237.24dp</dimen>
  <dimen name="qb_px_552">237.67dp</dimen>
  <dimen name="qb_px_553">238.10dp</dimen>
  <dimen name="qb_px_554">238.53dp</dimen>
  <dimen name="qb_px_555">238.96dp</dimen>
  <dimen name="qb_px_556">239.39dp</dimen>
  <dimen name="qb_px_557">239.82dp</dimen>
  <dimen name="qb_px_558">240.25dp</dimen>
  <dimen name="qb_px_559">240.68dp</dimen>
  <dimen name="qb_px_560">241.11dp</dimen>
  <dimen name="qb_px_561">241.54dp</dimen>
  <dimen name="qb_px_562">241.97dp</dimen>
  <dimen name="qb_px_563">242.40dp</dimen>
  <dimen name="qb_px_564">242.83dp</dimen>
  <dimen name="qb_px_565">243.26dp</dimen>
  <dimen name="qb_px_566">243.69dp</dimen>
  <dimen name="qb_px_567">244.13dp</dimen>
  <dimen name="qb_px_568">244.56dp</dimen>
  <dimen name="qb_px_569">244.99dp</dimen>
  <dimen name="qb_px_570">245.42dp</dimen>
  <dimen name="qb_px_571">245.85dp</dimen>
  <dimen name="qb_px_572">246.28dp</dimen>
  <dimen name="qb_px_573">246.71dp</dimen>
  <dimen name="qb_px_574">247.14dp</dimen>
  <dimen name="qb_px_575">247.57dp</dimen>
  <dimen name="qb_px_576">248.00dp</dimen>
  <dimen name="qb_px_577">248.43dp</dimen>
  <dimen name="qb_px_578">248.86dp</dimen>
  <dimen name="qb_px_579">249.29dp</dimen>
  <dimen name="qb_px_580">249.72dp</dimen>
  <dimen name="qb_px_581">250.15dp</dimen>
  <dimen name="qb_px_582">250.58dp</dimen>
  <dimen name="qb_px_583">251.01dp</dimen>
  <dimen name="qb_px_584">251.44dp</dimen>
  <dimen name="qb_px_585">251.88dp</dimen>
  <dimen name="qb_px_586">252.31dp</dimen>
  <dimen name="qb_px_587">252.74dp</dimen>
  <dimen name="qb_px_588">253.17dp</dimen>
  <dimen name="qb_px_589">253.60dp</dimen>
  <dimen name="qb_px_590">254.03dp</dimen>
  <dimen name="qb_px_591">254.46dp</dimen>
  <dimen name="qb_px_592">254.89dp</dimen>
  <dimen name="qb_px_593">255.32dp</dimen>
  <dimen name="qb_px_594">255.75dp</dimen>
  <dimen name="qb_px_595">256.18dp</dimen>
  <dimen name="qb_px_596">256.61dp</dimen>
  <dimen name="qb_px_597">257.04dp</dimen>
  <dimen name="qb_px_598">257.47dp</dimen>
  <dimen name="qb_px_599">257.90dp</dimen>
  <dimen name="qb_px_600">258.33dp</dimen>
  <dimen name="qb_px_1200">516.66dp</dimen>
  <dimen name="qb_px_601">258.76dp</dimen>
  <dimen name="qb_px_602">259.19dp</dimen>
  <dimen name="qb_px_603">259.63dp</dimen>
  <dimen name="qb_px_604">260.06dp</dimen>
  <dimen name="qb_px_605">260.49dp</dimen>
  <dimen name="qb_px_606">260.92dp</dimen>
  <dimen name="qb_px_607">261.35dp</dimen>
  <dimen name="qb_px_608">261.78dp</dimen>
  <dimen name="qb_px_609">262.21dp</dimen>
  <dimen name="qb_px_610">262.64dp</dimen>
  <dimen name="qb_px_611">263.07dp</dimen>
  <dimen name="qb_px_612">263.50dp</dimen>
  <dimen name="qb_px_613">263.93dp</dimen>
  <dimen name="qb_px_614">264.36dp</dimen>
  <dimen name="qb_px_615">264.79dp</dimen>
  <dimen name="qb_px_616">265.22dp</dimen>
  <dimen name="qb_px_617">265.65dp</dimen>
  <dimen name="qb_px_618">266.08dp</dimen>
  <dimen name="qb_px_619">266.51dp</dimen>
  <dimen name="qb_px_620">266.94dp</dimen>
  <dimen name="qb_px_621">267.38dp</dimen>
  <dimen name="qb_px_622">267.81dp</dimen>
  <dimen name="qb_px_623">268.24dp</dimen>
  <dimen name="qb_px_624">268.67dp</dimen>
  <dimen name="qb_px_625">269.10dp</dimen>
  <dimen name="qb_px_626">269.53dp</dimen>
  <dimen name="qb_px_627">269.96dp</dimen>
  <dimen name="qb_px_628">270.39dp</dimen>
  <dimen name="qb_px_629">270.82dp</dimen>
  <dimen name="qb_px_630">271.25dp</dimen>
  <dimen name="qb_px_631">271.68dp</dimen>
  <dimen name="qb_px_632">272.11dp</dimen>
  <dimen name="qb_px_633">272.54dp</dimen>
  <dimen name="qb_px_634">272.97dp</dimen>
  <dimen name="qb_px_635">273.40dp</dimen>
  <dimen name="qb_px_636">273.83dp</dimen>
  <dimen name="qb_px_637">274.26dp</dimen>
  <dimen name="qb_px_638">274.69dp</dimen>
  <dimen name="qb_px_639">275.13dp</dimen>
  <dimen name="qb_px_640">275.56dp</dimen>
  <dimen name="qb_px_641">275.99dp</dimen>
  <dimen name="qb_px_642">276.42dp</dimen>
  <dimen name="qb_px_643">276.85dp</dimen>
  <dimen name="qb_px_644">277.28dp</dimen>
  <dimen name="qb_px_645">277.71dp</dimen>
  <dimen name="qb_px_646">278.14dp</dimen>
  <dimen name="qb_px_647">278.57dp</dimen>
  <dimen name="qb_px_648">279.00dp</dimen>
  <dimen name="qb_px_649">279.43dp</dimen>
  <dimen name="qb_px_650">279.86dp</dimen>
  <dimen name="qb_px_651">280.29dp</dimen>
  <dimen name="qb_px_652">280.72dp</dimen>
  <dimen name="qb_px_653">281.15dp</dimen>
  <dimen name="qb_px_654">281.58dp</dimen>
  <dimen name="qb_px_655">282.01dp</dimen>
  <dimen name="qb_px_656">282.44dp</dimen>
  <dimen name="qb_px_657">282.88dp</dimen>
  <dimen name="qb_px_658">283.31dp</dimen>
  <dimen name="qb_px_659">283.74dp</dimen>
  <dimen name="qb_px_660">284.17dp</dimen>
  <dimen name="qb_px_661">284.60dp</dimen>
  <dimen name="qb_px_662">285.03dp</dimen>
  <dimen name="qb_px_663">285.46dp</dimen>
  <dimen name="qb_px_664">285.89dp</dimen>
  <dimen name="qb_px_665">286.32dp</dimen>
  <dimen name="qb_px_666">286.75dp</dimen>
  <dimen name="qb_px_667">287.18dp</dimen>
  <dimen name="qb_px_668">287.61dp</dimen>
  <dimen name="qb_px_669">288.04dp</dimen>
  <dimen name="qb_px_670">288.47dp</dimen>
  <dimen name="qb_px_671">288.90dp</dimen>
  <dimen name="qb_px_672">289.33dp</dimen>
  <dimen name="qb_px_673">289.76dp</dimen>
  <dimen name="qb_px_674">290.19dp</dimen>
  <dimen name="qb_px_675">290.63dp</dimen>
  <dimen name="qb_px_676">291.06dp</dimen>
  <dimen name="qb_px_677">291.49dp</dimen>
  <dimen name="qb_px_678">291.92dp</dimen>
  <dimen name="qb_px_679">292.35dp</dimen>
  <dimen name="qb_px_680">292.78dp</dimen>
  <dimen name="qb_px_681">293.21dp</dimen>
  <dimen name="qb_px_682">293.64dp</dimen>
  <dimen name="qb_px_683">294.07dp</dimen>
  <dimen name="qb_px_684">294.50dp</dimen>
  <dimen name="qb_px_685">294.93dp</dimen>
  <dimen name="qb_px_686">295.36dp</dimen>
  <dimen name="qb_px_687">295.79dp</dimen>
  <dimen name="qb_px_688">296.22dp</dimen>
  <dimen name="qb_px_689">296.65dp</dimen>
  <dimen name="qb_px_690">297.08dp</dimen>
  <dimen name="qb_px_691">297.51dp</dimen>
  <dimen name="qb_px_692">297.94dp</dimen>
  <dimen name="qb_px_693">298.38dp</dimen>
  <dimen name="qb_px_694">298.81dp</dimen>
  <dimen name="qb_px_695">299.24dp</dimen>
  <dimen name="qb_px_696">299.67dp</dimen>
  <dimen name="qb_px_697">300.10dp</dimen>
  <dimen name="qb_px_698">300.53dp</dimen>
  <dimen name="qb_px_699">300.96dp</dimen>
  <dimen name="qb_px_700">301.39dp</dimen>
  <dimen name="qb_px_701">301.82dp</dimen>
  <dimen name="qb_px_702">302.25dp</dimen>
  <dimen name="qb_px_703">302.68dp</dimen>
  <dimen name="qb_px_704">303.11dp</dimen>
  <dimen name="qb_px_705">303.54dp</dimen>
  <dimen name="qb_px_706">303.97dp</dimen>
  <dimen name="qb_px_707">304.40dp</dimen>
  <dimen name="qb_px_708">304.83dp</dimen>
  <dimen name="qb_px_709">305.26dp</dimen>
  <dimen name="qb_px_710">305.69dp</dimen>
  <dimen name="qb_px_711">306.13dp</dimen>
  <dimen name="qb_px_712">306.56dp</dimen>
  <dimen name="qb_px_713">306.99dp</dimen>
  <dimen name="qb_px_714">307.42dp</dimen>
  <dimen name="qb_px_715">307.85dp</dimen>
  <dimen name="qb_px_716">308.28dp</dimen>
  <dimen name="qb_px_717">308.71dp</dimen>
  <dimen name="qb_px_718">309.14dp</dimen>
  <dimen name="qb_px_719">309.57dp</dimen>
  <dimen name="qb_px_720">310.00dp</dimen>
  <dimen name="qb_px_1440">620.00dp</dimen>
  <dimen name="qb_px_721">310.43dp</dimen>
  <dimen name="qb_px_722">310.86dp</dimen>
  <dimen name="qb_px_723">311.29dp</dimen>
  <dimen name="qb_px_724">311.72dp</dimen>
  <dimen name="qb_px_725">312.15dp</dimen>
  <dimen name="qb_px_726">312.58dp</dimen>
  <dimen name="qb_px_727">313.01dp</dimen>
  <dimen name="qb_px_728">313.44dp</dimen>
  <dimen name="qb_px_729">313.88dp</dimen>
  <dimen name="qb_px_730">314.31dp</dimen>
  <dimen name="qb_px_731">314.74dp</dimen>
  <dimen name="qb_px_732">315.17dp</dimen>
  <dimen name="qb_px_733">315.60dp</dimen>
  <dimen name="qb_px_734">316.03dp</dimen>
  <dimen name="qb_px_735">316.46dp</dimen>
  <dimen name="qb_px_736">316.89dp</dimen>
  <dimen name="qb_px_737">317.32dp</dimen>
  <dimen name="qb_px_738">317.75dp</dimen>
  <dimen name="qb_px_739">318.18dp</dimen>
  <dimen name="qb_px_740">318.61dp</dimen>
  <dimen name="qb_px_741">319.04dp</dimen>
  <dimen name="qb_px_742">319.47dp</dimen>
  <dimen name="qb_px_743">319.90dp</dimen>
  <dimen name="qb_px_744">320.33dp</dimen>
  <dimen name="qb_px_745">320.76dp</dimen>
  <dimen name="qb_px_746">321.19dp</dimen>
  <dimen name="qb_px_747">321.63dp</dimen>
  <dimen name="qb_px_748">322.06dp</dimen>
  <dimen name="qb_px_749">322.49dp</dimen>
  <dimen name="qb_px_750">322.92dp</dimen>
  <dimen name="qb_px_751">323.35dp</dimen>
  <dimen name="qb_px_752">323.78dp</dimen>
  <dimen name="qb_px_753">324.21dp</dimen>
  <dimen name="qb_px_754">324.64dp</dimen>
  <dimen name="qb_px_755">325.07dp</dimen>
  <dimen name="qb_px_756">325.50dp</dimen>
  <dimen name="qb_px_757">325.93dp</dimen>
  <dimen name="qb_px_758">326.36dp</dimen>
  <dimen name="qb_px_759">326.79dp</dimen>
  <dimen name="qb_px_760">327.22dp</dimen>
  <dimen name="qb_px_761">327.65dp</dimen>
  <dimen name="qb_px_762">328.08dp</dimen>
  <dimen name="qb_px_763">328.51dp</dimen>
  <dimen name="qb_px_764">328.94dp</dimen>
  <dimen name="qb_px_765">329.38dp</dimen>
  <dimen name="qb_px_766">329.81dp</dimen>
  <dimen name="qb_px_767">330.24dp</dimen>
  <dimen name="qb_px_768">330.67dp</dimen>
  <dimen name="qb_px_769">331.10dp</dimen>
  <dimen name="qb_px_770">331.53dp</dimen>
  <dimen name="qb_px_771">331.96dp</dimen>
  <dimen name="qb_px_772">332.39dp</dimen>
  <dimen name="qb_px_773">332.82dp</dimen>
  <dimen name="qb_px_774">333.25dp</dimen>
  <dimen name="qb_px_775">333.68dp</dimen>
  <dimen name="qb_px_776">334.11dp</dimen>
  <dimen name="qb_px_777">334.54dp</dimen>
  <dimen name="qb_px_778">334.97dp</dimen>
  <dimen name="qb_px_779">335.40dp</dimen>
  <dimen name="qb_px_780">335.83dp</dimen>
  <dimen name="qb_px_781">336.26dp</dimen>
  <dimen name="qb_px_782">336.69dp</dimen>
  <dimen name="qb_px_783">337.13dp</dimen>
  <dimen name="qb_px_784">337.56dp</dimen>
  <dimen name="qb_px_785">337.99dp</dimen>
  <dimen name="qb_px_786">338.42dp</dimen>
  <dimen name="qb_px_787">338.85dp</dimen>
  <dimen name="qb_px_788">339.28dp</dimen>
  <dimen name="qb_px_789">339.71dp</dimen>
  <dimen name="qb_px_790">340.14dp</dimen>
  <dimen name="qb_px_791">340.57dp</dimen>
  <dimen name="qb_px_792">341.00dp</dimen>
  <dimen name="qb_px_793">341.43dp</dimen>
  <dimen name="qb_px_794">341.86dp</dimen>
  <dimen name="qb_px_795">342.29dp</dimen>
  <dimen name="qb_px_796">342.72dp</dimen>
  <dimen name="qb_px_797">343.15dp</dimen>
  <dimen name="qb_px_798">343.58dp</dimen>
  <dimen name="qb_px_799">344.01dp</dimen>
  <dimen name="qb_px_800">344.44dp</dimen>
  <dimen name="qb_px_1600">688.88dp</dimen>
  <dimen name="qb_px_2400">1033.32dp</dimen>
  <dimen name="qb_px_3200">1377.76dp</dimen>
  <dimen name="qb_px_801">344.88dp</dimen>
  <dimen name="qb_px_802">345.31dp</dimen>
  <dimen name="qb_px_803">345.74dp</dimen>
  <dimen name="qb_px_804">346.17dp</dimen>
  <dimen name="qb_px_805">346.60dp</dimen>
  <dimen name="qb_px_806">347.03dp</dimen>
  <dimen name="qb_px_807">347.46dp</dimen>
  <dimen name="qb_px_808">347.89dp</dimen>
  <dimen name="qb_px_809">348.32dp</dimen>
  <dimen name="qb_px_810">348.75dp</dimen>
  <dimen name="qb_px_811">349.18dp</dimen>
  <dimen name="qb_px_812">349.61dp</dimen>
  <dimen name="qb_px_813">350.04dp</dimen>
  <dimen name="qb_px_814">350.47dp</dimen>
  <dimen name="qb_px_815">350.90dp</dimen>
  <dimen name="qb_px_816">351.33dp</dimen>
  <dimen name="qb_px_817">351.76dp</dimen>
  <dimen name="qb_px_818">352.19dp</dimen>
  <dimen name="qb_px_819">352.63dp</dimen>
  <dimen name="qb_px_820">353.06dp</dimen>
  <dimen name="qb_px_821">353.49dp</dimen>
  <dimen name="qb_px_822">353.92dp</dimen>
  <dimen name="qb_px_823">354.35dp</dimen>
  <dimen name="qb_px_824">354.78dp</dimen>
  <dimen name="qb_px_825">355.21dp</dimen>
  <dimen name="qb_px_826">355.64dp</dimen>
  <dimen name="qb_px_827">356.07dp</dimen>
  <dimen name="qb_px_828">356.50dp</dimen>
  <dimen name="qb_px_829">356.93dp</dimen>
  <dimen name="qb_px_830">357.36dp</dimen>
  <dimen name="qb_px_831">357.79dp</dimen>
  <dimen name="qb_px_832">358.22dp</dimen>
  <dimen name="qb_px_833">358.65dp</dimen>
  <dimen name="qb_px_834">359.08dp</dimen>
  <dimen name="qb_px_835">359.51dp</dimen>
  <dimen name="qb_px_836">359.94dp</dimen>
  <dimen name="qb_px_837">360.38dp</dimen>
  <dimen name="qb_px_838">360.81dp</dimen>
  <dimen name="qb_px_839">361.24dp</dimen>
  <dimen name="qb_px_840">361.67dp</dimen>
  <dimen name="qb_px_841">362.10dp</dimen>
  <dimen name="qb_px_842">362.53dp</dimen>
  <dimen name="qb_px_843">362.96dp</dimen>
  <dimen name="qb_px_844">363.39dp</dimen>
  <dimen name="qb_px_845">363.82dp</dimen>
  <dimen name="qb_px_846">364.25dp</dimen>
  <dimen name="qb_px_847">364.68dp</dimen>
  <dimen name="qb_px_848">365.11dp</dimen>
  <dimen name="qb_px_849">365.54dp</dimen>
  <dimen name="qb_px_850">365.97dp</dimen>
  <dimen name="qb_px_851">366.40dp</dimen>
  <dimen name="qb_px_852">366.83dp</dimen>
  <dimen name="qb_px_853">367.26dp</dimen>
  <dimen name="qb_px_854">367.69dp</dimen>
  <dimen name="qb_px_855">368.13dp</dimen>
  <dimen name="qb_px_856">368.56dp</dimen>
  <dimen name="qb_px_857">368.99dp</dimen>
  <dimen name="qb_px_858">369.42dp</dimen>
  <dimen name="qb_px_859">369.85dp</dimen>
  <dimen name="qb_px_860">370.28dp</dimen>
  <dimen name="qb_px_861">370.71dp</dimen>
  <dimen name="qb_px_862">371.14dp</dimen>
  <dimen name="qb_px_863">371.57dp</dimen>
  <dimen name="qb_px_864">372.00dp</dimen>
  <dimen name="qb_px_865">372.43dp</dimen>
  <dimen name="qb_px_866">372.86dp</dimen>
  <dimen name="qb_px_867">373.29dp</dimen>
  <dimen name="qb_px_868">373.72dp</dimen>
  <dimen name="qb_px_869">374.15dp</dimen>
  <dimen name="qb_px_870">374.58dp</dimen>
  <dimen name="qb_px_871">375.01dp</dimen>
  <dimen name="qb_px_872">375.44dp</dimen>
  <dimen name="qb_px_873">375.88dp</dimen>
  <dimen name="qb_px_874">376.31dp</dimen>
  <dimen name="qb_px_875">376.74dp</dimen>
  <dimen name="qb_px_876">377.17dp</dimen>
  <dimen name="qb_px_877">377.60dp</dimen>
  <dimen name="qb_px_878">378.03dp</dimen>
  <dimen name="qb_px_879">378.46dp</dimen>
  <dimen name="qb_px_880">378.89dp</dimen>
  <dimen name="qb_px_881">379.32dp</dimen>
  <dimen name="qb_px_882">379.75dp</dimen>
  <dimen name="qb_px_883">380.18dp</dimen>
  <dimen name="qb_px_884">380.61dp</dimen>
  <dimen name="qb_px_885">381.04dp</dimen>
  <dimen name="qb_px_886">381.47dp</dimen>
  <dimen name="qb_px_887">381.90dp</dimen>
  <dimen name="qb_px_888">382.33dp</dimen>
  <dimen name="qb_px_889">382.76dp</dimen>
  <dimen name="qb_px_890">383.19dp</dimen>
  <dimen name="qb_px_891">383.63dp</dimen>
  <dimen name="qb_px_892">384.06dp</dimen>
  <dimen name="qb_px_893">384.49dp</dimen>
  <dimen name="qb_px_894">384.92dp</dimen>
  <dimen name="qb_px_895">385.35dp</dimen>
  <dimen name="qb_px_896">385.78dp</dimen>
  <dimen name="qb_px_897">386.21dp</dimen>
  <dimen name="qb_px_898">386.64dp</dimen>
  <dimen name="qb_px_899">387.07dp</dimen>
  <dimen name="qb_px_900">387.50dp</dimen>
  <dimen name="qb_px_901">387.93dp</dimen>
  <dimen name="qb_px_902">388.36dp</dimen>
  <dimen name="qb_px_903">388.79dp</dimen>
  <dimen name="qb_px_904">389.22dp</dimen>
  <dimen name="qb_px_905">389.65dp</dimen>
  <dimen name="qb_px_906">390.08dp</dimen>
  <dimen name="qb_px_907">390.51dp</dimen>
  <dimen name="qb_px_908">390.94dp</dimen>
  <dimen name="qb_px_909">391.38dp</dimen>
  <dimen name="qb_px_910">391.81dp</dimen>
  <dimen name="qb_px_911">392.24dp</dimen>
  <dimen name="qb_px_912">392.67dp</dimen>
  <dimen name="qb_px_913">393.10dp</dimen>
  <dimen name="qb_px_914">393.53dp</dimen>
  <dimen name="qb_px_915">393.96dp</dimen>
  <dimen name="qb_px_916">394.39dp</dimen>
  <dimen name="qb_px_917">394.82dp</dimen>
  <dimen name="qb_px_918">395.25dp</dimen>
  <dimen name="qb_px_919">395.68dp</dimen>
  <dimen name="qb_px_920">396.11dp</dimen>
  <dimen name="qb_px_921">396.54dp</dimen>
  <dimen name="qb_px_922">396.97dp</dimen>
  <dimen name="qb_px_923">397.40dp</dimen>
  <dimen name="qb_px_924">397.83dp</dimen>
  <dimen name="qb_px_925">398.26dp</dimen>
  <dimen name="qb_px_926">398.69dp</dimen>
  <dimen name="qb_px_927">399.13dp</dimen>
  <dimen name="qb_px_928">399.56dp</dimen>
  <dimen name="qb_px_929">399.99dp</dimen>
  <dimen name="qb_px_930">400.42dp</dimen>
  <dimen name="qb_px_931">400.85dp</dimen>
  <dimen name="qb_px_932">401.28dp</dimen>
  <dimen name="qb_px_933">401.71dp</dimen>
  <dimen name="qb_px_934">402.14dp</dimen>
  <dimen name="qb_px_935">402.57dp</dimen>
  <dimen name="qb_px_936">403.00dp</dimen>
  <dimen name="qb_px_937">403.43dp</dimen>
  <dimen name="qb_px_938">403.86dp</dimen>
  <dimen name="qb_px_939">404.29dp</dimen>
  <dimen name="qb_px_940">404.72dp</dimen>
  <dimen name="qb_px_941">405.15dp</dimen>
  <dimen name="qb_px_942">405.58dp</dimen>
  <dimen name="qb_px_943">406.01dp</dimen>
  <dimen name="qb_px_944">406.44dp</dimen>
  <dimen name="qb_px_945">406.88dp</dimen>
  <dimen name="qb_px_946">407.31dp</dimen>
  <dimen name="qb_px_947">407.74dp</dimen>
  <dimen name="qb_px_948">408.17dp</dimen>
  <dimen name="qb_px_949">408.60dp</dimen>
  <dimen name="qb_px_950">409.03dp</dimen>
  <dimen name="qb_px_951">409.46dp</dimen>
  <dimen name="qb_px_952">409.89dp</dimen>
  <dimen name="qb_px_953">410.32dp</dimen>
  <dimen name="qb_px_954">410.75dp</dimen>
  <dimen name="qb_px_955">411.18dp</dimen>
  <dimen name="qb_px_956">411.61dp</dimen>
  <dimen name="qb_px_957">412.04dp</dimen>
  <dimen name="qb_px_958">412.47dp</dimen>
  <dimen name="qb_px_959">412.90dp</dimen>
  <dimen name="qb_px_960">413.33dp</dimen>
  <dimen name="qb_px_961">413.76dp</dimen>
  <dimen name="qb_px_962">414.19dp</dimen>
  <dimen name="qb_px_963">414.63dp</dimen>
  <dimen name="qb_px_964">415.06dp</dimen>
  <dimen name="qb_px_965">415.49dp</dimen>
  <dimen name="qb_px_966">415.92dp</dimen>
  <dimen name="qb_px_967">416.35dp</dimen>
  <dimen name="qb_px_968">416.78dp</dimen>
  <dimen name="qb_px_969">417.21dp</dimen>
  <dimen name="qb_px_970">417.64dp</dimen>
  <dimen name="qb_px_971">418.07dp</dimen>
  <dimen name="qb_px_972">418.50dp</dimen>
  <dimen name="qb_px_973">418.93dp</dimen>
  <dimen name="qb_px_974">419.36dp</dimen>
  <dimen name="qb_px_975">419.79dp</dimen>
  <dimen name="qb_px_976">420.22dp</dimen>
  <dimen name="qb_px_977">420.65dp</dimen>
  <dimen name="qb_px_978">421.08dp</dimen>
  <dimen name="qb_px_979">421.51dp</dimen>
  <dimen name="qb_px_980">421.94dp</dimen>
  <dimen name="qb_px_981">422.38dp</dimen>
  <dimen name="qb_px_982">422.81dp</dimen>
  <dimen name="qb_px_983">423.24dp</dimen>
  <dimen name="qb_px_984">423.67dp</dimen>
  <dimen name="qb_px_985">424.10dp</dimen>
  <dimen name="qb_px_986">424.53dp</dimen>
  <dimen name="qb_px_987">424.96dp</dimen>
  <dimen name="qb_px_988">425.39dp</dimen>
  <dimen name="qb_px_989">425.82dp</dimen>
  <dimen name="qb_px_990">426.25dp</dimen>
  <dimen name="qb_px_991">426.68dp</dimen>
  <dimen name="qb_px_992">427.11dp</dimen>
  <dimen name="qb_px_993">427.54dp</dimen>
  <dimen name="qb_px_994">427.97dp</dimen>
  <dimen name="qb_px_995">428.40dp</dimen>
  <dimen name="qb_px_996">428.83dp</dimen>
  <dimen name="qb_px_997">429.26dp</dimen>
  <dimen name="qb_px_998">429.69dp</dimen>
  <dimen name="qb_px_999">430.13dp</dimen>
  <dimen name="qb_px_1000">430.56dp</dimen>
  <dimen name="qb_px_1001">430.99dp</dimen>
  <dimen name="qb_px_1002">431.42dp</dimen>
  <dimen name="qb_px_1003">431.85dp</dimen>
  <dimen name="qb_px_1004">432.28dp</dimen>
  <dimen name="qb_px_1005">432.71dp</dimen>
  <dimen name="qb_px_1006">433.14dp</dimen>
  <dimen name="qb_px_1007">433.57dp</dimen>
  <dimen name="qb_px_1008">434.00dp</dimen>
  <dimen name="qb_px_1009">434.43dp</dimen>
  <dimen name="qb_px_1010">434.86dp</dimen>
  <dimen name="qb_px_1011">435.29dp</dimen>
  <dimen name="qb_px_1012">435.72dp</dimen>
  <dimen name="qb_px_1013">436.15dp</dimen>
  <dimen name="qb_px_1014">436.58dp</dimen>
  <dimen name="qb_px_1015">437.01dp</dimen>
  <dimen name="qb_px_1016">437.44dp</dimen>
  <dimen name="qb_px_1017">437.88dp</dimen>
  <dimen name="qb_px_1018">438.31dp</dimen>
  <dimen name="qb_px_1019">438.74dp</dimen>
  <dimen name="qb_px_1020">439.17dp</dimen>
  <dimen name="qb_px_1021">439.60dp</dimen>
  <dimen name="qb_px_1022">440.03dp</dimen>
  <dimen name="qb_px_1023">440.46dp</dimen>
  <dimen name="qb_px_1024">440.89dp</dimen>
  <dimen name="qb_px_1025">441.32dp</dimen>
  <dimen name="qb_px_1026">441.75dp</dimen>
  <dimen name="qb_px_1027">442.18dp</dimen>
  <dimen name="qb_px_1028">442.61dp</dimen>
  <dimen name="qb_px_1029">443.04dp</dimen>
  <dimen name="qb_px_1030">443.47dp</dimen>
  <dimen name="qb_px_1031">443.90dp</dimen>
  <dimen name="qb_px_1032">444.33dp</dimen>
  <dimen name="qb_px_1033">444.76dp</dimen>
  <dimen name="qb_px_1034">445.19dp</dimen>
  <dimen name="qb_px_1035">445.63dp</dimen>
  <dimen name="qb_px_1036">446.06dp</dimen>
  <dimen name="qb_px_1037">446.49dp</dimen>
  <dimen name="qb_px_1038">446.92dp</dimen>
  <dimen name="qb_px_1039">447.35dp</dimen>
  <dimen name="qb_px_1040">447.78dp</dimen>
  <dimen name="qb_px_1041">448.21dp</dimen>
  <dimen name="qb_px_1042">448.64dp</dimen>
  <dimen name="qb_px_1043">449.07dp</dimen>
  <dimen name="qb_px_1044">449.50dp</dimen>
  <dimen name="qb_px_1045">449.93dp</dimen>
  <dimen name="qb_px_1046">450.36dp</dimen>
  <dimen name="qb_px_1047">450.79dp</dimen>
  <dimen name="qb_px_1048">451.22dp</dimen>
  <dimen name="qb_px_1049">451.65dp</dimen>
  <dimen name="qb_px_1050">452.08dp</dimen>
  <dimen name="qb_px_1051">452.51dp</dimen>
  <dimen name="qb_px_1052">452.94dp</dimen>
  <dimen name="qb_px_1053">453.38dp</dimen>
  <dimen name="qb_px_1054">453.81dp</dimen>
  <dimen name="qb_px_1055">454.24dp</dimen>
  <dimen name="qb_px_1056">454.67dp</dimen>
  <dimen name="qb_px_1057">455.10dp</dimen>
  <dimen name="qb_px_1058">455.53dp</dimen>
  <dimen name="qb_px_1059">455.96dp</dimen>
  <dimen name="qb_px_1060">456.39dp</dimen>
  <dimen name="qb_px_1061">456.82dp</dimen>
  <dimen name="qb_px_1062">457.25dp</dimen>
  <dimen name="qb_px_1063">457.68dp</dimen>
  <dimen name="qb_px_1064">458.11dp</dimen>
  <dimen name="qb_px_1065">458.54dp</dimen>
  <dimen name="qb_px_1066">458.97dp</dimen>
  <dimen name="qb_px_1067">459.40dp</dimen>
  <dimen name="qb_px_1068">459.83dp</dimen>
  <dimen name="qb_px_1069">460.26dp</dimen>
  <dimen name="qb_px_1070">460.69dp</dimen>
  <dimen name="qb_px_1071">461.13dp</dimen>
  <dimen name="qb_px_1072">461.56dp</dimen>
  <dimen name="qb_px_1073">461.99dp</dimen>
  <dimen name="qb_px_1074">462.42dp</dimen>
  <dimen name="qb_px_1075">462.85dp</dimen>
  <dimen name="qb_px_1076">463.28dp</dimen>
  <dimen name="qb_px_1077">463.71dp</dimen>
  <dimen name="qb_px_1078">464.14dp</dimen>
  <dimen name="qb_px_1079">464.57dp</dimen>
  <dimen name="qb_px_1080">465.00dp</dimen>
  <dimen name="sb_px_0">0.00sp</dimen>
  <dimen name="sb_px_1">0.43sp</dimen>
  <dimen name="sb_px_2">0.86sp</dimen>
  <dimen name="sb_px_3">1.29sp</dimen>
  <dimen name="sb_px_4">1.72sp</dimen>
  <dimen name="sb_px_5">2.15sp</dimen>
  <dimen name="sb_px_6">2.58sp</dimen>
  <dimen name="sb_px_7">3.01sp</dimen>
  <dimen name="sb_px_8">3.44sp</dimen>
  <dimen name="sb_px_9">3.88sp</dimen>
  <dimen name="sb_px_10">4.31sp</dimen>
  <dimen name="sb_px_11">4.74sp</dimen>
  <dimen name="sb_px_12">5.17sp</dimen>
  <dimen name="sb_px_13">5.60sp</dimen>
  <dimen name="sb_px_14">6.03sp</dimen>
  <dimen name="sb_px_15">6.46sp</dimen>
  <dimen name="sb_px_16">6.89sp</dimen>
  <dimen name="sb_px_17">7.32sp</dimen>
  <dimen name="sb_px_18">7.75sp</dimen>
  <dimen name="sb_px_19">8.18sp</dimen>
  <dimen name="sb_px_20">8.61sp</dimen>
  <dimen name="sb_px_21">9.04sp</dimen>
  <dimen name="sb_px_22">9.47sp</dimen>
  <dimen name="sb_px_23">9.90sp</dimen>
  <dimen name="sb_px_24">10.33sp</dimen>
  <dimen name="sb_px_25">10.76sp</dimen>
  <dimen name="sb_px_26">11.19sp</dimen>
  <dimen name="sb_px_27">11.63sp</dimen>
  <dimen name="sb_px_28">12.06sp</dimen>
  <dimen name="sb_px_29">12.49sp</dimen>
  <dimen name="sb_px_30">12.92sp</dimen>
  <dimen name="sb_px_31">13.35sp</dimen>
  <dimen name="sb_px_32">13.78sp</dimen>
  <dimen name="sb_px_33">14.21sp</dimen>
  <dimen name="sb_px_34">14.64sp</dimen>
  <dimen name="sb_px_35">15.07sp</dimen>
  <dimen name="sb_px_36">15.50sp</dimen>
  <dimen name="sb_px_37">15.93sp</dimen>
  <dimen name="sb_px_38">16.36sp</dimen>
  <dimen name="sb_px_39">16.79sp</dimen>
  <dimen name="sb_px_40">17.22sp</dimen>
  <dimen name="sb_px_41">17.65sp</dimen>
  <dimen name="sb_px_42">18.08sp</dimen>
  <dimen name="sb_px_43">18.51sp</dimen>
  <dimen name="sb_px_44">18.94sp</dimen>
  <dimen name="sb_px_45">19.38sp</dimen>
  <dimen name="sb_px_46">19.81sp</dimen>
  <dimen name="sb_px_47">20.24sp</dimen>
  <dimen name="sb_px_48">20.67sp</dimen>
  <dimen name="sb_px_49">21.10sp</dimen>
  <dimen name="sb_px_50">21.53sp</dimen>
  <dimen name="sb_px_51">21.96sp</dimen>
  <dimen name="sb_px_52">22.39sp</dimen>
  <dimen name="sb_px_53">22.82sp</dimen>
  <dimen name="sb_px_54">23.25sp</dimen>
  <dimen name="sb_px_55">23.68sp</dimen>
  <dimen name="sb_px_56">24.11sp</dimen>
  <dimen name="sb_px_57">24.54sp</dimen>
  <dimen name="sb_px_58">24.97sp</dimen>
  <dimen name="sb_px_59">25.40sp</dimen>
  <dimen name="sb_px_60">25.83sp</dimen>
  <dimen name="sb_px_61">26.26sp</dimen>
  <dimen name="sb_px_62">26.69sp</dimen>
  <dimen name="sb_px_63">27.13sp</dimen>
  <dimen name="sb_px_64">27.56sp</dimen>
  <dimen name="sb_px_65">27.99sp</dimen>
  <dimen name="sb_px_66">28.42sp</dimen>
  <dimen name="sb_px_67">28.85sp</dimen>
  <dimen name="sb_px_68">29.28sp</dimen>
  <dimen name="sb_px_69">29.71sp</dimen>
  <dimen name="sb_px_70">30.14sp</dimen>
  <dimen name="sb_px_71">30.57sp</dimen>
  <dimen name="sb_px_72">31.00sp</dimen>
  <dimen name="sb_px_73">31.43sp</dimen>
  <dimen name="sb_px_74">31.86sp</dimen>
  <dimen name="sb_px_75">32.29sp</dimen>
  <dimen name="sb_px_76">32.72sp</dimen>
  <dimen name="sb_px_77">33.15sp</dimen>
  <dimen name="sb_px_78">33.58sp</dimen>
  <dimen name="sb_px_79">34.01sp</dimen>
  <dimen name="sb_px_80">34.44sp</dimen>
  <dimen name="sb_px_81">34.88sp</dimen>
  <dimen name="sb_px_82">35.31sp</dimen>
  <dimen name="sb_px_83">35.74sp</dimen>
  <dimen name="sb_px_84">36.17sp</dimen>
  <dimen name="sb_px_85">36.60sp</dimen>
  <dimen name="sb_px_86">37.03sp</dimen>
  <dimen name="sb_px_87">37.46sp</dimen>
  <dimen name="sb_px_88">37.89sp</dimen>
  <dimen name="sb_px_89">38.32sp</dimen>
  <dimen name="sb_px_90">38.75sp</dimen>
  <dimen name="sb_px_91">39.18sp</dimen>
  <dimen name="sb_px_92">39.61sp</dimen>
  <dimen name="sb_px_93">40.04sp</dimen>
  <dimen name="sb_px_94">40.47sp</dimen>
  <dimen name="sb_px_95">40.90sp</dimen>
  <dimen name="sb_px_96">41.33sp</dimen>
  <dimen name="sb_px_97">41.76sp</dimen>
  <dimen name="sb_px_98">42.19sp</dimen>
  <dimen name="sb_px_99">42.63sp</dimen>
  <dimen name="sb_px_100">43.06sp</dimen>
</resources>
