<?xml version="1.0" encoding="utf-8"?>
<resources xmlns:tools="http://schemas.android.com/tools" tools:ignore="MissingDefaultResource">
  <dimen name="base_dpi">610dp</dimen>
  <dimen name="qb_px_0">0.00dp</dimen>
  <dimen name="qb_px_1">0.85dp</dimen>
  <dimen name="qb_px_2">1.69dp</dimen>
  <dimen name="qb_px_3">2.54dp</dimen>
  <dimen name="qb_px_4">3.39dp</dimen>
  <dimen name="qb_px_5">4.24dp</dimen>
  <dimen name="qb_px_6">5.08dp</dimen>
  <dimen name="qb_px_7">5.93dp</dimen>
  <dimen name="qb_px_8">6.78dp</dimen>
  <dimen name="qb_px_9">7.63dp</dimen>
  <dimen name="qb_px_10">8.47dp</dimen>
  <dimen name="qb_px_11">9.32dp</dimen>
  <dimen name="qb_px_12">10.17dp</dimen>
  <dimen name="qb_px_13">11.01dp</dimen>
  <dimen name="qb_px_14">11.86dp</dimen>
  <dimen name="qb_px_15">12.71dp</dimen>
  <dimen name="qb_px_16">13.56dp</dimen>
  <dimen name="qb_px_17">14.40dp</dimen>
  <dimen name="qb_px_18">15.25dp</dimen>
  <dimen name="qb_px_19">16.10dp</dimen>
  <dimen name="qb_px_20">16.94dp</dimen>
  <dimen name="qb_px_21">17.79dp</dimen>
  <dimen name="qb_px_22">18.64dp</dimen>
  <dimen name="qb_px_23">19.49dp</dimen>
  <dimen name="qb_px_24">20.33dp</dimen>
  <dimen name="qb_px_25">21.18dp</dimen>
  <dimen name="qb_px_26">22.03dp</dimen>
  <dimen name="qb_px_27">22.88dp</dimen>
  <dimen name="qb_px_28">23.72dp</dimen>
  <dimen name="qb_px_29">24.57dp</dimen>
  <dimen name="qb_px_30">25.42dp</dimen>
  <dimen name="qb_px_31">26.26dp</dimen>
  <dimen name="qb_px_32">27.11dp</dimen>
  <dimen name="qb_px_33">27.96dp</dimen>
  <dimen name="qb_px_34">28.81dp</dimen>
  <dimen name="qb_px_35">29.65dp</dimen>
  <dimen name="qb_px_36">30.50dp</dimen>
  <dimen name="qb_px_37">31.35dp</dimen>
  <dimen name="qb_px_38">32.19dp</dimen>
  <dimen name="qb_px_39">33.04dp</dimen>
  <dimen name="qb_px_40">33.89dp</dimen>
  <dimen name="qb_px_41">34.74dp</dimen>
  <dimen name="qb_px_42">35.58dp</dimen>
  <dimen name="qb_px_43">36.43dp</dimen>
  <dimen name="qb_px_44">37.28dp</dimen>
  <dimen name="qb_px_45">38.13dp</dimen>
  <dimen name="qb_px_46">38.97dp</dimen>
  <dimen name="qb_px_47">39.82dp</dimen>
  <dimen name="qb_px_48">40.67dp</dimen>
  <dimen name="qb_px_49">41.51dp</dimen>
  <dimen name="qb_px_50">42.36dp</dimen>
  <dimen name="qb_px_51">43.21dp</dimen>
  <dimen name="qb_px_52">44.06dp</dimen>
  <dimen name="qb_px_53">44.90dp</dimen>
  <dimen name="qb_px_54">45.75dp</dimen>
  <dimen name="qb_px_55">46.60dp</dimen>
  <dimen name="qb_px_56">47.44dp</dimen>
  <dimen name="qb_px_57">48.29dp</dimen>
  <dimen name="qb_px_58">49.14dp</dimen>
  <dimen name="qb_px_59">49.99dp</dimen>
  <dimen name="qb_px_60">50.83dp</dimen>
  <dimen name="qb_px_61">51.68dp</dimen>
  <dimen name="qb_px_62">52.53dp</dimen>
  <dimen name="qb_px_63">53.38dp</dimen>
  <dimen name="qb_px_64">54.22dp</dimen>
  <dimen name="qb_px_65">55.07dp</dimen>
  <dimen name="qb_px_66">55.92dp</dimen>
  <dimen name="qb_px_67">56.76dp</dimen>
  <dimen name="qb_px_68">57.61dp</dimen>
  <dimen name="qb_px_69">58.46dp</dimen>
  <dimen name="qb_px_70">59.31dp</dimen>
  <dimen name="qb_px_71">60.15dp</dimen>
  <dimen name="qb_px_72">61.00dp</dimen>
  <dimen name="qb_px_73">61.85dp</dimen>
  <dimen name="qb_px_74">62.69dp</dimen>
  <dimen name="qb_px_75">63.54dp</dimen>
  <dimen name="qb_px_76">64.39dp</dimen>
  <dimen name="qb_px_77">65.24dp</dimen>
  <dimen name="qb_px_78">66.08dp</dimen>
  <dimen name="qb_px_79">66.93dp</dimen>
  <dimen name="qb_px_80">67.78dp</dimen>
  <dimen name="qb_px_81">68.63dp</dimen>
  <dimen name="qb_px_82">69.47dp</dimen>
  <dimen name="qb_px_83">70.32dp</dimen>
  <dimen name="qb_px_84">71.17dp</dimen>
  <dimen name="qb_px_85">72.01dp</dimen>
  <dimen name="qb_px_86">72.86dp</dimen>
  <dimen name="qb_px_87">73.71dp</dimen>
  <dimen name="qb_px_88">74.56dp</dimen>
  <dimen name="qb_px_89">75.40dp</dimen>
  <dimen name="qb_px_90">76.25dp</dimen>
  <dimen name="qb_px_91">77.10dp</dimen>
  <dimen name="qb_px_92">77.94dp</dimen>
  <dimen name="qb_px_93">78.79dp</dimen>
  <dimen name="qb_px_94">79.64dp</dimen>
  <dimen name="qb_px_95">80.49dp</dimen>
  <dimen name="qb_px_96">81.33dp</dimen>
  <dimen name="qb_px_97">82.18dp</dimen>
  <dimen name="qb_px_98">83.03dp</dimen>
  <dimen name="qb_px_99">83.88dp</dimen>
  <dimen name="qb_px_100">84.72dp</dimen>
  <dimen name="qb_px_101">85.57dp</dimen>
  <dimen name="qb_px_102">86.42dp</dimen>
  <dimen name="qb_px_103">87.26dp</dimen>
  <dimen name="qb_px_104">88.11dp</dimen>
  <dimen name="qb_px_105">88.96dp</dimen>
  <dimen name="qb_px_106">89.81dp</dimen>
  <dimen name="qb_px_107">90.65dp</dimen>
  <dimen name="qb_px_108">91.50dp</dimen>
  <dimen name="qb_px_109">92.35dp</dimen>
  <dimen name="qb_px_110">93.19dp</dimen>
  <dimen name="qb_px_111">94.04dp</dimen>
  <dimen name="qb_px_112">94.89dp</dimen>
  <dimen name="qb_px_113">95.74dp</dimen>
  <dimen name="qb_px_114">96.58dp</dimen>
  <dimen name="qb_px_115">97.43dp</dimen>
  <dimen name="qb_px_116">98.28dp</dimen>
  <dimen name="qb_px_117">99.13dp</dimen>
  <dimen name="qb_px_118">99.97dp</dimen>
  <dimen name="qb_px_119">100.82dp</dimen>
  <dimen name="qb_px_120">101.67dp</dimen>
  <dimen name="qb_px_121">102.51dp</dimen>
  <dimen name="qb_px_122">103.36dp</dimen>
  <dimen name="qb_px_123">104.21dp</dimen>
  <dimen name="qb_px_124">105.06dp</dimen>
  <dimen name="qb_px_125">105.90dp</dimen>
  <dimen name="qb_px_126">106.75dp</dimen>
  <dimen name="qb_px_127">107.60dp</dimen>
  <dimen name="qb_px_128">108.44dp</dimen>
  <dimen name="qb_px_129">109.29dp</dimen>
  <dimen name="qb_px_130">110.14dp</dimen>
  <dimen name="qb_px_131">110.99dp</dimen>
  <dimen name="qb_px_132">111.83dp</dimen>
  <dimen name="qb_px_133">112.68dp</dimen>
  <dimen name="qb_px_134">113.53dp</dimen>
  <dimen name="qb_px_135">114.38dp</dimen>
  <dimen name="qb_px_136">115.22dp</dimen>
  <dimen name="qb_px_137">116.07dp</dimen>
  <dimen name="qb_px_138">116.92dp</dimen>
  <dimen name="qb_px_139">117.76dp</dimen>
  <dimen name="qb_px_140">118.61dp</dimen>
  <dimen name="qb_px_141">119.46dp</dimen>
  <dimen name="qb_px_142">120.31dp</dimen>
  <dimen name="qb_px_143">121.15dp</dimen>
  <dimen name="qb_px_144">122.00dp</dimen>
  <dimen name="qb_px_145">122.85dp</dimen>
  <dimen name="qb_px_146">123.69dp</dimen>
  <dimen name="qb_px_147">124.54dp</dimen>
  <dimen name="qb_px_148">125.39dp</dimen>
  <dimen name="qb_px_149">126.24dp</dimen>
  <dimen name="qb_px_150">127.08dp</dimen>
  <dimen name="qb_px_151">127.93dp</dimen>
  <dimen name="qb_px_152">128.78dp</dimen>
  <dimen name="qb_px_153">129.63dp</dimen>
  <dimen name="qb_px_154">130.47dp</dimen>
  <dimen name="qb_px_155">131.32dp</dimen>
  <dimen name="qb_px_156">132.17dp</dimen>
  <dimen name="qb_px_157">133.01dp</dimen>
  <dimen name="qb_px_158">133.86dp</dimen>
  <dimen name="qb_px_159">134.71dp</dimen>
  <dimen name="qb_px_160">135.56dp</dimen>
  <dimen name="qb_px_161">136.40dp</dimen>
  <dimen name="qb_px_162">137.25dp</dimen>
  <dimen name="qb_px_163">138.10dp</dimen>
  <dimen name="qb_px_164">138.94dp</dimen>
  <dimen name="qb_px_165">139.79dp</dimen>
  <dimen name="qb_px_166">140.64dp</dimen>
  <dimen name="qb_px_167">141.49dp</dimen>
  <dimen name="qb_px_168">142.33dp</dimen>
  <dimen name="qb_px_169">143.18dp</dimen>
  <dimen name="qb_px_170">144.03dp</dimen>
  <dimen name="qb_px_171">144.88dp</dimen>
  <dimen name="qb_px_172">145.72dp</dimen>
  <dimen name="qb_px_173">146.57dp</dimen>
  <dimen name="qb_px_174">147.42dp</dimen>
  <dimen name="qb_px_175">148.26dp</dimen>
  <dimen name="qb_px_176">149.11dp</dimen>
  <dimen name="qb_px_177">149.96dp</dimen>
  <dimen name="qb_px_178">150.81dp</dimen>
  <dimen name="qb_px_179">151.65dp</dimen>
  <dimen name="qb_px_180">152.50dp</dimen>
  <dimen name="qb_px_181">153.35dp</dimen>
  <dimen name="qb_px_182">154.19dp</dimen>
  <dimen name="qb_px_183">155.04dp</dimen>
  <dimen name="qb_px_184">155.89dp</dimen>
  <dimen name="qb_px_185">156.74dp</dimen>
  <dimen name="qb_px_186">157.58dp</dimen>
  <dimen name="qb_px_187">158.43dp</dimen>
  <dimen name="qb_px_188">159.28dp</dimen>
  <dimen name="qb_px_189">160.13dp</dimen>
  <dimen name="qb_px_190">160.97dp</dimen>
  <dimen name="qb_px_191">161.82dp</dimen>
  <dimen name="qb_px_192">162.67dp</dimen>
  <dimen name="qb_px_193">163.51dp</dimen>
  <dimen name="qb_px_194">164.36dp</dimen>
  <dimen name="qb_px_195">165.21dp</dimen>
  <dimen name="qb_px_196">166.06dp</dimen>
  <dimen name="qb_px_197">166.90dp</dimen>
  <dimen name="qb_px_198">167.75dp</dimen>
  <dimen name="qb_px_199">168.60dp</dimen>
  <dimen name="qb_px_200">169.44dp</dimen>
  <dimen name="qb_px_201">170.29dp</dimen>
  <dimen name="qb_px_202">171.14dp</dimen>
  <dimen name="qb_px_203">171.99dp</dimen>
  <dimen name="qb_px_204">172.83dp</dimen>
  <dimen name="qb_px_205">173.68dp</dimen>
  <dimen name="qb_px_206">174.53dp</dimen>
  <dimen name="qb_px_207">175.38dp</dimen>
  <dimen name="qb_px_208">176.22dp</dimen>
  <dimen name="qb_px_209">177.07dp</dimen>
  <dimen name="qb_px_210">177.92dp</dimen>
  <dimen name="qb_px_211">178.76dp</dimen>
  <dimen name="qb_px_212">179.61dp</dimen>
  <dimen name="qb_px_213">180.46dp</dimen>
  <dimen name="qb_px_214">181.31dp</dimen>
  <dimen name="qb_px_215">182.15dp</dimen>
  <dimen name="qb_px_216">183.00dp</dimen>
  <dimen name="qb_px_217">183.85dp</dimen>
  <dimen name="qb_px_218">184.69dp</dimen>
  <dimen name="qb_px_219">185.54dp</dimen>
  <dimen name="qb_px_220">186.39dp</dimen>
  <dimen name="qb_px_221">187.24dp</dimen>
  <dimen name="qb_px_222">188.08dp</dimen>
  <dimen name="qb_px_223">188.93dp</dimen>
  <dimen name="qb_px_224">189.78dp</dimen>
  <dimen name="qb_px_225">190.63dp</dimen>
  <dimen name="qb_px_226">191.47dp</dimen>
  <dimen name="qb_px_227">192.32dp</dimen>
  <dimen name="qb_px_228">193.17dp</dimen>
  <dimen name="qb_px_229">194.01dp</dimen>
  <dimen name="qb_px_230">194.86dp</dimen>
  <dimen name="qb_px_231">195.71dp</dimen>
  <dimen name="qb_px_232">196.56dp</dimen>
  <dimen name="qb_px_233">197.40dp</dimen>
  <dimen name="qb_px_234">198.25dp</dimen>
  <dimen name="qb_px_235">199.10dp</dimen>
  <dimen name="qb_px_236">199.94dp</dimen>
  <dimen name="qb_px_237">200.79dp</dimen>
  <dimen name="qb_px_238">201.64dp</dimen>
  <dimen name="qb_px_239">202.49dp</dimen>
  <dimen name="qb_px_240">203.33dp</dimen>
  <dimen name="qb_px_241">204.18dp</dimen>
  <dimen name="qb_px_242">205.03dp</dimen>
  <dimen name="qb_px_243">205.88dp</dimen>
  <dimen name="qb_px_244">206.72dp</dimen>
  <dimen name="qb_px_245">207.57dp</dimen>
  <dimen name="qb_px_246">208.42dp</dimen>
  <dimen name="qb_px_247">209.26dp</dimen>
  <dimen name="qb_px_248">210.11dp</dimen>
  <dimen name="qb_px_249">210.96dp</dimen>
  <dimen name="qb_px_250">211.81dp</dimen>
  <dimen name="qb_px_251">212.65dp</dimen>
  <dimen name="qb_px_252">213.50dp</dimen>
  <dimen name="qb_px_253">214.35dp</dimen>
  <dimen name="qb_px_254">215.19dp</dimen>
  <dimen name="qb_px_255">216.04dp</dimen>
  <dimen name="qb_px_256">216.89dp</dimen>
  <dimen name="qb_px_257">217.74dp</dimen>
  <dimen name="qb_px_258">218.58dp</dimen>
  <dimen name="qb_px_259">219.43dp</dimen>
  <dimen name="qb_px_260">220.28dp</dimen>
  <dimen name="qb_px_261">221.13dp</dimen>
  <dimen name="qb_px_262">221.97dp</dimen>
  <dimen name="qb_px_263">222.82dp</dimen>
  <dimen name="qb_px_264">223.67dp</dimen>
  <dimen name="qb_px_265">224.51dp</dimen>
  <dimen name="qb_px_266">225.36dp</dimen>
  <dimen name="qb_px_267">226.21dp</dimen>
  <dimen name="qb_px_268">227.06dp</dimen>
  <dimen name="qb_px_269">227.90dp</dimen>
  <dimen name="qb_px_270">228.75dp</dimen>
  <dimen name="qb_px_271">229.60dp</dimen>
  <dimen name="qb_px_272">230.44dp</dimen>
  <dimen name="qb_px_273">231.29dp</dimen>
  <dimen name="qb_px_274">232.14dp</dimen>
  <dimen name="qb_px_275">232.99dp</dimen>
  <dimen name="qb_px_276">233.83dp</dimen>
  <dimen name="qb_px_277">234.68dp</dimen>
  <dimen name="qb_px_278">235.53dp</dimen>
  <dimen name="qb_px_279">236.38dp</dimen>
  <dimen name="qb_px_280">237.22dp</dimen>
  <dimen name="qb_px_281">238.07dp</dimen>
  <dimen name="qb_px_282">238.92dp</dimen>
  <dimen name="qb_px_283">239.76dp</dimen>
  <dimen name="qb_px_284">240.61dp</dimen>
  <dimen name="qb_px_285">241.46dp</dimen>
  <dimen name="qb_px_286">242.31dp</dimen>
  <dimen name="qb_px_287">243.15dp</dimen>
  <dimen name="qb_px_288">244.00dp</dimen>
  <dimen name="qb_px_289">244.85dp</dimen>
  <dimen name="qb_px_290">245.69dp</dimen>
  <dimen name="qb_px_291">246.54dp</dimen>
  <dimen name="qb_px_292">247.39dp</dimen>
  <dimen name="qb_px_293">248.24dp</dimen>
  <dimen name="qb_px_294">249.08dp</dimen>
  <dimen name="qb_px_295">249.93dp</dimen>
  <dimen name="qb_px_296">250.78dp</dimen>
  <dimen name="qb_px_297">251.63dp</dimen>
  <dimen name="qb_px_298">252.47dp</dimen>
  <dimen name="qb_px_299">253.32dp</dimen>
  <dimen name="qb_px_300">254.17dp</dimen>
  <dimen name="qb_px_301">255.01dp</dimen>
  <dimen name="qb_px_302">255.86dp</dimen>
  <dimen name="qb_px_303">256.71dp</dimen>
  <dimen name="qb_px_304">257.56dp</dimen>
  <dimen name="qb_px_305">258.40dp</dimen>
  <dimen name="qb_px_306">259.25dp</dimen>
  <dimen name="qb_px_307">260.10dp</dimen>
  <dimen name="qb_px_308">260.94dp</dimen>
  <dimen name="qb_px_309">261.79dp</dimen>
  <dimen name="qb_px_310">262.64dp</dimen>
  <dimen name="qb_px_311">263.49dp</dimen>
  <dimen name="qb_px_312">264.33dp</dimen>
  <dimen name="qb_px_313">265.18dp</dimen>
  <dimen name="qb_px_314">266.03dp</dimen>
  <dimen name="qb_px_315">266.88dp</dimen>
  <dimen name="qb_px_316">267.72dp</dimen>
  <dimen name="qb_px_317">268.57dp</dimen>
  <dimen name="qb_px_318">269.42dp</dimen>
  <dimen name="qb_px_319">270.26dp</dimen>
  <dimen name="qb_px_320">271.11dp</dimen>
  <dimen name="qb_px_321">271.96dp</dimen>
  <dimen name="qb_px_322">272.81dp</dimen>
  <dimen name="qb_px_323">273.65dp</dimen>
  <dimen name="qb_px_324">274.50dp</dimen>
  <dimen name="qb_px_325">275.35dp</dimen>
  <dimen name="qb_px_326">276.19dp</dimen>
  <dimen name="qb_px_327">277.04dp</dimen>
  <dimen name="qb_px_328">277.89dp</dimen>
  <dimen name="qb_px_329">278.74dp</dimen>
  <dimen name="qb_px_330">279.58dp</dimen>
  <dimen name="qb_px_331">280.43dp</dimen>
  <dimen name="qb_px_332">281.28dp</dimen>
  <dimen name="qb_px_333">282.13dp</dimen>
  <dimen name="qb_px_334">282.97dp</dimen>
  <dimen name="qb_px_335">283.82dp</dimen>
  <dimen name="qb_px_336">284.67dp</dimen>
  <dimen name="qb_px_337">285.51dp</dimen>
  <dimen name="qb_px_338">286.36dp</dimen>
  <dimen name="qb_px_339">287.21dp</dimen>
  <dimen name="qb_px_340">288.06dp</dimen>
  <dimen name="qb_px_341">288.90dp</dimen>
  <dimen name="qb_px_342">289.75dp</dimen>
  <dimen name="qb_px_343">290.60dp</dimen>
  <dimen name="qb_px_344">291.44dp</dimen>
  <dimen name="qb_px_345">292.29dp</dimen>
  <dimen name="qb_px_346">293.14dp</dimen>
  <dimen name="qb_px_347">293.99dp</dimen>
  <dimen name="qb_px_348">294.83dp</dimen>
  <dimen name="qb_px_349">295.68dp</dimen>
  <dimen name="qb_px_350">296.53dp</dimen>
  <dimen name="qb_px_351">297.38dp</dimen>
  <dimen name="qb_px_352">298.22dp</dimen>
  <dimen name="qb_px_353">299.07dp</dimen>
  <dimen name="qb_px_354">299.92dp</dimen>
  <dimen name="qb_px_355">300.76dp</dimen>
  <dimen name="qb_px_356">301.61dp</dimen>
  <dimen name="qb_px_357">302.46dp</dimen>
  <dimen name="qb_px_358">303.31dp</dimen>
  <dimen name="qb_px_359">304.15dp</dimen>
  <dimen name="qb_px_360">305.00dp</dimen>
  <dimen name="qb_px_361">305.85dp</dimen>
  <dimen name="qb_px_362">306.69dp</dimen>
  <dimen name="qb_px_363">307.54dp</dimen>
  <dimen name="qb_px_364">308.39dp</dimen>
  <dimen name="qb_px_365">309.24dp</dimen>
  <dimen name="qb_px_366">310.08dp</dimen>
  <dimen name="qb_px_367">310.93dp</dimen>
  <dimen name="qb_px_368">311.78dp</dimen>
  <dimen name="qb_px_369">312.63dp</dimen>
  <dimen name="qb_px_370">313.47dp</dimen>
  <dimen name="qb_px_371">314.32dp</dimen>
  <dimen name="qb_px_372">315.17dp</dimen>
  <dimen name="qb_px_373">316.01dp</dimen>
  <dimen name="qb_px_374">316.86dp</dimen>
  <dimen name="qb_px_375">317.71dp</dimen>
  <dimen name="qb_px_376">318.56dp</dimen>
  <dimen name="qb_px_377">319.40dp</dimen>
  <dimen name="qb_px_378">320.25dp</dimen>
  <dimen name="qb_px_379">321.10dp</dimen>
  <dimen name="qb_px_380">321.94dp</dimen>
  <dimen name="qb_px_381">322.79dp</dimen>
  <dimen name="qb_px_382">323.64dp</dimen>
  <dimen name="qb_px_383">324.49dp</dimen>
  <dimen name="qb_px_384">325.33dp</dimen>
  <dimen name="qb_px_385">326.18dp</dimen>
  <dimen name="qb_px_386">327.03dp</dimen>
  <dimen name="qb_px_387">327.88dp</dimen>
  <dimen name="qb_px_388">328.72dp</dimen>
  <dimen name="qb_px_389">329.57dp</dimen>
  <dimen name="qb_px_390">330.42dp</dimen>
  <dimen name="qb_px_391">331.26dp</dimen>
  <dimen name="qb_px_392">332.11dp</dimen>
  <dimen name="qb_px_393">332.96dp</dimen>
  <dimen name="qb_px_394">333.81dp</dimen>
  <dimen name="qb_px_395">334.65dp</dimen>
  <dimen name="qb_px_396">335.50dp</dimen>
  <dimen name="qb_px_397">336.35dp</dimen>
  <dimen name="qb_px_398">337.19dp</dimen>
  <dimen name="qb_px_399">338.04dp</dimen>
  <dimen name="qb_px_400">338.89dp</dimen>
  <dimen name="qb_px_401">339.74dp</dimen>
  <dimen name="qb_px_402">340.58dp</dimen>
  <dimen name="qb_px_403">341.43dp</dimen>
  <dimen name="qb_px_404">342.28dp</dimen>
  <dimen name="qb_px_405">343.13dp</dimen>
  <dimen name="qb_px_406">343.97dp</dimen>
  <dimen name="qb_px_407">344.82dp</dimen>
  <dimen name="qb_px_408">345.67dp</dimen>
  <dimen name="qb_px_409">346.51dp</dimen>
  <dimen name="qb_px_410">347.36dp</dimen>
  <dimen name="qb_px_411">348.21dp</dimen>
  <dimen name="qb_px_412">349.06dp</dimen>
  <dimen name="qb_px_413">349.90dp</dimen>
  <dimen name="qb_px_414">350.75dp</dimen>
  <dimen name="qb_px_415">351.60dp</dimen>
  <dimen name="qb_px_416">352.44dp</dimen>
  <dimen name="qb_px_417">353.29dp</dimen>
  <dimen name="qb_px_418">354.14dp</dimen>
  <dimen name="qb_px_419">354.99dp</dimen>
  <dimen name="qb_px_420">355.83dp</dimen>
  <dimen name="qb_px_421">356.68dp</dimen>
  <dimen name="qb_px_422">357.53dp</dimen>
  <dimen name="qb_px_423">358.38dp</dimen>
  <dimen name="qb_px_424">359.22dp</dimen>
  <dimen name="qb_px_425">360.07dp</dimen>
  <dimen name="qb_px_426">360.92dp</dimen>
  <dimen name="qb_px_427">361.76dp</dimen>
  <dimen name="qb_px_428">362.61dp</dimen>
  <dimen name="qb_px_429">363.46dp</dimen>
  <dimen name="qb_px_430">364.31dp</dimen>
  <dimen name="qb_px_431">365.15dp</dimen>
  <dimen name="qb_px_432">366.00dp</dimen>
  <dimen name="qb_px_433">366.85dp</dimen>
  <dimen name="qb_px_434">367.69dp</dimen>
  <dimen name="qb_px_435">368.54dp</dimen>
  <dimen name="qb_px_436">369.39dp</dimen>
  <dimen name="qb_px_437">370.24dp</dimen>
  <dimen name="qb_px_438">371.08dp</dimen>
  <dimen name="qb_px_439">371.93dp</dimen>
  <dimen name="qb_px_440">372.78dp</dimen>
  <dimen name="qb_px_441">373.63dp</dimen>
  <dimen name="qb_px_442">374.47dp</dimen>
  <dimen name="qb_px_443">375.32dp</dimen>
  <dimen name="qb_px_444">376.17dp</dimen>
  <dimen name="qb_px_445">377.01dp</dimen>
  <dimen name="qb_px_446">377.86dp</dimen>
  <dimen name="qb_px_447">378.71dp</dimen>
  <dimen name="qb_px_448">379.56dp</dimen>
  <dimen name="qb_px_449">380.40dp</dimen>
  <dimen name="qb_px_450">381.25dp</dimen>
  <dimen name="qb_px_451">382.10dp</dimen>
  <dimen name="qb_px_452">382.94dp</dimen>
  <dimen name="qb_px_453">383.79dp</dimen>
  <dimen name="qb_px_454">384.64dp</dimen>
  <dimen name="qb_px_455">385.49dp</dimen>
  <dimen name="qb_px_456">386.33dp</dimen>
  <dimen name="qb_px_457">387.18dp</dimen>
  <dimen name="qb_px_458">388.03dp</dimen>
  <dimen name="qb_px_459">388.88dp</dimen>
  <dimen name="qb_px_460">389.72dp</dimen>
  <dimen name="qb_px_461">390.57dp</dimen>
  <dimen name="qb_px_462">391.42dp</dimen>
  <dimen name="qb_px_463">392.26dp</dimen>
  <dimen name="qb_px_464">393.11dp</dimen>
  <dimen name="qb_px_465">393.96dp</dimen>
  <dimen name="qb_px_466">394.81dp</dimen>
  <dimen name="qb_px_467">395.65dp</dimen>
  <dimen name="qb_px_468">396.50dp</dimen>
  <dimen name="qb_px_469">397.35dp</dimen>
  <dimen name="qb_px_470">398.19dp</dimen>
  <dimen name="qb_px_471">399.04dp</dimen>
  <dimen name="qb_px_472">399.89dp</dimen>
  <dimen name="qb_px_473">400.74dp</dimen>
  <dimen name="qb_px_474">401.58dp</dimen>
  <dimen name="qb_px_475">402.43dp</dimen>
  <dimen name="qb_px_476">403.28dp</dimen>
  <dimen name="qb_px_477">404.13dp</dimen>
  <dimen name="qb_px_478">404.97dp</dimen>
  <dimen name="qb_px_479">405.82dp</dimen>
  <dimen name="qb_px_480">406.67dp</dimen>
  <dimen name="qb_px_481">407.51dp</dimen>
  <dimen name="qb_px_482">408.36dp</dimen>
  <dimen name="qb_px_483">409.21dp</dimen>
  <dimen name="qb_px_484">410.06dp</dimen>
  <dimen name="qb_px_485">410.90dp</dimen>
  <dimen name="qb_px_486">411.75dp</dimen>
  <dimen name="qb_px_487">412.60dp</dimen>
  <dimen name="qb_px_488">413.44dp</dimen>
  <dimen name="qb_px_489">414.29dp</dimen>
  <dimen name="qb_px_490">415.14dp</dimen>
  <dimen name="qb_px_491">415.99dp</dimen>
  <dimen name="qb_px_492">416.83dp</dimen>
  <dimen name="qb_px_493">417.68dp</dimen>
  <dimen name="qb_px_494">418.53dp</dimen>
  <dimen name="qb_px_495">419.38dp</dimen>
  <dimen name="qb_px_496">420.22dp</dimen>
  <dimen name="qb_px_497">421.07dp</dimen>
  <dimen name="qb_px_498">421.92dp</dimen>
  <dimen name="qb_px_499">422.76dp</dimen>
  <dimen name="qb_px_500">423.61dp</dimen>
  <dimen name="qb_px_501">424.46dp</dimen>
  <dimen name="qb_px_502">425.31dp</dimen>
  <dimen name="qb_px_503">426.15dp</dimen>
  <dimen name="qb_px_504">427.00dp</dimen>
  <dimen name="qb_px_505">427.85dp</dimen>
  <dimen name="qb_px_506">428.69dp</dimen>
  <dimen name="qb_px_507">429.54dp</dimen>
  <dimen name="qb_px_508">430.39dp</dimen>
  <dimen name="qb_px_509">431.24dp</dimen>
  <dimen name="qb_px_510">432.08dp</dimen>
  <dimen name="qb_px_511">432.93dp</dimen>
  <dimen name="qb_px_512">433.78dp</dimen>
  <dimen name="qb_px_513">434.63dp</dimen>
  <dimen name="qb_px_514">435.47dp</dimen>
  <dimen name="qb_px_515">436.32dp</dimen>
  <dimen name="qb_px_516">437.17dp</dimen>
  <dimen name="qb_px_517">438.01dp</dimen>
  <dimen name="qb_px_518">438.86dp</dimen>
  <dimen name="qb_px_519">439.71dp</dimen>
  <dimen name="qb_px_520">440.56dp</dimen>
  <dimen name="qb_px_521">441.40dp</dimen>
  <dimen name="qb_px_522">442.25dp</dimen>
  <dimen name="qb_px_523">443.10dp</dimen>
  <dimen name="qb_px_524">443.94dp</dimen>
  <dimen name="qb_px_525">444.79dp</dimen>
  <dimen name="qb_px_526">445.64dp</dimen>
  <dimen name="qb_px_527">446.49dp</dimen>
  <dimen name="qb_px_528">447.33dp</dimen>
  <dimen name="qb_px_529">448.18dp</dimen>
  <dimen name="qb_px_530">449.03dp</dimen>
  <dimen name="qb_px_531">449.88dp</dimen>
  <dimen name="qb_px_532">450.72dp</dimen>
  <dimen name="qb_px_533">451.57dp</dimen>
  <dimen name="qb_px_534">452.42dp</dimen>
  <dimen name="qb_px_535">453.26dp</dimen>
  <dimen name="qb_px_536">454.11dp</dimen>
  <dimen name="qb_px_537">454.96dp</dimen>
  <dimen name="qb_px_538">455.81dp</dimen>
  <dimen name="qb_px_539">456.65dp</dimen>
  <dimen name="qb_px_540">457.50dp</dimen>
  <dimen name="qb_px_541">458.35dp</dimen>
  <dimen name="qb_px_542">459.19dp</dimen>
  <dimen name="qb_px_543">460.04dp</dimen>
  <dimen name="qb_px_544">460.89dp</dimen>
  <dimen name="qb_px_545">461.74dp</dimen>
  <dimen name="qb_px_546">462.58dp</dimen>
  <dimen name="qb_px_547">463.43dp</dimen>
  <dimen name="qb_px_548">464.28dp</dimen>
  <dimen name="qb_px_549">465.13dp</dimen>
  <dimen name="qb_px_550">465.97dp</dimen>
  <dimen name="qb_px_551">466.82dp</dimen>
  <dimen name="qb_px_552">467.67dp</dimen>
  <dimen name="qb_px_553">468.51dp</dimen>
  <dimen name="qb_px_554">469.36dp</dimen>
  <dimen name="qb_px_555">470.21dp</dimen>
  <dimen name="qb_px_556">471.06dp</dimen>
  <dimen name="qb_px_557">471.90dp</dimen>
  <dimen name="qb_px_558">472.75dp</dimen>
  <dimen name="qb_px_559">473.60dp</dimen>
  <dimen name="qb_px_560">474.44dp</dimen>
  <dimen name="qb_px_561">475.29dp</dimen>
  <dimen name="qb_px_562">476.14dp</dimen>
  <dimen name="qb_px_563">476.99dp</dimen>
  <dimen name="qb_px_564">477.83dp</dimen>
  <dimen name="qb_px_565">478.68dp</dimen>
  <dimen name="qb_px_566">479.53dp</dimen>
  <dimen name="qb_px_567">480.38dp</dimen>
  <dimen name="qb_px_568">481.22dp</dimen>
  <dimen name="qb_px_569">482.07dp</dimen>
  <dimen name="qb_px_570">482.92dp</dimen>
  <dimen name="qb_px_571">483.76dp</dimen>
  <dimen name="qb_px_572">484.61dp</dimen>
  <dimen name="qb_px_573">485.46dp</dimen>
  <dimen name="qb_px_574">486.31dp</dimen>
  <dimen name="qb_px_575">487.15dp</dimen>
  <dimen name="qb_px_576">488.00dp</dimen>
  <dimen name="qb_px_577">488.85dp</dimen>
  <dimen name="qb_px_578">489.69dp</dimen>
  <dimen name="qb_px_579">490.54dp</dimen>
  <dimen name="qb_px_580">491.39dp</dimen>
  <dimen name="qb_px_581">492.24dp</dimen>
  <dimen name="qb_px_582">493.08dp</dimen>
  <dimen name="qb_px_583">493.93dp</dimen>
  <dimen name="qb_px_584">494.78dp</dimen>
  <dimen name="qb_px_585">495.63dp</dimen>
  <dimen name="qb_px_586">496.47dp</dimen>
  <dimen name="qb_px_587">497.32dp</dimen>
  <dimen name="qb_px_588">498.17dp</dimen>
  <dimen name="qb_px_589">499.01dp</dimen>
  <dimen name="qb_px_590">499.86dp</dimen>
  <dimen name="qb_px_591">500.71dp</dimen>
  <dimen name="qb_px_592">501.56dp</dimen>
  <dimen name="qb_px_593">502.40dp</dimen>
  <dimen name="qb_px_594">503.25dp</dimen>
  <dimen name="qb_px_595">504.10dp</dimen>
  <dimen name="qb_px_596">504.94dp</dimen>
  <dimen name="qb_px_597">505.79dp</dimen>
  <dimen name="qb_px_598">506.64dp</dimen>
  <dimen name="qb_px_599">507.49dp</dimen>
  <dimen name="qb_px_600">508.33dp</dimen>
  <dimen name="qb_px_1200">1016.66dp</dimen>
  <dimen name="qb_px_601">509.18dp</dimen>
  <dimen name="qb_px_602">510.03dp</dimen>
  <dimen name="qb_px_603">510.88dp</dimen>
  <dimen name="qb_px_604">511.72dp</dimen>
  <dimen name="qb_px_605">512.57dp</dimen>
  <dimen name="qb_px_606">513.42dp</dimen>
  <dimen name="qb_px_607">514.26dp</dimen>
  <dimen name="qb_px_608">515.11dp</dimen>
  <dimen name="qb_px_609">515.96dp</dimen>
  <dimen name="qb_px_610">516.81dp</dimen>
  <dimen name="qb_px_611">517.65dp</dimen>
  <dimen name="qb_px_612">518.50dp</dimen>
  <dimen name="qb_px_613">519.35dp</dimen>
  <dimen name="qb_px_614">520.19dp</dimen>
  <dimen name="qb_px_615">521.04dp</dimen>
  <dimen name="qb_px_616">521.89dp</dimen>
  <dimen name="qb_px_617">522.74dp</dimen>
  <dimen name="qb_px_618">523.58dp</dimen>
  <dimen name="qb_px_619">524.43dp</dimen>
  <dimen name="qb_px_620">525.28dp</dimen>
  <dimen name="qb_px_621">526.13dp</dimen>
  <dimen name="qb_px_622">526.97dp</dimen>
  <dimen name="qb_px_623">527.82dp</dimen>
  <dimen name="qb_px_624">528.67dp</dimen>
  <dimen name="qb_px_625">529.51dp</dimen>
  <dimen name="qb_px_626">530.36dp</dimen>
  <dimen name="qb_px_627">531.21dp</dimen>
  <dimen name="qb_px_628">532.06dp</dimen>
  <dimen name="qb_px_629">532.90dp</dimen>
  <dimen name="qb_px_630">533.75dp</dimen>
  <dimen name="qb_px_631">534.60dp</dimen>
  <dimen name="qb_px_632">535.44dp</dimen>
  <dimen name="qb_px_633">536.29dp</dimen>
  <dimen name="qb_px_634">537.14dp</dimen>
  <dimen name="qb_px_635">537.99dp</dimen>
  <dimen name="qb_px_636">538.83dp</dimen>
  <dimen name="qb_px_637">539.68dp</dimen>
  <dimen name="qb_px_638">540.53dp</dimen>
  <dimen name="qb_px_639">541.38dp</dimen>
  <dimen name="qb_px_640">542.22dp</dimen>
  <dimen name="qb_px_641">543.07dp</dimen>
  <dimen name="qb_px_642">543.92dp</dimen>
  <dimen name="qb_px_643">544.76dp</dimen>
  <dimen name="qb_px_644">545.61dp</dimen>
  <dimen name="qb_px_645">546.46dp</dimen>
  <dimen name="qb_px_646">547.31dp</dimen>
  <dimen name="qb_px_647">548.15dp</dimen>
  <dimen name="qb_px_648">549.00dp</dimen>
  <dimen name="qb_px_649">549.85dp</dimen>
  <dimen name="qb_px_650">550.69dp</dimen>
  <dimen name="qb_px_651">551.54dp</dimen>
  <dimen name="qb_px_652">552.39dp</dimen>
  <dimen name="qb_px_653">553.24dp</dimen>
  <dimen name="qb_px_654">554.08dp</dimen>
  <dimen name="qb_px_655">554.93dp</dimen>
  <dimen name="qb_px_656">555.78dp</dimen>
  <dimen name="qb_px_657">556.63dp</dimen>
  <dimen name="qb_px_658">557.47dp</dimen>
  <dimen name="qb_px_659">558.32dp</dimen>
  <dimen name="qb_px_660">559.17dp</dimen>
  <dimen name="qb_px_661">560.01dp</dimen>
  <dimen name="qb_px_662">560.86dp</dimen>
  <dimen name="qb_px_663">561.71dp</dimen>
  <dimen name="qb_px_664">562.56dp</dimen>
  <dimen name="qb_px_665">563.40dp</dimen>
  <dimen name="qb_px_666">564.25dp</dimen>
  <dimen name="qb_px_667">565.10dp</dimen>
  <dimen name="qb_px_668">565.94dp</dimen>
  <dimen name="qb_px_669">566.79dp</dimen>
  <dimen name="qb_px_670">567.64dp</dimen>
  <dimen name="qb_px_671">568.49dp</dimen>
  <dimen name="qb_px_672">569.33dp</dimen>
  <dimen name="qb_px_673">570.18dp</dimen>
  <dimen name="qb_px_674">571.03dp</dimen>
  <dimen name="qb_px_675">571.88dp</dimen>
  <dimen name="qb_px_676">572.72dp</dimen>
  <dimen name="qb_px_677">573.57dp</dimen>
  <dimen name="qb_px_678">574.42dp</dimen>
  <dimen name="qb_px_679">575.26dp</dimen>
  <dimen name="qb_px_680">576.11dp</dimen>
  <dimen name="qb_px_681">576.96dp</dimen>
  <dimen name="qb_px_682">577.81dp</dimen>
  <dimen name="qb_px_683">578.65dp</dimen>
  <dimen name="qb_px_684">579.50dp</dimen>
  <dimen name="qb_px_685">580.35dp</dimen>
  <dimen name="qb_px_686">581.19dp</dimen>
  <dimen name="qb_px_687">582.04dp</dimen>
  <dimen name="qb_px_688">582.89dp</dimen>
  <dimen name="qb_px_689">583.74dp</dimen>
  <dimen name="qb_px_690">584.58dp</dimen>
  <dimen name="qb_px_691">585.43dp</dimen>
  <dimen name="qb_px_692">586.28dp</dimen>
  <dimen name="qb_px_693">587.13dp</dimen>
  <dimen name="qb_px_694">587.97dp</dimen>
  <dimen name="qb_px_695">588.82dp</dimen>
  <dimen name="qb_px_696">589.67dp</dimen>
  <dimen name="qb_px_697">590.51dp</dimen>
  <dimen name="qb_px_698">591.36dp</dimen>
  <dimen name="qb_px_699">592.21dp</dimen>
  <dimen name="qb_px_700">593.06dp</dimen>
  <dimen name="qb_px_701">593.90dp</dimen>
  <dimen name="qb_px_702">594.75dp</dimen>
  <dimen name="qb_px_703">595.60dp</dimen>
  <dimen name="qb_px_704">596.44dp</dimen>
  <dimen name="qb_px_705">597.29dp</dimen>
  <dimen name="qb_px_706">598.14dp</dimen>
  <dimen name="qb_px_707">598.99dp</dimen>
  <dimen name="qb_px_708">599.83dp</dimen>
  <dimen name="qb_px_709">600.68dp</dimen>
  <dimen name="qb_px_710">601.53dp</dimen>
  <dimen name="qb_px_711">602.38dp</dimen>
  <dimen name="qb_px_712">603.22dp</dimen>
  <dimen name="qb_px_713">604.07dp</dimen>
  <dimen name="qb_px_714">604.92dp</dimen>
  <dimen name="qb_px_715">605.76dp</dimen>
  <dimen name="qb_px_716">606.61dp</dimen>
  <dimen name="qb_px_717">607.46dp</dimen>
  <dimen name="qb_px_718">608.31dp</dimen>
  <dimen name="qb_px_719">609.15dp</dimen>
  <dimen name="qb_px_720">610.00dp</dimen>
  <dimen name="qb_px_1440">1220.00dp</dimen>
  <dimen name="qb_px_721">610.85dp</dimen>
  <dimen name="qb_px_722">611.69dp</dimen>
  <dimen name="qb_px_723">612.54dp</dimen>
  <dimen name="qb_px_724">613.39dp</dimen>
  <dimen name="qb_px_725">614.24dp</dimen>
  <dimen name="qb_px_726">615.08dp</dimen>
  <dimen name="qb_px_727">615.93dp</dimen>
  <dimen name="qb_px_728">616.78dp</dimen>
  <dimen name="qb_px_729">617.63dp</dimen>
  <dimen name="qb_px_730">618.47dp</dimen>
  <dimen name="qb_px_731">619.32dp</dimen>
  <dimen name="qb_px_732">620.17dp</dimen>
  <dimen name="qb_px_733">621.01dp</dimen>
  <dimen name="qb_px_734">621.86dp</dimen>
  <dimen name="qb_px_735">622.71dp</dimen>
  <dimen name="qb_px_736">623.56dp</dimen>
  <dimen name="qb_px_737">624.40dp</dimen>
  <dimen name="qb_px_738">625.25dp</dimen>
  <dimen name="qb_px_739">626.10dp</dimen>
  <dimen name="qb_px_740">626.94dp</dimen>
  <dimen name="qb_px_741">627.79dp</dimen>
  <dimen name="qb_px_742">628.64dp</dimen>
  <dimen name="qb_px_743">629.49dp</dimen>
  <dimen name="qb_px_744">630.33dp</dimen>
  <dimen name="qb_px_745">631.18dp</dimen>
  <dimen name="qb_px_746">632.03dp</dimen>
  <dimen name="qb_px_747">632.88dp</dimen>
  <dimen name="qb_px_748">633.72dp</dimen>
  <dimen name="qb_px_749">634.57dp</dimen>
  <dimen name="qb_px_750">635.42dp</dimen>
  <dimen name="qb_px_751">636.26dp</dimen>
  <dimen name="qb_px_752">637.11dp</dimen>
  <dimen name="qb_px_753">637.96dp</dimen>
  <dimen name="qb_px_754">638.81dp</dimen>
  <dimen name="qb_px_755">639.65dp</dimen>
  <dimen name="qb_px_756">640.50dp</dimen>
  <dimen name="qb_px_757">641.35dp</dimen>
  <dimen name="qb_px_758">642.19dp</dimen>
  <dimen name="qb_px_759">643.04dp</dimen>
  <dimen name="qb_px_760">643.89dp</dimen>
  <dimen name="qb_px_761">644.74dp</dimen>
  <dimen name="qb_px_762">645.58dp</dimen>
  <dimen name="qb_px_763">646.43dp</dimen>
  <dimen name="qb_px_764">647.28dp</dimen>
  <dimen name="qb_px_765">648.13dp</dimen>
  <dimen name="qb_px_766">648.97dp</dimen>
  <dimen name="qb_px_767">649.82dp</dimen>
  <dimen name="qb_px_768">650.67dp</dimen>
  <dimen name="qb_px_769">651.51dp</dimen>
  <dimen name="qb_px_770">652.36dp</dimen>
  <dimen name="qb_px_771">653.21dp</dimen>
  <dimen name="qb_px_772">654.06dp</dimen>
  <dimen name="qb_px_773">654.90dp</dimen>
  <dimen name="qb_px_774">655.75dp</dimen>
  <dimen name="qb_px_775">656.60dp</dimen>
  <dimen name="qb_px_776">657.44dp</dimen>
  <dimen name="qb_px_777">658.29dp</dimen>
  <dimen name="qb_px_778">659.14dp</dimen>
  <dimen name="qb_px_779">659.99dp</dimen>
  <dimen name="qb_px_780">660.83dp</dimen>
  <dimen name="qb_px_781">661.68dp</dimen>
  <dimen name="qb_px_782">662.53dp</dimen>
  <dimen name="qb_px_783">663.38dp</dimen>
  <dimen name="qb_px_784">664.22dp</dimen>
  <dimen name="qb_px_785">665.07dp</dimen>
  <dimen name="qb_px_786">665.92dp</dimen>
  <dimen name="qb_px_787">666.76dp</dimen>
  <dimen name="qb_px_788">667.61dp</dimen>
  <dimen name="qb_px_789">668.46dp</dimen>
  <dimen name="qb_px_790">669.31dp</dimen>
  <dimen name="qb_px_791">670.15dp</dimen>
  <dimen name="qb_px_792">671.00dp</dimen>
  <dimen name="qb_px_793">671.85dp</dimen>
  <dimen name="qb_px_794">672.69dp</dimen>
  <dimen name="qb_px_795">673.54dp</dimen>
  <dimen name="qb_px_796">674.39dp</dimen>
  <dimen name="qb_px_797">675.24dp</dimen>
  <dimen name="qb_px_798">676.08dp</dimen>
  <dimen name="qb_px_799">676.93dp</dimen>
  <dimen name="qb_px_800">677.78dp</dimen>
  <dimen name="qb_px_1600">1355.56dp</dimen>
  <dimen name="qb_px_2400">2033.34dp</dimen>
  <dimen name="qb_px_3200">2711.12dp</dimen>
  <dimen name="qb_px_801">678.63dp</dimen>
  <dimen name="qb_px_802">679.47dp</dimen>
  <dimen name="qb_px_803">680.32dp</dimen>
  <dimen name="qb_px_804">681.17dp</dimen>
  <dimen name="qb_px_805">682.01dp</dimen>
  <dimen name="qb_px_806">682.86dp</dimen>
  <dimen name="qb_px_807">683.71dp</dimen>
  <dimen name="qb_px_808">684.56dp</dimen>
  <dimen name="qb_px_809">685.40dp</dimen>
  <dimen name="qb_px_810">686.25dp</dimen>
  <dimen name="qb_px_811">687.10dp</dimen>
  <dimen name="qb_px_812">687.94dp</dimen>
  <dimen name="qb_px_813">688.79dp</dimen>
  <dimen name="qb_px_814">689.64dp</dimen>
  <dimen name="qb_px_815">690.49dp</dimen>
  <dimen name="qb_px_816">691.33dp</dimen>
  <dimen name="qb_px_817">692.18dp</dimen>
  <dimen name="qb_px_818">693.03dp</dimen>
  <dimen name="qb_px_819">693.88dp</dimen>
  <dimen name="qb_px_820">694.72dp</dimen>
  <dimen name="qb_px_821">695.57dp</dimen>
  <dimen name="qb_px_822">696.42dp</dimen>
  <dimen name="qb_px_823">697.26dp</dimen>
  <dimen name="qb_px_824">698.11dp</dimen>
  <dimen name="qb_px_825">698.96dp</dimen>
  <dimen name="qb_px_826">699.81dp</dimen>
  <dimen name="qb_px_827">700.65dp</dimen>
  <dimen name="qb_px_828">701.50dp</dimen>
  <dimen name="qb_px_829">702.35dp</dimen>
  <dimen name="qb_px_830">703.19dp</dimen>
  <dimen name="qb_px_831">704.04dp</dimen>
  <dimen name="qb_px_832">704.89dp</dimen>
  <dimen name="qb_px_833">705.74dp</dimen>
  <dimen name="qb_px_834">706.58dp</dimen>
  <dimen name="qb_px_835">707.43dp</dimen>
  <dimen name="qb_px_836">708.28dp</dimen>
  <dimen name="qb_px_837">709.13dp</dimen>
  <dimen name="qb_px_838">709.97dp</dimen>
  <dimen name="qb_px_839">710.82dp</dimen>
  <dimen name="qb_px_840">711.67dp</dimen>
  <dimen name="qb_px_841">712.51dp</dimen>
  <dimen name="qb_px_842">713.36dp</dimen>
  <dimen name="qb_px_843">714.21dp</dimen>
  <dimen name="qb_px_844">715.06dp</dimen>
  <dimen name="qb_px_845">715.90dp</dimen>
  <dimen name="qb_px_846">716.75dp</dimen>
  <dimen name="qb_px_847">717.60dp</dimen>
  <dimen name="qb_px_848">718.44dp</dimen>
  <dimen name="qb_px_849">719.29dp</dimen>
  <dimen name="qb_px_850">720.14dp</dimen>
  <dimen name="qb_px_851">720.99dp</dimen>
  <dimen name="qb_px_852">721.83dp</dimen>
  <dimen name="qb_px_853">722.68dp</dimen>
  <dimen name="qb_px_854">723.53dp</dimen>
  <dimen name="qb_px_855">724.38dp</dimen>
  <dimen name="qb_px_856">725.22dp</dimen>
  <dimen name="qb_px_857">726.07dp</dimen>
  <dimen name="qb_px_858">726.92dp</dimen>
  <dimen name="qb_px_859">727.76dp</dimen>
  <dimen name="qb_px_860">728.61dp</dimen>
  <dimen name="qb_px_861">729.46dp</dimen>
  <dimen name="qb_px_862">730.31dp</dimen>
  <dimen name="qb_px_863">731.15dp</dimen>
  <dimen name="qb_px_864">732.00dp</dimen>
  <dimen name="qb_px_865">732.85dp</dimen>
  <dimen name="qb_px_866">733.69dp</dimen>
  <dimen name="qb_px_867">734.54dp</dimen>
  <dimen name="qb_px_868">735.39dp</dimen>
  <dimen name="qb_px_869">736.24dp</dimen>
  <dimen name="qb_px_870">737.08dp</dimen>
  <dimen name="qb_px_871">737.93dp</dimen>
  <dimen name="qb_px_872">738.78dp</dimen>
  <dimen name="qb_px_873">739.63dp</dimen>
  <dimen name="qb_px_874">740.47dp</dimen>
  <dimen name="qb_px_875">741.32dp</dimen>
  <dimen name="qb_px_876">742.17dp</dimen>
  <dimen name="qb_px_877">743.01dp</dimen>
  <dimen name="qb_px_878">743.86dp</dimen>
  <dimen name="qb_px_879">744.71dp</dimen>
  <dimen name="qb_px_880">745.56dp</dimen>
  <dimen name="qb_px_881">746.40dp</dimen>
  <dimen name="qb_px_882">747.25dp</dimen>
  <dimen name="qb_px_883">748.10dp</dimen>
  <dimen name="qb_px_884">748.94dp</dimen>
  <dimen name="qb_px_885">749.79dp</dimen>
  <dimen name="qb_px_886">750.64dp</dimen>
  <dimen name="qb_px_887">751.49dp</dimen>
  <dimen name="qb_px_888">752.33dp</dimen>
  <dimen name="qb_px_889">753.18dp</dimen>
  <dimen name="qb_px_890">754.03dp</dimen>
  <dimen name="qb_px_891">754.88dp</dimen>
  <dimen name="qb_px_892">755.72dp</dimen>
  <dimen name="qb_px_893">756.57dp</dimen>
  <dimen name="qb_px_894">757.42dp</dimen>
  <dimen name="qb_px_895">758.26dp</dimen>
  <dimen name="qb_px_896">759.11dp</dimen>
  <dimen name="qb_px_897">759.96dp</dimen>
  <dimen name="qb_px_898">760.81dp</dimen>
  <dimen name="qb_px_899">761.65dp</dimen>
  <dimen name="qb_px_900">762.50dp</dimen>
  <dimen name="qb_px_901">763.35dp</dimen>
  <dimen name="qb_px_902">764.19dp</dimen>
  <dimen name="qb_px_903">765.04dp</dimen>
  <dimen name="qb_px_904">765.89dp</dimen>
  <dimen name="qb_px_905">766.74dp</dimen>
  <dimen name="qb_px_906">767.58dp</dimen>
  <dimen name="qb_px_907">768.43dp</dimen>
  <dimen name="qb_px_908">769.28dp</dimen>
  <dimen name="qb_px_909">770.13dp</dimen>
  <dimen name="qb_px_910">770.97dp</dimen>
  <dimen name="qb_px_911">771.82dp</dimen>
  <dimen name="qb_px_912">772.67dp</dimen>
  <dimen name="qb_px_913">773.51dp</dimen>
  <dimen name="qb_px_914">774.36dp</dimen>
  <dimen name="qb_px_915">775.21dp</dimen>
  <dimen name="qb_px_916">776.06dp</dimen>
  <dimen name="qb_px_917">776.90dp</dimen>
  <dimen name="qb_px_918">777.75dp</dimen>
  <dimen name="qb_px_919">778.60dp</dimen>
  <dimen name="qb_px_920">779.44dp</dimen>
  <dimen name="qb_px_921">780.29dp</dimen>
  <dimen name="qb_px_922">781.14dp</dimen>
  <dimen name="qb_px_923">781.99dp</dimen>
  <dimen name="qb_px_924">782.83dp</dimen>
  <dimen name="qb_px_925">783.68dp</dimen>
  <dimen name="qb_px_926">784.53dp</dimen>
  <dimen name="qb_px_927">785.38dp</dimen>
  <dimen name="qb_px_928">786.22dp</dimen>
  <dimen name="qb_px_929">787.07dp</dimen>
  <dimen name="qb_px_930">787.92dp</dimen>
  <dimen name="qb_px_931">788.76dp</dimen>
  <dimen name="qb_px_932">789.61dp</dimen>
  <dimen name="qb_px_933">790.46dp</dimen>
  <dimen name="qb_px_934">791.31dp</dimen>
  <dimen name="qb_px_935">792.15dp</dimen>
  <dimen name="qb_px_936">793.00dp</dimen>
  <dimen name="qb_px_937">793.85dp</dimen>
  <dimen name="qb_px_938">794.69dp</dimen>
  <dimen name="qb_px_939">795.54dp</dimen>
  <dimen name="qb_px_940">796.39dp</dimen>
  <dimen name="qb_px_941">797.24dp</dimen>
  <dimen name="qb_px_942">798.08dp</dimen>
  <dimen name="qb_px_943">798.93dp</dimen>
  <dimen name="qb_px_944">799.78dp</dimen>
  <dimen name="qb_px_945">800.63dp</dimen>
  <dimen name="qb_px_946">801.47dp</dimen>
  <dimen name="qb_px_947">802.32dp</dimen>
  <dimen name="qb_px_948">803.17dp</dimen>
  <dimen name="qb_px_949">804.01dp</dimen>
  <dimen name="qb_px_950">804.86dp</dimen>
  <dimen name="qb_px_951">805.71dp</dimen>
  <dimen name="qb_px_952">806.56dp</dimen>
  <dimen name="qb_px_953">807.40dp</dimen>
  <dimen name="qb_px_954">808.25dp</dimen>
  <dimen name="qb_px_955">809.10dp</dimen>
  <dimen name="qb_px_956">809.94dp</dimen>
  <dimen name="qb_px_957">810.79dp</dimen>
  <dimen name="qb_px_958">811.64dp</dimen>
  <dimen name="qb_px_959">812.49dp</dimen>
  <dimen name="qb_px_960">813.33dp</dimen>
  <dimen name="qb_px_961">814.18dp</dimen>
  <dimen name="qb_px_962">815.03dp</dimen>
  <dimen name="qb_px_963">815.88dp</dimen>
  <dimen name="qb_px_964">816.72dp</dimen>
  <dimen name="qb_px_965">817.57dp</dimen>
  <dimen name="qb_px_966">818.42dp</dimen>
  <dimen name="qb_px_967">819.26dp</dimen>
  <dimen name="qb_px_968">820.11dp</dimen>
  <dimen name="qb_px_969">820.96dp</dimen>
  <dimen name="qb_px_970">821.81dp</dimen>
  <dimen name="qb_px_971">822.65dp</dimen>
  <dimen name="qb_px_972">823.50dp</dimen>
  <dimen name="qb_px_973">824.35dp</dimen>
  <dimen name="qb_px_974">825.19dp</dimen>
  <dimen name="qb_px_975">826.04dp</dimen>
  <dimen name="qb_px_976">826.89dp</dimen>
  <dimen name="qb_px_977">827.74dp</dimen>
  <dimen name="qb_px_978">828.58dp</dimen>
  <dimen name="qb_px_979">829.43dp</dimen>
  <dimen name="qb_px_980">830.28dp</dimen>
  <dimen name="qb_px_981">831.13dp</dimen>
  <dimen name="qb_px_982">831.97dp</dimen>
  <dimen name="qb_px_983">832.82dp</dimen>
  <dimen name="qb_px_984">833.67dp</dimen>
  <dimen name="qb_px_985">834.51dp</dimen>
  <dimen name="qb_px_986">835.36dp</dimen>
  <dimen name="qb_px_987">836.21dp</dimen>
  <dimen name="qb_px_988">837.06dp</dimen>
  <dimen name="qb_px_989">837.90dp</dimen>
  <dimen name="qb_px_990">838.75dp</dimen>
  <dimen name="qb_px_991">839.60dp</dimen>
  <dimen name="qb_px_992">840.44dp</dimen>
  <dimen name="qb_px_993">841.29dp</dimen>
  <dimen name="qb_px_994">842.14dp</dimen>
  <dimen name="qb_px_995">842.99dp</dimen>
  <dimen name="qb_px_996">843.83dp</dimen>
  <dimen name="qb_px_997">844.68dp</dimen>
  <dimen name="qb_px_998">845.53dp</dimen>
  <dimen name="qb_px_999">846.38dp</dimen>
  <dimen name="qb_px_1000">847.22dp</dimen>
  <dimen name="qb_px_1001">848.07dp</dimen>
  <dimen name="qb_px_1002">848.92dp</dimen>
  <dimen name="qb_px_1003">849.76dp</dimen>
  <dimen name="qb_px_1004">850.61dp</dimen>
  <dimen name="qb_px_1005">851.46dp</dimen>
  <dimen name="qb_px_1006">852.31dp</dimen>
  <dimen name="qb_px_1007">853.15dp</dimen>
  <dimen name="qb_px_1008">854.00dp</dimen>
  <dimen name="qb_px_1009">854.85dp</dimen>
  <dimen name="qb_px_1010">855.69dp</dimen>
  <dimen name="qb_px_1011">856.54dp</dimen>
  <dimen name="qb_px_1012">857.39dp</dimen>
  <dimen name="qb_px_1013">858.24dp</dimen>
  <dimen name="qb_px_1014">859.08dp</dimen>
  <dimen name="qb_px_1015">859.93dp</dimen>
  <dimen name="qb_px_1016">860.78dp</dimen>
  <dimen name="qb_px_1017">861.63dp</dimen>
  <dimen name="qb_px_1018">862.47dp</dimen>
  <dimen name="qb_px_1019">863.32dp</dimen>
  <dimen name="qb_px_1020">864.17dp</dimen>
  <dimen name="qb_px_1021">865.01dp</dimen>
  <dimen name="qb_px_1022">865.86dp</dimen>
  <dimen name="qb_px_1023">866.71dp</dimen>
  <dimen name="qb_px_1024">867.56dp</dimen>
  <dimen name="qb_px_1025">868.40dp</dimen>
  <dimen name="qb_px_1026">869.25dp</dimen>
  <dimen name="qb_px_1027">870.10dp</dimen>
  <dimen name="qb_px_1028">870.94dp</dimen>
  <dimen name="qb_px_1029">871.79dp</dimen>
  <dimen name="qb_px_1030">872.64dp</dimen>
  <dimen name="qb_px_1031">873.49dp</dimen>
  <dimen name="qb_px_1032">874.33dp</dimen>
  <dimen name="qb_px_1033">875.18dp</dimen>
  <dimen name="qb_px_1034">876.03dp</dimen>
  <dimen name="qb_px_1035">876.88dp</dimen>
  <dimen name="qb_px_1036">877.72dp</dimen>
  <dimen name="qb_px_1037">878.57dp</dimen>
  <dimen name="qb_px_1038">879.42dp</dimen>
  <dimen name="qb_px_1039">880.26dp</dimen>
  <dimen name="qb_px_1040">881.11dp</dimen>
  <dimen name="qb_px_1041">881.96dp</dimen>
  <dimen name="qb_px_1042">882.81dp</dimen>
  <dimen name="qb_px_1043">883.65dp</dimen>
  <dimen name="qb_px_1044">884.50dp</dimen>
  <dimen name="qb_px_1045">885.35dp</dimen>
  <dimen name="qb_px_1046">886.19dp</dimen>
  <dimen name="qb_px_1047">887.04dp</dimen>
  <dimen name="qb_px_1048">887.89dp</dimen>
  <dimen name="qb_px_1049">888.74dp</dimen>
  <dimen name="qb_px_1050">889.58dp</dimen>
  <dimen name="qb_px_1051">890.43dp</dimen>
  <dimen name="qb_px_1052">891.28dp</dimen>
  <dimen name="qb_px_1053">892.13dp</dimen>
  <dimen name="qb_px_1054">892.97dp</dimen>
  <dimen name="qb_px_1055">893.82dp</dimen>
  <dimen name="qb_px_1056">894.67dp</dimen>
  <dimen name="qb_px_1057">895.51dp</dimen>
  <dimen name="qb_px_1058">896.36dp</dimen>
  <dimen name="qb_px_1059">897.21dp</dimen>
  <dimen name="qb_px_1060">898.06dp</dimen>
  <dimen name="qb_px_1061">898.90dp</dimen>
  <dimen name="qb_px_1062">899.75dp</dimen>
  <dimen name="qb_px_1063">900.60dp</dimen>
  <dimen name="qb_px_1064">901.44dp</dimen>
  <dimen name="qb_px_1065">902.29dp</dimen>
  <dimen name="qb_px_1066">903.14dp</dimen>
  <dimen name="qb_px_1067">903.99dp</dimen>
  <dimen name="qb_px_1068">904.83dp</dimen>
  <dimen name="qb_px_1069">905.68dp</dimen>
  <dimen name="qb_px_1070">906.53dp</dimen>
  <dimen name="qb_px_1071">907.38dp</dimen>
  <dimen name="qb_px_1072">908.22dp</dimen>
  <dimen name="qb_px_1073">909.07dp</dimen>
  <dimen name="qb_px_1074">909.92dp</dimen>
  <dimen name="qb_px_1075">910.76dp</dimen>
  <dimen name="qb_px_1076">911.61dp</dimen>
  <dimen name="qb_px_1077">912.46dp</dimen>
  <dimen name="qb_px_1078">913.31dp</dimen>
  <dimen name="qb_px_1079">914.15dp</dimen>
  <dimen name="qb_px_1080">915.00dp</dimen>
  <dimen name="sb_px_0">0.00sp</dimen>
  <dimen name="sb_px_1">0.85sp</dimen>
  <dimen name="sb_px_2">1.69sp</dimen>
  <dimen name="sb_px_3">2.54sp</dimen>
  <dimen name="sb_px_4">3.39sp</dimen>
  <dimen name="sb_px_5">4.24sp</dimen>
  <dimen name="sb_px_6">5.08sp</dimen>
  <dimen name="sb_px_7">5.93sp</dimen>
  <dimen name="sb_px_8">6.78sp</dimen>
  <dimen name="sb_px_9">7.63sp</dimen>
  <dimen name="sb_px_10">8.47sp</dimen>
  <dimen name="sb_px_11">9.32sp</dimen>
  <dimen name="sb_px_12">10.17sp</dimen>
  <dimen name="sb_px_13">11.01sp</dimen>
  <dimen name="sb_px_14">11.86sp</dimen>
  <dimen name="sb_px_15">12.71sp</dimen>
  <dimen name="sb_px_16">13.56sp</dimen>
  <dimen name="sb_px_17">14.40sp</dimen>
  <dimen name="sb_px_18">15.25sp</dimen>
  <dimen name="sb_px_19">16.10sp</dimen>
  <dimen name="sb_px_20">16.94sp</dimen>
  <dimen name="sb_px_21">17.79sp</dimen>
  <dimen name="sb_px_22">18.64sp</dimen>
  <dimen name="sb_px_23">19.49sp</dimen>
  <dimen name="sb_px_24">20.33sp</dimen>
  <dimen name="sb_px_25">21.18sp</dimen>
  <dimen name="sb_px_26">22.03sp</dimen>
  <dimen name="sb_px_27">22.88sp</dimen>
  <dimen name="sb_px_28">23.72sp</dimen>
  <dimen name="sb_px_29">24.57sp</dimen>
  <dimen name="sb_px_30">25.42sp</dimen>
  <dimen name="sb_px_31">26.26sp</dimen>
  <dimen name="sb_px_32">27.11sp</dimen>
  <dimen name="sb_px_33">27.96sp</dimen>
  <dimen name="sb_px_34">28.81sp</dimen>
  <dimen name="sb_px_35">29.65sp</dimen>
  <dimen name="sb_px_36">30.50sp</dimen>
  <dimen name="sb_px_37">31.35sp</dimen>
  <dimen name="sb_px_38">32.19sp</dimen>
  <dimen name="sb_px_39">33.04sp</dimen>
  <dimen name="sb_px_40">33.89sp</dimen>
  <dimen name="sb_px_41">34.74sp</dimen>
  <dimen name="sb_px_42">35.58sp</dimen>
  <dimen name="sb_px_43">36.43sp</dimen>
  <dimen name="sb_px_44">37.28sp</dimen>
  <dimen name="sb_px_45">38.13sp</dimen>
  <dimen name="sb_px_46">38.97sp</dimen>
  <dimen name="sb_px_47">39.82sp</dimen>
  <dimen name="sb_px_48">40.67sp</dimen>
  <dimen name="sb_px_49">41.51sp</dimen>
  <dimen name="sb_px_50">42.36sp</dimen>
  <dimen name="sb_px_51">43.21sp</dimen>
  <dimen name="sb_px_52">44.06sp</dimen>
  <dimen name="sb_px_53">44.90sp</dimen>
  <dimen name="sb_px_54">45.75sp</dimen>
  <dimen name="sb_px_55">46.60sp</dimen>
  <dimen name="sb_px_56">47.44sp</dimen>
  <dimen name="sb_px_57">48.29sp</dimen>
  <dimen name="sb_px_58">49.14sp</dimen>
  <dimen name="sb_px_59">49.99sp</dimen>
  <dimen name="sb_px_60">50.83sp</dimen>
  <dimen name="sb_px_61">51.68sp</dimen>
  <dimen name="sb_px_62">52.53sp</dimen>
  <dimen name="sb_px_63">53.38sp</dimen>
  <dimen name="sb_px_64">54.22sp</dimen>
  <dimen name="sb_px_65">55.07sp</dimen>
  <dimen name="sb_px_66">55.92sp</dimen>
  <dimen name="sb_px_67">56.76sp</dimen>
  <dimen name="sb_px_68">57.61sp</dimen>
  <dimen name="sb_px_69">58.46sp</dimen>
  <dimen name="sb_px_70">59.31sp</dimen>
  <dimen name="sb_px_71">60.15sp</dimen>
  <dimen name="sb_px_72">61.00sp</dimen>
  <dimen name="sb_px_73">61.85sp</dimen>
  <dimen name="sb_px_74">62.69sp</dimen>
  <dimen name="sb_px_75">63.54sp</dimen>
  <dimen name="sb_px_76">64.39sp</dimen>
  <dimen name="sb_px_77">65.24sp</dimen>
  <dimen name="sb_px_78">66.08sp</dimen>
  <dimen name="sb_px_79">66.93sp</dimen>
  <dimen name="sb_px_80">67.78sp</dimen>
  <dimen name="sb_px_81">68.63sp</dimen>
  <dimen name="sb_px_82">69.47sp</dimen>
  <dimen name="sb_px_83">70.32sp</dimen>
  <dimen name="sb_px_84">71.17sp</dimen>
  <dimen name="sb_px_85">72.01sp</dimen>
  <dimen name="sb_px_86">72.86sp</dimen>
  <dimen name="sb_px_87">73.71sp</dimen>
  <dimen name="sb_px_88">74.56sp</dimen>
  <dimen name="sb_px_89">75.40sp</dimen>
  <dimen name="sb_px_90">76.25sp</dimen>
  <dimen name="sb_px_91">77.10sp</dimen>
  <dimen name="sb_px_92">77.94sp</dimen>
  <dimen name="sb_px_93">78.79sp</dimen>
  <dimen name="sb_px_94">79.64sp</dimen>
  <dimen name="sb_px_95">80.49sp</dimen>
  <dimen name="sb_px_96">81.33sp</dimen>
  <dimen name="sb_px_97">82.18sp</dimen>
  <dimen name="sb_px_98">83.03sp</dimen>
  <dimen name="sb_px_99">83.88sp</dimen>
  <dimen name="sb_px_100">84.72sp</dimen>
</resources>
